add_area 23001862 'tankarinjarvi'  (2935,8) (2930,14) (2929,18) (2926,22) (2927,26) (2930,27) (2933,26) (2938,23) (2946,21) (2952,18) (2952,9) (2941,8) (2938,7) (2935,8)
add_area 23001881 'kalliojarvi'  (3415,430) (3419,432) (3429,427) (3430,422) (3432,418) (3432,414) (3435,408) (3435,403) (3440,394) (3436,393) (3432,395) (3429,393) (3423,395) (3420,395) (3418,397) (3416,405) (3405,419) (3392,429) (3390,430) (3391,431) (3390,435) (3394,437) (3400,436) (3407,432) (3415,430)
add_area 23001884 'palojarvi'  (3133,594) (3131,597) (3128,599) (3131,603) (3134,606) (3145,599) (3154,593) (3158,589) (3172,580) (3183,578) (3185,576) (3191,574) (3196,571) (3204,567) (3210,570) (3211,568) (3213,565) (3213,562) (3225,551) (3245,539) (3248,538) (3252,536) (3257,528) (3256,526) (3254,525) (3245,534) (3231,544) (3224,550) (3217,553) (3210,556) (3207,560) (3205,560) (3203,559) (3202,557) (3204,554) (3204,550) (3201,548) (3199,544) (3202,538) (3202,533) (3199,534) (3193,542) (3187,549) (3177,555) (3174,558) (3171,565) (3163,570) (3159,575) (3157,581) (3154,582) (3149,583) (3144,586) (3135,593) (3133,594)
add_area 23001908 'kalliojarvi'  (3182,1109) (3163,1120) (3160,1131) (3153,1147) (3147,1155) (3146,1162) (3147,1163) (3151,1161) (3169,1142) (3171,1134) (3173,1134) (3177,1130) (3191,1110) (3191,1103) (3190,1102) (3185,1104) (3182,1109)
add_area 24327715 'iso kiimajarvi'  (4427,3593) (4422,3597) (4420,3600) (4420,3603) (4420,3609) (4419,3615) (4423,3618) (4424,3619) (4425,3624) (4425,3624) (4426,3622) (4431,3616) (4436,3610) (4440,3602) (4441,3599) (4441,3597) (4438,3596) (4435,3596) (4435,3592) (4439,3586) (4440,3584) (4438,3583) (4435,3583) (4431,3587) (4427,3593)
add_area 24327723 'kalliojarvi'  (4312,2959) (4323,2954) (4326,2955) (4335,2949) (4350,2932) (4370,2921) (4373,2914) (4378,2910) (4384,2898) (4384,2892) (4380,2891) (4359,2903) (4355,2902) (4349,2904) (4345,2910) (4341,2913) (4338,2919) (4319,2943) (4313,2953) (4296,2971) (4292,2976) (4270,2992) (4265,3000) (4258,3008) (4259,3012) (4253,3021) (4250,3027) (4239,3031) (4236,3032) (4234,3034) (4236,3037) (4248,3038) (4259,3028) (4266,3019) (4285,3002) (4296,2979) (4298,2973) (4306,2965) (4312,2959)
add_area 24394089 'salusjarvi'  (5023,4431) (5017,4432) (5008,4440) (5007,4445) (5002,4447) (5000,4457) (4995,4465) (4994,4471) (4996,4477) (4993,4484) (4988,4494) (4984,4497) (4981,4491) (4977,4491) (4972,4495) (4960,4511) (4960,4515) (4965,4514) (4965,4516) (4956,4525) (4953,4523) (4955,4518) (4957,4515) (4952,4515) (4951,4512) (4946,4513) (4943,4518) (4943,4524) (4943,4539) (4942,4553) (4939,4557) (4942,4576) (4942,4587) (4944,4609) (4948,4609) (4949,4614) (4979,4614) (4982,4602) (4985,4598) (4986,4593) (4992,4587) (4996,4581) (4997,4575) (5000,4570) (5004,4564) (5009,4553) (5007,4547) (5002,4546) (5000,4538) (4996,4536) (4992,4540) (4989,4539) (4991,4536) (4995,4534) (4997,4530) (5007,4523) (5012,4522) (5015,4518) (5017,4510) (5015,4507) (5008,4504) (5005,4504) (4998,4509) (4996,4508) (4995,4503) (4993,4501) (4998,4489) (5005,4481) (5003,4472) (5004,4469) (5008,4465) (5010,4454) (5014,4447) (5024,4433) (5023,4431)
add_area 24394124 '-'  (4892,4602) (4888,4601) (4889,4597) (4898,4586) (4897,4581) (4894,4580) (4896,4571) (4903,4564) (4907,4540) (4902,4537) (4898,4539) (4896,4537) (4887,4537) (4879,4544) (4875,4549) (4872,4563) (4865,4570) (4868,4580) (4857,4591) (4855,4591) (4857,4574) (4855,4567) (4868,4522) (4875,4509) (4886,4493) (4896,4488) (4899,4484) (4920,4475) (4921,4472) (4916,4468) (4906,4469) (4897,4444) (4879,4467) (4875,4488) (4864,4503) (4859,4516) (4849,4520) (4848,4517) (4855,4505) (4855,4501) (4847,4503) (4842,4501) (4840,4498) (4834,4502) (4839,4520) (4837,4534) (4828,4553) (4828,4560) (4832,4564) (4832,4579) (4839,4595) (4838,4605) (4841,4605) (4849,4596) (4856,4593) (4877,4613) (4884,4611) (4892,4603) (4901,4609) (4899,4614) (4937,4614) (4938,4576) (4935,4567) (4931,4565) (4932,4542) (4921,4546) (4911,4565) (4912,4576) (4907,4583) (4906,4591) (4892,4602)
add_area 24394183 'latojarvi'  (4726,4412) (4725,4431) (4731,4436) (4732,4442) (4737,4454) (4746,4458) (4746,4470) (4747,4475) (4747,4484) (4748,4491) (4746,4495) (4745,4500) (4746,4502) (4752,4501) (4755,4502) (4764,4500) (4770,4497) (4779,4493) (4788,4486) (4789,4481) (4786,4473) (4782,4467) (4781,4458) (4775,4447) (4770,4427) (4769,4416) (4763,4411) (4758,4409) (4755,4406) (4749,4403) (4744,4402) (4744,4398) (4731,4396) (4730,4397) (4727,4396) (4726,4397) (4727,4399) (4724,4401) (4723,4400) (4722,4400) (4721,4402) (4726,4412)
add_area 24626240 'iso leppisalo'  (3851,709) (3856,708) (3860,705) (3863,704) (3867,700) (3868,692) (3870,689) (3880,683) (3881,685) (3887,681) (3892,675) (3896,671) (3900,669) (3901,670) (3904,666) (3905,662) (3906,662) (3908,665) (3912,666) (3916,656) (3916,654) (3913,654) (3912,650) (3905,649) (3898,650) (3895,652) (3887,651) (3885,649) (3881,649) (3880,646) (3876,650) (3865,653) (3856,654) (3850,652) (3845,652) (3841,655) (3837,660) (3824,669) (3829,685) (3825,689) (3826,691) (3829,691) (3831,693) (3830,695) (3829,697) (3830,700) (3834,700) (3835,702) (3850,703) (3849,707) (3851,709)
add_area 24626241 'vaha leppisalo'  (3814,655) (3813,655) (3811,657) (3809,658) (3810,660) (3808,665) (3809,667) (3810,669) (3807,671) (3807,673) (3811,673) (3813,672) (3815,669) (3814,667) (3816,665) (3819,662) (3823,661) (3830,657) (3831,654) (3828,653) (3829,651) (3828,651) (3827,651) (3820,652) (3819,653) (3816,654) (3814,655)
add_area 24681881 'majasaari'  (797,3234) (794,3235) (784,3239) (781,3239) (777,3242) (776,3247) (766,3257) (765,3260) (769,3263) (775,3262) (778,3263) (781,3263) (793,3254) (795,3249) (795,3247) (799,3240) (798,3237) (797,3234)
add_area 24681888 'vuohisaari'  (816,3213) (822,3212) (826,3214) (832,3218) (833,3220) (839,3223) (838,3225) (838,3229) (840,3230) (841,3230) (845,3223) (848,3219) (846,3218) (848,3214) (851,3207) (847,3195) (836,3184) (826,3184) (821,3186) (816,3187) (820,3189) (819,3191) (809,3207) (809,3211) (814,3210) (816,3213)
add_area 25057371 'moyrysaari'  (4441,2250) (4442,2246) (4441,2246) (4437,2247) (4435,2246) (4431,2247) (4428,2246) (4428,2243) (4420,2241) (4416,2241) (4413,2240) (4411,2240) (4408,2242) (4406,2242) (4404,2243) (4405,2246) (4404,2248) (4402,2250) (4400,2252) (4400,2253) (4398,2255) (4393,2256) (4391,2254) (4387,2254) (4385,2255) (4381,2263) (4381,2270) (4384,2270) (4387,2269) (4391,2270) (4393,2276) (4397,2282) (4400,2282) (4410,2278) (4415,2274) (4425,2273) (4431,2261) (4433,2260) (4436,2254) (4441,2250)
add_area 25057403 'salonsaari'  (4312,2242) (4306,2242) (4302,2243) (4301,2241) (4304,2238) (4302,2237) (4303,2235) (4303,2232) (4295,2232) (4286,2234) (4280,2243) (4278,2243) (4275,2246) (4271,2254) (4267,2257) (4264,2264) (4263,2273) (4256,2280) (4248,2285) (4235,2301) (4230,2320) (4231,2324) (4229,2329) (4245,2322) (4246,2320) (4244,2319) (4244,2308) (4252,2296) (4266,2294) (4269,2297) (4281,2295) (4292,2287) (4296,2282) (4297,2278) (4304,2267) (4306,2262) (4311,2254) (4311,2252) (4316,2244) (4312,2242)
add_area 25057530 'ullikkajarvi'  (4765,2212) (4760,2223) (4759,2228) (4760,2233) (4759,2240) (4752,2248) (4741,2254) (4739,2256) (4739,2259) (4741,2261) (4738,2272) (4736,2276) (4736,2279) (4740,2281) (4740,2283) (4743,2288) (4748,2292) (4753,2291) (4762,2295) (4764,2292) (4764,2289) (4766,2288) (4769,2285) (4770,2279) (4776,2275) (4778,2273) (4779,2265) (4779,2261) (4777,2261) (4774,2254) (4771,2249) (4770,2246) (4767,2245) (4764,2239) (4776,2217) (4777,2211) (4777,2206) (4775,2204) (4770,2204) (4767,2208) (4765,2212)
add_area 25057535 'jaminkisaari'  (4677,2529) (4676,2534) (4677,2538) (4673,2542) (4674,2543) (4679,2538) (4685,2535) (4688,2537) (4688,2539) (4689,2542) (4692,2542) (4698,2541) (4702,2539) (4708,2534) (4711,2528) (4714,2524) (4718,2519) (4719,2513) (4719,2509) (4719,2506) (4721,2503) (4724,2501) (4724,2498) (4724,2496) (4728,2493) (4729,2491) (4731,2487) (4730,2484) (4731,2481) (4733,2478) (4733,2476) (4728,2479) (4723,2481) (4718,2484) (4715,2487) (4707,2493) (4704,2497) (4702,2502) (4700,2504) (4695,2507) (4677,2529)
add_area 25058044 'haapasaari'  (4651,3214) (4647,3210) (4648,3208) (4641,3204) (4642,3195) (4645,3186) (4645,3184) (4628,3208) (4609,3217) (4608,3221) (4602,3223) (4602,3224) (4608,3223) (4614,3240) (4619,3240) (4627,3237) (4632,3229) (4649,3218) (4651,3214)
add_area 25058077 'sotkansaari'  (5057,3700) (5032,3704) (5018,3714) (5006,3719) (5002,3719) (4992,3726) (4989,3727) (4990,3722) (4988,3722) (4987,3720) (4978,3722) (4974,3726) (4961,3726) (4950,3728) (4940,3735) (4930,3728) (4906,3743) (4896,3747) (4888,3753) (4884,3758) (4886,3766) (4901,3770) (4924,3755) (4928,3755) (4928,3757) (4924,3762) (4926,3765) (4925,3767) (4940,3766) (4947,3757) (4954,3757) (4954,3760) (4981,3757) (4992,3748) (5005,3743) (5008,3745) (5010,3743) (5016,3745) (5018,3747) (5014,3754) (5026,3755) (5031,3751) (5032,3748) (5036,3746) (5040,3737) (5044,3736) (5046,3730) (5053,3730) (5057,3728) (5059,3726) (5062,3726) (5063,3714) (5062,3711) (5060,3713) (5058,3712) (5059,3708) (5063,3705) (5061,3700) (5057,3700)
add_area 25059352 'pohtionjarvi'  (3676,3812) (3675,3816) (3676,3819) (3681,3817) (3682,3818) (3682,3830) (3684,3830) (3685,3829) (3688,3825) (3685,3817) (3687,3815) (3687,3812) (3695,3803) (3694,3799) (3710,3781) (3712,3777) (3711,3774) (3713,3771) (3713,3766) (3720,3756) (3722,3750) (3722,3748) (3719,3748) (3715,3752) (3711,3759) (3710,3762) (3707,3767) (3704,3773) (3699,3777) (3696,3784) (3690,3789) (3678,3804) (3675,3807) (3669,3809) (3661,3816) (3658,3816) (3651,3820) (3649,3822) (3647,3827) (3647,3828) (3651,3828) (3653,3827) (3658,3825) (3663,3821) (3668,3816) (3671,3815) (3674,3812) (3676,3812)
add_area 25059364 '-'  (3460,3782) (3477,3770) (3488,3765) (3480,3765) (3479,3761) (3485,3756) (3496,3755) (3511,3749) (3519,3750) (3520,3748) (3519,3743) (3513,3744) (3512,3742) (3504,3739) (3509,3736) (3515,3738) (3521,3733) (3526,3734) (3541,3725) (3542,3719) (3559,3709) (3558,3703) (3561,3701) (3571,3700) (3579,3695) (3561,3695) (3555,3690) (3550,3692) (3531,3703) (3524,3704) (3511,3717) (3494,3726) (3486,3727) (3447,3744) (3444,3747) (3439,3749) (3439,3747) (3447,3738) (3442,3738) (3421,3747) (3420,3750) (3414,3751) (3390,3765) (3389,3762) (3370,3763) (3364,3766) (3330,3774) (3325,3776) (3324,3780) (3326,3782) (3332,3778) (3339,3782) (3334,3789) (3334,3791) (3339,3791) (3351,3782) (3359,3783) (3360,3778) (3366,3779) (3372,3776) (3376,3769) (3396,3772) (3403,3770) (3413,3771) (3410,3777) (3417,3781) (3417,3784) (3405,3792) (3460,3782)
add_area 25096104 'vaskunjarvi'  (5219,1922) (5221,1929) (5234,1932) (5240,1929) (5255,1932) (5257,1931) (5250,1905) (5244,1892) (5244,1884) (5247,1877) (5243,1873) (5235,1874) (5231,1863) (5232,1856) (5240,1838) (5239,1832) (5242,1826) (5252,1816) (5263,1799) (5258,1796) (5250,1794) (5239,1811) (5221,1838) (5211,1845) (5211,1858) (5214,1862) (5209,1872) (5206,1888) (5210,1893) (5209,1897) (5215,1905) (5221,1904) (5222,1910) (5222,1915) (5219,1922)
add_area 25211822 'frantsinlammi'  (5471,96) (5462,100) (5453,100) (5451,98) (5450,95) (5446,94) (5441,91) (5436,90) (5428,95) (5423,106) (5422,110) (5425,113) (5425,118) (5429,126) (5434,131) (5432,135) (5420,150) (5418,153) (5429,152) (5435,141) (5440,136) (5447,133) (5452,134) (5457,133) (5460,140) (5463,141) (5465,141) (5467,139) (5469,135) (5468,133) (5471,123) (5469,115) (5470,113) (5473,111) (5474,111) (5476,111) (5477,109) (5480,108) (5482,109) (5487,104) (5488,105) (5485,107) (5485,110) (5486,111) (5490,108) (5495,106) (5497,103) (5496,102) (5495,100) (5496,98) (5494,97) (5491,97) (5489,96) (5490,94) (5487,90) (5477,90) (5471,96)
add_area 25211823 '-'  (5404,182) (5405,178) (5406,174) (5406,173) (5407,169) (5408,169) (5407,169) (5405,172) (5401,177) (5399,180) (5396,184) (5395,186) (5393,187) (5391,190) (5390,191) (5388,191) (5387,191) (5386,192) (5386,193) (5386,194) (5385,199) (5384,206) (5385,208) (5387,210) (5389,214) (5389,218) (5391,217) (5393,218) (5398,215) (5401,213) (5406,206) (5406,203) (5405,203) (5405,201) (5404,201) (5402,197) (5406,192) (5405,190) (5404,188) (5403,186) (5404,182)
add_area 25211826 'etelajarvi'  (4897,294) (4893,298) (4888,302) (4886,308) (4885,313) (4887,314) (4889,314) (4893,321) (4890,330) (4893,333) (4901,335) (4910,331) (4919,326) (4925,318) (4928,311) (4928,308) (4923,306) (4917,310) (4912,303) (4910,297) (4905,293) (4897,294)
add_area 25211833 'valkeajarvi'  (5225,441) (5220,446) (5215,449) (5207,452) (5200,456) (5197,457) (5192,459) (5186,461) (5178,465) (5168,469) (5163,469) (5158,468) (5151,465) (5146,465) (5135,469) (5130,470) (5130,469) (5123,471) (5121,469) (5119,470) (5112,469) (5105,470) (5098,472) (5092,476) (5093,477) (5091,478) (5089,478) (5085,481) (5096,481) (5096,482) (5104,483) (5105,484) (5106,487) (5111,489) (5114,489) (5116,489) (5124,485) (5131,481) (5139,480) (5150,476) (5162,471) (5170,477) (5179,478) (5189,474) (5198,474) (5206,471) (5211,468) (5212,467) (5218,464) (5219,463) (5220,462) (5221,461) (5223,458) (5228,452) (5231,448) (5232,446) (5239,442) (5233,441) (5232,439) (5225,441)
add_area 25211834 'vaha-valkeajarvi'  (5128,439) (5121,439) (5116,440) (5110,446) (5102,450) (5100,452) (5101,456) (5104,457) (5113,454) (5114,454) (5117,453) (5125,451) (5127,450) (5129,449) (5133,448) (5144,438) (5144,436) (5140,435) (5128,439)
add_area 25211838 'sarkijarvi'  (5412,391) (5407,390) (5405,392) (5403,398) (5403,405) (5401,408) (5400,412) (5404,413) (5405,421) (5411,422) (5413,429) (5416,432) (5418,431) (5422,424) (5426,406) (5425,400) (5421,393) (5412,391)
add_area 25211867 'vuohisaari'  (6077,276) (6080,286) (6084,290) (6097,286) (6100,283) (6102,274) (6096,269) (6081,272) (6077,276)
add_area 25212521 'ohistonlampi'  (1474,799) (1466,799) (1462,800) (1457,808) (1451,813) (1447,820) (1444,820) (1444,818) (1442,817) (1441,812) (1438,809) (1439,806) (1434,806) (1429,809) (1420,812) (1413,811) (1404,814) (1394,814) (1392,810) (1388,810) (1382,814) (1377,813) (1376,814) (1376,815) (1380,817) (1382,817) (1387,821) (1387,826) (1390,830) (1392,829) (1395,830) (1401,828) (1403,828) (1403,831) (1397,835) (1398,837) (1404,834) (1410,834) (1416,834) (1421,833) (1431,828) (1439,828) (1442,830) (1446,844) (1444,851) (1441,854) (1439,858) (1432,868) (1431,871) (1421,883) (1421,887) (1419,891) (1419,894) (1423,895) (1427,892) (1432,892) (1437,887) (1440,885) (1441,887) (1445,887) (1448,881) (1444,873) (1437,868) (1437,865) (1439,861) (1447,855) (1454,844) (1455,844) (1454,849) (1457,850) (1460,848) (1466,841) (1476,831) (1479,826) (1478,818) (1480,811) (1477,811) (1478,808) (1477,808) (1474,799)
add_area 25299924 'rikalanlammi'  (4232,763) (4237,757) (4237,753) (4240,747) (4237,746) (4235,744) (4236,740) (4232,741) (4219,754) (4215,762) (4212,773) (4209,777) (4201,782) (4203,783) (4207,787) (4210,787) (4216,781) (4218,780) (4220,776) (4232,763)
add_area 25299953 'kurjenjarvi'  (4573,679) (4579,674) (4588,667) (4599,653) (4612,640) (4618,633) (4632,622) (4636,618) (4638,613) (4641,606) (4644,598) (4643,597) (4645,595) (4647,595) (4648,592) (4645,591) (4638,599) (4632,605) (4620,606) (4607,610) (4602,615) (4598,618) (4594,619) (4589,624) (4572,634) (4569,641) (4570,647) (4576,654) (4578,655) (4577,658) (4570,665) (4562,670) (4558,671) (4550,675) (4545,677) (4540,680) (4536,685) (4536,688) (4540,689) (4547,683) (4554,681) (4557,683) (4560,681) (4562,682) (4561,683) (4562,684) (4565,683) (4573,679)
add_area 25300085 'raatosaari'  (3430,1165) (3429,1165) (3428,1165) (3428,1165) (3427,1165) (3427,1165) (3426,1166) (3426,1166) (3425,1166) (3424,1166) (3424,1167) (3424,1167) (3423,1167) (3423,1167) (3423,1167) (3423,1167) (3422,1167) (3422,1168) (3422,1168) (3422,1168) (3422,1169) (3422,1169) (3422,1170) (3422,1170) (3423,1170) (3423,1171) (3423,1171) (3424,1172) (3423,1173) (3424,1173) (3424,1174) (3424,1173) (3424,1173) (3425,1172) (3426,1172) (3427,1170) (3428,1168) (3429,1166) (3430,1166) (3430,1165)
add_area 25300127 'karkisaari'  (4572,1604) (4575,1601) (4575,1600) (4571,1603) (4569,1602) (4572,1599) (4575,1590) (4575,1588) (4578,1586) (4578,1584) (4578,1579) (4575,1575) (4570,1575) (4568,1578) (4560,1582) (4556,1590) (4560,1597) (4567,1599) (4567,1602) (4560,1604) (4553,1608) (4550,1613) (4543,1616) (4541,1618) (4541,1622) (4537,1630) (4536,1637) (4539,1638) (4538,1641) (4536,1641) (4528,1646) (4522,1654) (4520,1656) (4519,1663) (4517,1664) (4514,1671) (4515,1672) (4519,1668) (4520,1670) (4512,1680) (4511,1679) (4513,1676) (4512,1674) (4509,1677) (4509,1680) (4507,1683) (4500,1688) (4499,1697) (4501,1694) (4505,1695) (4502,1703) (4499,1706) (4498,1712) (4504,1713) (4508,1712) (4507,1714) (4507,1716) (4517,1707) (4515,1704) (4513,1705) (4512,1704) (4516,1700) (4516,1697) (4520,1692) (4532,1684) (4541,1674) (4551,1666) (4558,1657) (4559,1649) (4562,1647) (4565,1638) (4571,1622) (4568,1616) (4568,1610) (4571,1608) (4572,1604)
add_area 25300133 'jaakonsaari'  (4538,1730) (4534,1735) (4534,1738) (4530,1741) (4529,1742) (4527,1738) (4525,1737) (4523,1737) (4521,1733) (4517,1727) (4517,1725) (4520,1724) (4522,1721) (4522,1721) (4519,1722) (4514,1721) (4516,1719) (4515,1718) (4513,1720) (4511,1720) (4509,1721) (4509,1726) (4504,1734) (4508,1739) (4507,1743) (4508,1747) (4500,1762) (4504,1762) (4506,1765) (4505,1769) (4508,1770) (4510,1778) (4518,1782) (4518,1784) (4521,1781) (4523,1783) (4526,1774) (4533,1769) (4541,1760) (4541,1756) (4550,1745) (4551,1734) (4545,1730) (4549,1725) (4547,1724) (4538,1730)
add_area 25300139 'hirsisaari'  (4523,1809) (4513,1820) (4508,1821) (4508,1823) (4502,1830) (4491,1840) (4489,1841) (4482,1847) (4475,1856) (4478,1857) (4478,1859) (4479,1859) (4482,1856) (4488,1851) (4494,1844) (4497,1843) (4498,1845) (4497,1848) (4503,1851) (4505,1854) (4505,1861) (4507,1863) (4519,1860) (4530,1854) (4542,1840) (4542,1836) (4540,1836) (4539,1830) (4542,1822) (4546,1821) (4547,1819) (4545,1819) (4546,1814) (4548,1813) (4549,1810) (4548,1809) (4546,1810) (4545,1806) (4543,1807) (4541,1805) (4539,1806) (4537,1804) (4537,1800) (4537,1795) (4536,1797) (4533,1799) (4523,1809)
add_area 25300563 'ripakkasaari'  (2756,4539) (2762,4538) (2770,4547) (2769,4552) (2767,4556) (2768,4560) (2767,4563) (2764,4564) (2757,4561) (2751,4561) (2744,4569) (2742,4575) (2747,4577) (2746,4580) (2751,4586) (2756,4585) (2756,4594) (2765,4592) (2766,4593) (2774,4589) (2779,4592) (2785,4590) (2792,4590) (2792,4596) (2797,4594) (2799,4592) (2797,4590) (2797,4585) (2793,4585) (2792,4583) (2795,4576) (2790,4575) (2792,4568) (2798,4566) (2808,4557) (2799,4555) (2804,4548) (2803,4546) (2797,4552) (2793,4552) (2792,4549) (2796,4542) (2794,4536) (2799,4531) (2800,4528) (2810,4517) (2812,4512) (2800,4501) (2793,4498) (2790,4495) (2784,4494) (2779,4492) (2780,4486) (2768,4490) (2758,4486) (2743,4491) (2726,4506) (2720,4507) (2710,4524) (2709,4528) (2716,4532) (2717,4534) (2729,4535) (2740,4535) (2743,4530) (2749,4530) (2754,4533) (2751,4537) (2756,4539)
add_area 25300569 'isosaari'  (3201,4476) (3201,4474) (3197,4475) (3197,4475) (3189,4476) (3184,4480) (3183,4484) (3182,4489) (3180,4491) (3175,4503) (3174,4508) (3171,4510) (3170,4513) (3166,4513) (3167,4514) (3152,4530) (3154,4536) (3150,4540) (3148,4542) (3144,4546) (3146,4548) (3149,4548) (3148,4550) (3152,4551) (3157,4548) (3164,4540) (3174,4536) (3174,4539) (3171,4543) (3168,4547) (3170,4549) (3169,4550) (3166,4551) (3159,4556) (3160,4559) (3167,4557) (3158,4564) (3151,4568) (3150,4571) (3144,4578) (3144,4580) (3157,4574) (3167,4570) (3170,4566) (3169,4559) (3176,4553) (3173,4552) (3173,4550) (3176,4547) (3176,4542) (3183,4535) (3184,4533) (3180,4532) (3182,4525) (3190,4520) (3198,4510) (3210,4504) (3211,4500) (3210,4494) (3199,4490) (3193,4491) (3192,4484) (3195,4483) (3201,4476)
add_area 25300571 'majasaari'  (3199,4600) (3201,4601) (3199,4604) (3211,4602) (3221,4598) (3226,4593) (3228,4586) (3231,4582) (3215,4575) (3208,4577) (3205,4581) (3200,4582) (3200,4585) (3201,4588) (3198,4594) (3195,4596) (3195,4601) (3199,4600)
add_area 25300755 'teerisaari'  (4621,4404) (4619,4403) (4617,4402) (4614,4401) (4614,4399) (4612,4398) (4611,4397) (4610,4396) (4611,4393) (4612,4390) (4612,4388) (4612,4388) (4604,4392) (4601,4392) (4600,4393) (4600,4396) (4598,4398) (4594,4401) (4593,4403) (4590,4405) (4588,4407) (4587,4408) (4588,4409) (4588,4410) (4585,4415) (4581,4418) (4578,4419) (4577,4423) (4573,4426) (4570,4428) (4565,4428) (4561,4433) (4558,4433) (4553,4438) (4552,4442) (4556,4443) (4565,4438) (4573,4441) (4580,4448) (4581,4461) (4577,4469) (4579,4472) (4576,4478) (4578,4485) (4585,4487) (4589,4487) (4598,4490) (4602,4488) (4608,4483) (4608,4476) (4610,4472) (4614,4468) (4613,4462) (4601,4457) (4600,4451) (4597,4450) (4593,4452) (4591,4450) (4593,4446) (4608,4441) (4616,4444) (4619,4450) (4624,4448) (4629,4442) (4630,4438) (4632,4437) (4636,4429) (4635,4421) (4628,4419) (4627,4418) (4626,4417) (4626,4414) (4625,4409) (4624,4408) (4631,4403) (4631,4402) (4624,4407) (4623,4406) (4621,4404)
add_area 25331891 'taipaleenlammi'  (5112,2415) (5127,2409) (5134,2403) (5138,2393) (5141,2388) (5138,2385) (5132,2381) (5128,2383) (5125,2383) (5123,2384) (5118,2389) (5115,2393) (5103,2408) (5098,2412) (5091,2415) (5084,2419) (5082,2425) (5085,2426) (5095,2424) (5112,2415)
add_area 25331993 'haaralammi'  (5461,2366) (5461,2371) (5463,2375) (5473,2367) (5476,2358) (5477,2356) (5476,2356) (5472,2359) (5471,2358) (5464,2363) (5461,2366)
add_area 25385054 'sipiria'  (4277,4509) (4321,4453) (4320,4439) (4335,4415) (4340,4415) (4338,4409) (4346,4392) (4348,4374) (4366,4379) (4381,4370) (4388,4388) (4383,4393) (4397,4393) (4403,4390) (4404,4379) (4408,4375) (4423,4381) (4430,4375) (4435,4356) (4417,4355) (4417,4347) (4394,4346) (4378,4351) (4414,4326) (4408,4320) (4411,4309) (4406,4303) (4401,4300) (4388,4302) (4388,4298) (4383,4300) (4383,4298) (4367,4300) (4363,4303) (4360,4316) (4344,4330) (4323,4331) (4307,4345) (4293,4349) (4283,4360) (4251,4371) (4235,4381) (4206,4408) (4206,4419) (4212,4418) (4219,4439) (4214,4446) (4219,4446) (4212,4454) (4232,4457) (4221,4471) (4239,4466) (4244,4461) (4251,4464) (4248,4475) (4214,4505) (4216,4514) (4231,4523) (4251,4528) (4255,4521) (4256,4509) (4262,4502) (4266,4500) (4277,4509)
add_area 25385107 'pajujarvi'  (4040,4304) (4044,4304) (4048,4303) (4053,4297) (4055,4289) (4051,4286) (4033,4290) (4025,4289) (4021,4294) (4015,4298) (4010,4304) (4010,4311) (4015,4315) (4040,4304)
add_area 25550002 'ylainen talluslammi'  (5528,2478) (5524,2476) (5521,2478) (5515,2494) (5508,2505) (5504,2517) (5502,2525) (5497,2535) (5499,2537) (5510,2523) (5516,2520) (5520,2513) (5517,2504) (5528,2478)
add_area 25550007 'alainen talluslammi'  (5506,2654) (5500,2650) (5502,2644) (5502,2639) (5504,2631) (5497,2621) (5494,2621) (5491,2622) (5488,2625) (5485,2631) (5486,2634) (5478,2647) (5480,2656) (5479,2661) (5477,2665) (5477,2669) (5474,2673) (5473,2677) (5475,2681) (5472,2686) (5469,2689) (5465,2694) (5464,2697) (5462,2699) (5460,2703) (5450,2714) (5450,2720) (5450,2730) (5452,2732) (5456,2733) (5460,2731) (5459,2728) (5460,2722) (5460,2717) (5463,2711) (5468,2702) (5474,2694) (5481,2687) (5496,2676) (5502,2671) (5500,2666) (5501,2662) (5505,2659) (5505,2657) (5506,2654)
add_area 25550024 'pirttijarvi'  (5882,1880) (5891,1877) (5905,1867) (5915,1861) (5920,1859) (5926,1853) (5923,1853) (5918,1851) (5905,1852) (5894,1859) (5892,1862) (5880,1868) (5877,1868) (5867,1876) (5858,1877) (5855,1875) (5852,1875) (5851,1872) (5841,1876) (5841,1877) (5837,1883) (5836,1887) (5840,1891) (5842,1896) (5844,1897) (5852,1898) (5876,1887) (5882,1880)
add_area 25566728 'puukkolammit'  (5738,2082) (5738,2077) (5739,2073) (5737,2073) (5728,2082) (5725,2085) (5718,2089) (5715,2093) (5716,2096) (5717,2098) (5720,2098) (5724,2095) (5730,2089) (5735,2085) (5738,2082)
add_area 25566738 'ykspetaja'  (5027,2318) (5023,2315) (5021,2318) (5015,2321) (5017,2326) (5022,2323) (5026,2321) (5029,2321) (5030,2322) (5028,2324) (5028,2325) (5035,2322) (5034,2320) (5032,2320) (5030,2317) (5027,2318)
add_area 25566760 'sarvananjarvi'  (4301,1940) (4301,1935) (4300,1930) (4296,1928) (4292,1931) (4284,1939) (4279,1949) (4270,1961) (4266,1967) (4258,1968) (4253,1966) (4245,1969) (4241,1969) (4236,1972) (4233,1971) (4228,1974) (4223,1982) (4217,1989) (4214,1997) (4213,2003) (4219,2010) (4216,2020) (4220,2020) (4223,2014) (4227,2011) (4229,2006) (4233,2003) (4235,2004) (4230,2011) (4228,2015) (4233,2015) (4236,2017) (4238,2017) (4243,2013) (4248,2011) (4255,2008) (4262,2005) (4263,2000) (4261,1999) (4262,1994) (4268,1986) (4272,1983) (4280,1981) (4284,1973) (4288,1968) (4297,1960) (4295,1955) (4300,1949) (4301,1940)
add_area 25601653 '-'  (4201,1514) (4195,1524) (4190,1535) (4190,1544) (4197,1543) (4204,1536) (4212,1535) (4218,1540) (4221,1533) (4226,1532) (4224,1523) (4229,1518) (4235,1518) (4239,1513) (4234,1503) (4226,1503) (4227,1497) (4221,1502) (4208,1509) (4201,1514)
add_area 25601686 'toltaansalo'  (3924,556) (3918,559) (3916,553) (3919,550) (3920,546) (3925,542) (3927,538) (3928,533) (3925,533) (3923,535) (3921,534) (3918,535) (3917,535) (3912,539) (3902,541) (3891,547) (3882,558) (3879,569) (3874,575) (3871,576) (3870,578) (3870,580) (3871,581) (3869,585) (3870,587) (3873,586) (3877,586) (3898,567) (3914,562) (3917,563) (3918,566) (3921,566) (3924,562) (3924,556)
add_area 25601721 'kirvessaari'  (3932,735) (3936,735) (3940,731) (3941,728) (3944,727) (3946,724) (3942,719) (3940,721) (3936,721) (3935,721) (3928,726) (3926,725) (3920,728) (3922,731) (3916,739) (3923,738) (3932,735)
add_area 27096790 'niinisaari'  (4495,2149) (4493,2151) (4487,2154) (4471,2178) (4469,2198) (4470,2205) (4462,2216) (4461,2224) (4464,2229) (4469,2230) (4464,2237) (4462,2244) (4469,2243) (4487,2222) (4489,2222) (4492,2220) (4491,2217) (4488,2219) (4480,2218) (4474,2221) (4472,2225) (4470,2224) (4473,2219) (4480,2216) (4490,2215) (4497,2211) (4498,2206) (4495,2204) (4502,2199) (4506,2194) (4502,2191) (4504,2184) (4487,2180) (4493,2170) (4496,2161) (4501,2158) (4503,2152) (4502,2149) (4495,2149)
add_area 27360329 'isosaari'  (6567,27) (6568,34) (6565,39) (6568,42) (6572,39) (6582,34) (6584,29) (6587,28) (6586,24) (6580,27) (6575,25) (6567,27)
add_area 27374830 'yltavanjarvi'  (5091,1739) (5063,1750) (5058,1758) (5059,1771) (5069,1773) (5074,1771) (5077,1773) (5083,1770) (5089,1769) (5095,1766) (5103,1754) (5104,1748) (5099,1748) (5099,1744) (5105,1739) (5105,1736) (5091,1739)
add_area 27374857 'isosaari'  (5060,1272) (5051,1272) (5045,1275) (5044,1279) (5039,1285) (5035,1290) (5035,1297) (5039,1300) (5042,1303) (5042,1306) (5044,1308) (5046,1309) (5047,1313) (5047,1316) (5048,1318) (5050,1312) (5051,1310) (5054,1308) (5058,1301) (5070,1277) (5070,1271) (5067,1273) (5066,1272) (5062,1272) (5060,1272)
add_area 27374869 'palosaari'  (4611,1655) (4609,1654) (4606,1656) (4603,1657) (4600,1652) (4595,1657) (4590,1667) (4587,1679) (4581,1681) (4578,1686) (4575,1693) (4577,1696) (4580,1694) (4583,1690) (4585,1691) (4589,1687) (4593,1684) (4593,1681) (4607,1668) (4614,1666) (4618,1657) (4619,1651) (4611,1655)
add_area 27374874 'ykspetaja'  (4658,1696) (4658,1698) (4656,1700) (4655,1703) (4654,1708) (4657,1708) (4654,1715) (4654,1716) (4657,1713) (4666,1706) (4669,1696) (4669,1693) (4666,1693) (4666,1692) (4663,1692) (4658,1696)
add_area 27374880 'haukkasaari'  (4598,1764) (4597,1766) (4594,1770) (4596,1771) (4595,1772) (4595,1774) (4590,1778) (4588,1782) (4593,1788) (4596,1786) (4599,1786) (4608,1778) (4612,1773) (4621,1766) (4622,1763) (4620,1761) (4614,1759) (4612,1754) (4609,1756) (4598,1764)
add_area 27374883 'janissaari'  (4603,1817) (4594,1830) (4591,1830) (4585,1824) (4581,1826) (4581,1823) (4578,1823) (4577,1821) (4576,1822) (4576,1824) (4573,1828) (4571,1831) (4574,1833) (4577,1830) (4580,1833) (4584,1833) (4584,1836) (4581,1839) (4580,1841) (4584,1841) (4584,1843) (4593,1843) (4599,1839) (4600,1835) (4598,1832) (4604,1825) (4609,1825) (4614,1821) (4617,1814) (4615,1812) (4603,1817)
add_area 27374892 'kirkkosaari'  (4508,1932) (4506,1933) (4504,1935) (4504,1935) (4506,1934) (4507,1934) (4506,1936) (4506,1937) (4507,1937) (4506,1939) (4505,1939) (4504,1940) (4505,1943) (4502,1947) (4498,1948) (4495,1952) (4492,1958) (4493,1959) (4492,1959) (4492,1961) (4498,1958) (4502,1957) (4505,1955) (4505,1954) (4508,1953) (4510,1953) (4515,1949) (4523,1941) (4526,1932) (4526,1928) (4512,1929) (4508,1932)
add_area 27374896 'lammassaari'  (4492,1911) (4491,1912) (4489,1912) (4488,1914) (4488,1916) (4486,1918) (4483,1919) (4477,1926) (4474,1932) (4475,1934) (4476,1939) (4478,1941) (4486,1936) (4490,1932) (4491,1928) (4491,1927) (4495,1917) (4493,1916) (4495,1913) (4496,1910) (4492,1911)
add_area 27374907 'pikku-kaitaset'  (4423,2016) (4421,2018) (4417,2022) (4415,2022) (4406,2032) (4408,2034) (4414,2034) (4415,2032) (4420,2029) (4424,2025) (4427,2025) (4431,2022) (4431,2019) (4430,2018) (4431,2014) (4423,2016)
add_area 27374908 'iso-kaitanen'  (4399,2050) (4397,2051) (4390,2058) (4389,2063) (4382,2070) (4381,2073) (4378,2075) (4366,2084) (4365,2088) (4376,2081) (4378,2082) (4395,2073) (4396,2071) (4394,2068) (4397,2059) (4402,2052) (4401,2051) (4403,2048) (4399,2050)
add_area 27374914 'joensuunsaari'  (4228,2346) (4224,2349) (4223,2354) (4223,2356) (4218,2358) (4215,2359) (4211,2360) (4207,2370) (4209,2371) (4211,2369) (4214,2370) (4216,2371) (4220,2371) (4221,2369) (4231,2363) (4238,2354) (4240,2348) (4238,2344) (4228,2346)
add_area 27374917 'ohrasaari'  (4279,2188) (4276,2193) (4274,2195) (4272,2195) (4264,2203) (4265,2209) (4262,2214) (4262,2216) (4268,2217) (4273,2216) (4274,2217) (4273,2218) (4274,2219) (4275,2221) (4277,2218) (4277,2216) (4275,2215) (4275,2213) (4279,2208) (4285,2203) (4291,2195) (4292,2187) (4287,2185) (4279,2188)
add_area 27374923 'huhtinen'  (4357,2211) (4356,2213) (4345,2221) (4341,2227) (4338,2229) (4337,2232) (4335,2232) (4334,2233) (4341,2236) (4345,2236) (4349,2238) (4355,2235) (4356,2231) (4361,2229) (4362,2230) (4365,2227) (4364,2221) (4367,2214) (4365,2210) (4362,2209) (4357,2211)
add_area 27374929 'haisusaari'  (4355,2191) (4352,2191) (4349,2194) (4346,2195) (4334,2203) (4327,2209) (4326,2212) (4328,2216) (4334,2215) (4337,2216) (4343,2211) (4349,2201) (4355,2193) (4355,2191)
add_area 27374957 'majasaari'  (4241,2171) (4242,2164) (4248,2159) (4245,2159) (4239,2163) (4236,2162) (4230,2166) (4228,2171) (4223,2178) (4222,2187) (4227,2188) (4235,2176) (4239,2175) (4241,2171)
add_area 27374988 'latvamaensaari'  (4930,3135) (4927,3136) (4927,3138) (4928,3139) (4927,3141) (4932,3140) (4934,3137) (4931,3136) (4930,3135)
add_area 29350353 'petajajarvi'  (2353,4279) (2343,4282) (2337,4281) (2323,4286) (2312,4288) (2309,4291) (2308,4294) (2310,4293) (2312,4295) (2312,4301) (2318,4303) (2338,4294) (2351,4289) (2357,4286) (2357,4283) (2353,4279)
add_area 29350356 'ruuhijarvi'  (2667,4208) (2663,4210) (2660,4207) (2656,4206) (2653,4207) (2652,4206) (2646,4204) (2636,4208) (2634,4212) (2630,4212) (2625,4215) (2618,4222) (2614,4222) (2609,4229) (2597,4238) (2591,4238) (2580,4244) (2577,4243) (2574,4244) (2574,4248) (2578,4249) (2587,4248) (2595,4252) (2602,4256) (2602,4258) (2605,4258) (2608,4253) (2612,4253) (2622,4249) (2622,4252) (2619,4262) (2621,4263) (2618,4273) (2618,4279) (2622,4280) (2642,4273) (2644,4267) (2641,4265) (2643,4260) (2641,4257) (2637,4256) (2637,4249) (2641,4244) (2645,4244) (2647,4245) (2654,4238) (2650,4234) (2653,4232) (2657,4238) (2658,4237) (2658,4233) (2660,4228) (2669,4221) (2672,4214) (2671,4210) (2667,4208)
add_area 29350377 'keihasjarvi'  (2200,4577) (2202,4574) (2199,4573) (2203,4572) (2203,4568) (2206,4569) (2215,4566) (2239,4550) (2240,4544) (2238,4540) (2233,4539) (2236,4535) (2265,4523) (2279,4514) (2298,4508) (2303,4502) (2307,4500) (2309,4504) (2319,4487) (2325,4483) (2324,4480) (2312,4479) (2310,4473) (2305,4475) (2302,4482) (2305,4484) (2304,4488) (2296,4495) (2289,4496) (2282,4501) (2276,4512) (2268,4515) (2261,4521) (2238,4525) (2241,4519) (2238,4514) (2223,4518) (2221,4522) (2214,4522) (2209,4519) (2212,4510) (2210,4503) (2211,4495) (2204,4493) (2187,4499) (2183,4494) (2183,4487) (2193,4477) (2204,4461) (2204,4458) (2197,4458) (2191,4461) (2179,4479) (2169,4488) (2158,4494) (2158,4498) (2150,4505) (2139,4523) (2145,4521) (2144,4526) (2146,4529) (2144,4533) (2131,4546) (2121,4561) (2092,4577) (2088,4587) (2090,4591) (2101,4589) (2103,4591) (2096,4603) (2096,4605) (2105,4603) (2106,4606) (2101,4614) (2164,4614) (2166,4605) (2172,4595) (2185,4586) (2193,4585) (2200,4577)
add_area 29350809 'listesaari'  (2708,4614) (2718,4614) (2718,4612) (2718,4601) (2717,4598) (2714,4598) (2711,4598) (2710,4600) (2707,4612) (2708,4614)
add_area 29350814 'mertasaari'  (2688,4611) (2689,4614) (2698,4614) (2698,4612) (2696,4611) (2695,4610) (2693,4610) (2688,4611)
add_area 29350875 'arransaari'  (2848,4613) (2847,4609) (2839,4609) (2836,4607) (2831,4607) (2827,4608) (2827,4614) (2846,4614) (2848,4613)
add_area 29350878 'hoksitin'  (2822,4570) (2821,4576) (2826,4577) (2829,4574) (2832,4571) (2830,4569) (2832,4565) (2831,4563) (2828,4567) (2825,4565) (2822,4570)
add_area 29350886 'outinen'  (3044,4612) (3052,4610) (3052,4608) (3045,4607) (3044,4605) (3040,4607) (3042,4609) (3041,4611) (3031,4614) (3044,4614) (3044,4612)
add_area 29350989 'housusaari'  (3261,4516) (3260,4521) (3255,4526) (3263,4525) (3267,4525) (3270,4522) (3270,4520) (3273,4517) (3269,4517) (3267,4512) (3261,4516)
add_area 29350993 'maijastensaaret'  (3317,4485) (3318,4483) (3324,4480) (3328,4480) (3332,4477) (3330,4474) (3323,4477) (3320,4480) (3318,4479) (3316,4475) (3312,4473) (3310,4476) (3307,4477) (3303,4480) (3301,4485) (3308,4488) (3311,4485) (3313,4487) (3317,4485)
add_area 30957150 'lehtisaari'  (4601,2441) (4593,2448) (4589,2456) (4587,2457) (4586,2462) (4587,2462) (4590,2461) (4592,2457) (4594,2456) (4596,2453) (4602,2447) (4603,2445) (4601,2445) (4601,2444) (4602,2442) (4601,2441)
add_area 30957152 'paavolanjarvi'  (5090,1668) (5087,1671) (5085,1677) (5075,1687) (5071,1694) (5069,1700) (5070,1701) (5071,1702) (5081,1693) (5089,1687) (5090,1682) (5091,1679) (5093,1676) (5097,1668) (5095,1665) (5090,1668)
add_area 30957153 'kaleton'  (4906,1498) (4897,1508) (4878,1516) (4871,1526) (4860,1539) (4861,1541) (4852,1551) (4849,1555) (4845,1566) (4847,1567) (4849,1566) (4852,1561) (4872,1542) (4880,1538) (4890,1529) (4895,1522) (4895,1518) (4904,1507) (4907,1503) (4909,1497) (4906,1498)
add_area 30957155 'iso-iimas'  (5424,1747) (5423,1745) (5419,1746) (5413,1751) (5399,1766) (5386,1773) (5379,1774) (5374,1774) (5369,1772) (5361,1775) (5358,1775) (5356,1776) (5356,1776) (5360,1782) (5368,1784) (5376,1781) (5383,1780) (5388,1777) (5395,1776) (5399,1771) (5404,1766) (5409,1762) (5419,1755) (5426,1751) (5429,1747) (5428,1746) (5424,1747)
add_area 30957156 'sarajarvi'  (5397,1618) (5393,1621) (5391,1625) (5394,1628) (5398,1629) (5404,1627) (5409,1623) (5412,1617) (5411,1614) (5408,1613) (5403,1614) (5397,1618)
add_area 30957157 'valkeajarvi'  (5232,1686) (5230,1691) (5231,1698) (5232,1701) (5238,1700) (5244,1695) (5248,1684) (5240,1682) (5240,1681) (5240,1679) (5240,1677) (5238,1676) (5236,1679) (5236,1681) (5237,1682) (5239,1682) (5239,1683) (5232,1686)
add_area 30957158 'viranpaanjarvi'  (5264,1718) (5259,1722) (5254,1726) (5253,1729) (5249,1733) (5246,1735) (5241,1742) (5238,1743) (5237,1747) (5240,1747) (5241,1749) (5248,1747) (5251,1745) (5254,1737) (5255,1734) (5257,1734) (5258,1731) (5265,1719) (5264,1718)
add_area 30957160 'kaakkojarvi'  (5185,1750) (5183,1753) (5181,1761) (5179,1766) (5179,1769) (5177,1774) (5174,1778) (5169,1782) (5168,1785) (5172,1784) (5175,1781) (5181,1776) (5192,1769) (5196,1765) (5196,1762) (5193,1758) (5188,1757) (5187,1754) (5186,1750) (5185,1750)
add_area 30957376 'kaleton'  (4703,1421) (4706,1413) (4709,1408) (4711,1407) (4716,1401) (4721,1397) (4725,1393) (4727,1391) (4730,1389) (4733,1386) (4738,1383) (4741,1380) (4746,1378) (4749,1370) (4747,1368) (4743,1371) (4741,1368) (4727,1374) (4720,1380) (4717,1388) (4715,1391) (4710,1393) (4705,1398) (4696,1414) (4694,1418) (4687,1429) (4686,1433) (4684,1437) (4675,1444) (4674,1447) (4673,1450) (4688,1438) (4693,1428) (4698,1427) (4700,1426) (4703,1421)
add_area 30957378 'saksansaari'  (4567,1563) (4562,1565) (4560,1565) (4557,1566) (4557,1572) (4558,1576) (4559,1577) (4564,1576) (4570,1571) (4572,1565) (4570,1565) (4567,1563)
add_area 30957379 'myllyjarvi'  (4876,1239) (4877,1242) (4881,1241) (4889,1239) (4892,1240) (4894,1247) (4893,1251) (4891,1253) (4888,1261) (4889,1264) (4888,1269) (4892,1269) (4896,1272) (4905,1273) (4913,1273) (4915,1271) (4915,1266) (4921,1255) (4920,1252) (4917,1252) (4919,1248) (4921,1246) (4924,1237) (4924,1234) (4923,1231) (4919,1232) (4917,1233) (4914,1238) (4911,1240) (4906,1239) (4906,1233) (4908,1227) (4908,1225) (4905,1223) (4902,1225) (4899,1224) (4899,1223) (4895,1223) (4887,1228) (4885,1230) (4883,1230) (4879,1234) (4876,1239)
add_area 30957381 'pimeasaari'  (4533,1586) (4532,1587) (4531,1588) (4530,1588) (4523,1592) (4522,1589) (4522,1592) (4518,1595) (4517,1594) (4515,1595) (4511,1600) (4508,1602) (4504,1605) (4503,1608) (4506,1609) (4505,1612) (4507,1612) (4510,1611) (4511,1610) (4514,1608) (4515,1607) (4515,1604) (4518,1601) (4521,1599) (4524,1597) (4526,1593) (4529,1591) (4530,1589) (4533,1587) (4533,1586)
add_area 30957382 'vehmassaari'  (4509,1613) (4507,1614) (4504,1619) (4505,1622) (4508,1623) (4508,1625) (4509,1626) (4513,1624) (4514,1621) (4512,1620) (4510,1618) (4512,1615) (4512,1613) (4509,1613)
add_area 30958149 'kivekkaansaari'  (4519,1573) (4517,1576) (4514,1577) (4515,1578) (4517,1579) (4520,1579) (4520,1577) (4521,1574) (4523,1574) (4523,1572) (4520,1573) (4519,1573)
add_area 30958151 'malkasaari'  (4568,1815) (4566,1816) (4563,1818) (4559,1823) (4559,1828) (4564,1830) (4568,1825) (4572,1818) (4572,1813) (4568,1815)
add_area 30958153 'katajasaari'  (4471,1944) (4473,1945) (4472,1948) (4468,1951) (4463,1954) (4462,1956) (4463,1956) (4465,1955) (4473,1953) (4476,1951) (4478,1943) (4475,1943) (4473,1942) (4472,1942) (4471,1944)
add_area 30958154 'mikonsaari'  (4355,2093) (4356,2094) (4354,2096) (4352,2098) (4353,2103) (4352,2105) (4356,2107) (4360,2103) (4361,2105) (4361,2107) (4359,2108) (4358,2109) (4357,2111) (4359,2111) (4361,2107) (4366,2103) (4371,2097) (4371,2097) (4365,2096) (4361,2095) (4362,2093) (4361,2093) (4359,2094) (4357,2093) (4357,2091) (4355,2093)
add_area 30958157 'koppelinsaari'  (4316,2078) (4314,2080) (4312,2079) (4312,2080) (4313,2081) (4312,2086) (4313,2090) (4321,2083) (4322,2079) (4318,2078) (4319,2077) (4321,2076) (4320,2075) (4316,2078)
add_area 30958158 'romukorkee'  (4290,2098) (4288,2101) (4287,2104) (4285,2109) (4283,2110) (4285,2111) (4287,2111) (4293,2106) (4295,2103) (4294,2100) (4295,2097) (4290,2098)
add_area 30958492 'romusaari'  (4435,2202) (4434,2202) (4434,2205) (4431,2206) (4429,2206) (4423,2211) (4421,2215) (4422,2215) (4428,2214) (4432,2213) (4436,2207) (4435,2205) (4438,2201) (4435,2202)
add_area 30958493 'velhonsaari'  (4430,2174) (4424,2176) (4423,2179) (4427,2180) (4424,2185) (4427,2188) (4426,2190) (4427,2190) (4431,2189) (4431,2191) (4429,2193) (4429,2194) (4434,2191) (4435,2189) (4437,2188) (4439,2188) (4445,2182) (4446,2178) (4443,2177) (4441,2178) (4434,2175) (4433,2176) (4430,2174)
add_area 30958494 'kaidansaari'  (4308,2282) (4300,2289) (4293,2294) (4276,2303) (4265,2308) (4264,2312) (4270,2311) (4270,2313) (4271,2313) (4281,2310) (4289,2303) (4298,2295) (4303,2293) (4312,2290) (4316,2285) (4316,2280) (4312,2279) (4308,2282)
add_area 30958495 'pukkisaari'  (4710,2039) (4708,2041) (4709,2042) (4708,2044) (4708,2047) (4710,2048) (4713,2048) (4716,2042) (4714,2040) (4712,2038) (4710,2039)
add_area 30958496 'amasjarvi'  (4337,1822) (4335,1824) (4332,1825) (4329,1827) (4328,1833) (4332,1836) (4335,1845) (4338,1850) (4336,1853) (4321,1861) (4321,1865) (4330,1861) (4336,1860) (4341,1856) (4343,1850) (4351,1850) (4354,1850) (4355,1849) (4354,1848) (4354,1847) (4356,1846) (4356,1848) (4359,1849) (4364,1848) (4366,1850) (4366,1852) (4369,1854) (4373,1853) (4379,1859) (4385,1867) (4397,1866) (4406,1867) (4408,1865) (4410,1862) (4408,1857) (4401,1852) (4397,1851) (4391,1853) (4390,1852) (4378,1850) (4373,1851) (4371,1850) (4371,1844) (4358,1835) (4354,1836) (4352,1838) (4348,1840) (4343,1839) (4343,1831) (4345,1813) (4342,1816) (4340,1820) (4337,1822)
add_area 30958497 '-'  (4212,1838) (4210,1846) (4205,1852) (4202,1864) (4196,1886) (4189,1895) (4188,1903) (4188,1908) (4190,1907) (4193,1904) (4198,1897) (4205,1890) (4207,1888) (4208,1885) (4209,1879) (4214,1868) (4219,1857) (4218,1847) (4218,1837) (4222,1827) (4222,1825) (4219,1827) (4212,1838)
add_area 30958913 'majasaari'  (3935,1531) (3933,1528) (3920,1539) (3918,1543) (3909,1550) (3906,1548) (3898,1556) (3903,1558) (3899,1564) (3895,1568) (3892,1575) (3896,1576) (3898,1580) (3897,1583) (3898,1587) (3905,1587) (3910,1579) (3919,1563) (3921,1556) (3927,1554) (3933,1549) (3935,1544) (3935,1541) (3934,1539) (3934,1537) (3933,1535) (3935,1531)
add_area 30958914 'onniansaari'  (4019,1464) (4016,1461) (4006,1464) (4005,1458) (4011,1448) (4012,1436) (4008,1435) (3996,1445) (3985,1458) (3985,1463) (3982,1466) (3983,1468) (3977,1479) (3981,1484) (3977,1491) (3984,1495) (3992,1493) (3993,1498) (3980,1510) (3976,1513) (3975,1516) (3972,1518) (3969,1524) (3969,1529) (3971,1530) (3969,1533) (3970,1539) (3963,1549) (3972,1550) (3970,1555) (3972,1557) (3972,1561) (3983,1557) (3980,1562) (3981,1567) (3991,1554) (3995,1551) (4003,1542) (4005,1538) (4009,1537) (4010,1532) (4008,1528) (4013,1524) (4016,1525) (4021,1519) (4023,1517) (4027,1517) (4029,1513) (4027,1511) (4028,1507) (4032,1495) (4032,1489) (4024,1490) (4022,1487) (4042,1476) (4046,1468) (4049,1466) (4052,1468) (4061,1463) (4065,1454) (4062,1451) (4057,1452) (4053,1456) (4050,1456) (4036,1466) (4033,1468) (4031,1467) (4033,1460) (4030,1459) (4022,1463) (4019,1464)
add_area 30958915 'malkosaari'  (3664,1829) (3666,1828) (3673,1823) (3674,1825) (3677,1824) (3682,1817) (3686,1817) (3690,1809) (3691,1809) (3690,1812) (3692,1813) (3695,1810) (3700,1800) (3687,1806) (3686,1806) (3686,1804) (3690,1802) (3689,1801) (3684,1803) (3682,1803) (3675,1805) (3666,1811) (3661,1817) (3661,1821) (3663,1825) (3664,1829)
add_area 30958916 'moisiojarvi'  (3815,1960) (3813,1963) (3815,1968) (3814,1976) (3819,1977) (3818,1979) (3822,1981) (3826,1980) (3827,1978) (3829,1977) (3832,1977) (3836,1971) (3833,1969) (3832,1966) (3832,1960) (3827,1954) (3824,1954) (3815,1960)
add_area 30958917 'iso majajarvi'  (4004,1901) (4002,1905) (3996,1914) (3986,1919) (3976,1929) (3954,1943) (3950,1945) (3947,1944) (3945,1941) (3941,1944) (3931,1960) (3932,1963) (3955,1951) (3966,1948) (3976,1941) (3982,1938) (3990,1936) (3992,1934) (3993,1932) (3992,1930) (3989,1931) (3987,1930) (3993,1923) (4007,1909) (4020,1902) (4020,1900) (4012,1889) (4007,1891) (4004,1894) (4004,1901)
add_area 30958918 'pieni majajarvi'  (4036,1910) (4031,1920) (4041,1920) (4049,1916) (4057,1913) (4061,1908) (4068,1903) (4068,1900) (4063,1900) (4056,1899) (4054,1893) (4051,1892) (4044,1894) (4036,1891) (4036,1910)
add_area 30958919 'lehmusjarvi'  (4010,1969) (4008,1972) (4006,1973) (4004,1977) (3999,1983) (3993,1989) (3988,1995) (3982,1999) (3979,2002) (3978,2005) (3979,2006) (3980,2008) (3980,2010) (3979,2012) (3976,2014) (3974,2014) (3973,2015) (3968,2019) (3967,2023) (3968,2022) (3974,2018) (3981,2013) (3982,2013) (3986,2009) (3998,1999) (4009,1989) (4012,1985) (4017,1983) (4021,1979) (4022,1977) (4023,1975) (4022,1973) (4021,1971) (4019,1970) (4016,1969) (4015,1968) (4015,1967) (4014,1966) (4012,1968) (4010,1969)
add_area 30958920 'vehkajarvi'  (3809,2102) (3810,2108) (3811,2109) (3813,2109) (3817,2106) (3820,2102) (3821,2099) (3820,2095) (3822,2093) (3823,2089) (3825,2083) (3825,2082) (3824,2082) (3822,2083) (3818,2090) (3808,2094) (3806,2099) (3809,2102)
add_area 30958921 'iso kantojarvi'  (3851,2110) (3849,2114) (3851,2115) (3854,2114) (3860,2109) (3863,2108) (3867,2108) (3868,2109) (3870,2108) (3871,2104) (3873,2101) (3877,2099) (3883,2094) (3886,2095) (3889,2092) (3892,2089) (3894,2085) (3893,2083) (3890,2081) (3888,2081) (3886,2083) (3882,2086) (3879,2089) (3867,2094) (3863,2097) (3861,2099) (3858,2102) (3851,2110)
add_area 30958922 'pikku hammonjarvi'  (3965,2069) (3962,2074) (3959,2076) (3959,2079) (3957,2083) (3953,2087) (3954,2089) (3954,2090) (3956,2090) (3961,2083) (3964,2079) (3968,2073) (3972,2070) (3974,2067) (3976,2063) (3969,2066) (3965,2069)
add_area 30958923 'valkeajarvi'  (4015,2227) (4020,2224) (4023,2222) (4027,2216) (4030,2214) (4033,2210) (4034,2206) (4033,2205) (4030,2204) (4027,2205) (4023,2209) (4019,2215) (4015,2219) (4011,2220) (4009,2217) (4006,2214) (4003,2213) (3999,2216) (3995,2215) (3992,2215) (3988,2218) (3984,2224) (3981,2229) (3977,2238) (3976,2241) (3978,2243) (3982,2241) (3988,2237) (3992,2235) (3996,2233) (4004,2230) (4015,2227)
add_area 30958926 'hakojarvi'  (4098,1954) (4096,1957) (4093,1964) (4086,1970) (4084,1971) (4081,1971) (4079,1971) (4076,1974) (4075,1976) (4073,1980) (4073,1982) (4075,1982) (4076,1982) (4078,1980) (4082,1978) (4089,1975) (4089,1972) (4092,1968) (4097,1965) (4103,1956) (4106,1946) (4108,1941) (4110,1936) (4110,1935) (4108,1937) (4106,1939) (4105,1941) (4102,1944) (4099,1950) (4098,1954)
add_area 30958930 'vahajarvi'  (4768,1186) (4771,1188) (4774,1189) (4775,1190) (4777,1190) (4780,1188) (4781,1189) (4784,1189) (4785,1187) (4789,1185) (4794,1180) (4796,1177) (4794,1174) (4791,1173) (4780,1177) (4776,1177) (4772,1178) (4769,1181) (4768,1184) (4768,1186)
add_area 31023561 'kaakkojarvi'  (5249,1214) (5244,1217) (5241,1221) (5240,1226) (5241,1232) (5240,1235) (5241,1237) (5244,1235) (5252,1225) (5263,1215) (5264,1211) (5264,1209) (5263,1210) (5260,1207) (5257,1208) (5249,1214)
add_area 31023564 'katajajarvi'  (5474,1214) (5474,1209) (5472,1206) (5473,1196) (5471,1195) (5468,1196) (5467,1198) (5466,1197) (5467,1194) (5475,1188) (5476,1187) (5477,1186) (5481,1187) (5481,1186) (5483,1187) (5483,1192) (5485,1193) (5490,1192) (5493,1191) (5496,1195) (5496,1194) (5497,1196) (5499,1196) (5498,1199) (5495,1201) (5492,1203) (5491,1205) (5488,1206) (5486,1209) (5485,1212) (5485,1214) (5488,1224) (5490,1225) (5493,1225) (5495,1222) (5495,1218) (5493,1215) (5494,1209) (5498,1202) (5500,1202) (5509,1195) (5512,1190) (5512,1183) (5510,1179) (5507,1175) (5501,1174) (5494,1165) (5484,1164) (5480,1167) (5476,1171) (5473,1182) (5470,1189) (5462,1192) (5460,1187) (5456,1187) (5454,1189) (5452,1191) (5458,1198) (5459,1203) (5459,1210) (5457,1213) (5456,1219) (5452,1226) (5453,1229) (5455,1230) (5469,1225) (5471,1219) (5474,1214)
add_area 31023568 'vaarajarvi'  (5427,1163) (5431,1167) (5435,1167) (5438,1168) (5438,1170) (5437,1172) (5434,1175) (5433,1177) (5435,1179) (5437,1179) (5444,1176) (5446,1172) (5447,1168) (5446,1165) (5445,1164) (5441,1166) (5441,1165) (5442,1164) (5443,1164) (5445,1163) (5442,1158) (5438,1154) (5436,1153) (5428,1150) (5425,1151) (5417,1147) (5414,1145) (5412,1146) (5411,1149) (5411,1151) (5412,1151) (5415,1150) (5415,1151) (5415,1152) (5418,1155) (5424,1155) (5426,1154) (5427,1153) (5428,1153) (5428,1154) (5427,1159) (5427,1163)
add_area 31023576 'vuorijarvi'  (5505,1045) (5506,1050) (5509,1049) (5511,1045) (5509,1042) (5509,1038) (5505,1033) (5505,1026) (5502,1027) (5500,1029) (5499,1036) (5501,1042) (5505,1045)
add_area 31023579 'vaha kalliojarvi'  (5428,985) (5431,987) (5429,990) (5430,998) (5431,998) (5435,995) (5444,995) (5449,993) (5449,991) (5447,987) (5446,988) (5443,990) (5441,989) (5441,987) (5441,985) (5442,984) (5445,985) (5448,982) (5449,979) (5459,972) (5462,971) (5462,969) (5457,971) (5450,974) (5447,973) (5442,974) (5442,972) (5441,972) (5437,975) (5432,975) (5429,974) (5424,970) (5422,971) (5419,970) (5417,971) (5417,973) (5419,978) (5424,976) (5426,977) (5428,981) (5428,985)
add_area 31023594 'loyttynlammi'  (5648,1104) (5645,1107) (5643,1115) (5636,1122) (5637,1125) (5639,1125) (5646,1118) (5649,1106) (5648,1104)
add_area 31023597 'rukkasjarvi'  (5720,1041) (5720,1050) (5719,1059) (5721,1060) (5726,1061) (5728,1060) (5730,1058) (5730,1056) (5732,1054) (5732,1051) (5736,1044) (5741,1039) (5743,1028) (5743,1017) (5738,1016) (5737,1004) (5733,1002) (5731,992) (5731,977) (5729,977) (5726,978) (5721,979) (5712,975) (5710,973) (5706,971) (5701,968) (5697,969) (5695,972) (5696,975) (5701,980) (5703,985) (5707,987) (5714,988) (5715,991) (5713,996) (5720,1002) (5721,1007) (5718,1010) (5716,1019) (5717,1027) (5720,1041)
add_area 31023601 '-'  (5391,827) (5387,831) (5378,838) (5377,843) (5380,844) (5389,841) (5397,840) (5402,835) (5405,830) (5408,826) (5407,824) (5403,823) (5396,824) (5391,827)
add_area 31023612 '-'  (5518,792) (5516,797) (5518,802) (5524,800) (5531,792) (5529,788) (5524,788) (5518,792)
add_area 31023614 '-'  (5554,848) (5564,846) (5565,848) (5565,850) (5563,853) (5564,855) (5566,855) (5567,854) (5568,853) (5567,851) (5567,850) (5569,846) (5569,844) (5568,843) (5564,844) (5563,841) (5560,840) (5558,837) (5555,837) (5550,839) (5548,844) (5551,847) (5553,847) (5554,848)
add_area 31023616 '-'  (5641,927) (5640,925) (5638,925) (5631,928) (5629,933) (5625,934) (5626,935) (5628,936) (5637,933) (5641,927)
add_area 31023618 '-'  (5687,788) (5686,793) (5687,798) (5688,800) (5689,799) (5693,792) (5693,788) (5696,782) (5696,778) (5693,778) (5690,781) (5689,783) (5687,788)
add_area 31023620 '-'  (5750,830) (5749,830) (5747,834) (5749,837) (5748,839) (5747,843) (5746,845) (5747,847) (5747,848) (5748,849) (5751,846) (5751,841) (5753,838) (5753,834) (5752,832) (5750,830)
add_area 31023622 'vaha ukonjarvi'  (5763,814) (5761,824) (5762,830) (5760,835) (5760,837) (5759,839) (5761,846) (5764,851) (5763,853) (5765,854) (5766,854) (5767,852) (5770,850) (5771,851) (5776,850) (5776,846) (5774,844) (5773,842) (5774,840) (5775,836) (5774,832) (5773,823) (5774,818) (5778,814) (5781,814) (5784,818) (5785,816) (5781,809) (5778,807) (5774,807) (5773,803) (5777,791) (5774,784) (5767,765) (5766,756) (5758,757) (5756,759) (5757,767) (5756,774) (5759,786) (5758,790) (5759,794) (5763,796) (5764,798) (5763,814)
add_area 31023623 'vaaralammi'  (5786,890) (5788,895) (5796,900) (5799,901) (5801,899) (5801,895) (5799,889) (5792,888) (5791,885) (5788,880) (5789,873) (5793,867) (5790,865) (5785,868) (5782,868) (5779,867) (5775,867) (5774,870) (5774,872) (5776,875) (5781,874) (5781,880) (5780,882) (5779,887) (5783,888) (5786,890)
add_area 31023624 'osatunlammi'  (5832,770) (5832,774) (5833,778) (5831,784) (5831,786) (5834,785) (5835,783) (5835,782) (5836,778) (5844,771) (5851,763) (5852,758) (5850,756) (5844,756) (5839,752) (5833,751) (5829,752) (5826,756) (5826,760) (5827,764) (5832,770)
add_area 31023625 'sarkisaari'  (5929,341) (5926,344) (5927,349) (5931,348) (5934,343) (5935,341) (5933,339) (5929,341)
add_area 31023626 'isosaari'  (5983,413) (5982,415) (5982,418) (5984,419) (5984,420) (5985,422) (5987,419) (5989,415) (5989,414) (5987,411) (5983,413)
add_area 31024861 '-'  (5855,907) (5852,909) (5848,915) (5852,921) (5857,921) (5864,923) (5867,923) (5867,919) (5861,918) (5860,913) (5862,907) (5855,907)
add_area 31024863 'sarkijarvi'  (5924,785) (5936,777) (5940,776) (5943,773) (5944,770) (5938,766) (5929,769) (5926,767) (5919,774) (5919,775) (5916,778) (5915,781) (5916,785) (5920,786) (5924,785)
add_area 31024864 'katajajarvi'  (6019,755) (6027,755) (6031,750) (6032,746) (6029,744) (6027,740) (6025,738) (6023,739) (6020,739) (6019,736) (6017,736) (6012,743) (6008,746) (6007,750) (6004,753) (6010,755) (6013,757) (6019,755)
add_area 31024865 'sarkijarvi'  (5904,1002) (5904,1005) (5903,1007) (5896,1011) (5895,1011) (5893,1012) (5893,1014) (5893,1015) (5894,1015) (5896,1015) (5899,1015) (5902,1015) (5914,1018) (5919,1016) (5922,1012) (5924,1008) (5924,1006) (5923,1006) (5916,1006) (5916,1006) (5914,1006) (5913,1001) (5918,995) (5923,991) (5923,988) (5919,987) (5914,989) (5909,995) (5907,996) (5904,1002)
add_area 31024866 'ilvesjarvi'  (5878,1090) (5880,1094) (5882,1094) (5888,1085) (5883,1083) (5882,1081) (5876,1079) (5874,1080) (5873,1082) (5873,1084) (5875,1088) (5878,1090)
add_area 31024867 'rutajarvi'  (5876,1118) (5871,1126) (5867,1129) (5865,1131) (5860,1138) (5858,1141) (5859,1143) (5860,1143) (5861,1142) (5863,1140) (5867,1138) (5870,1136) (5871,1136) (5872,1137) (5874,1138) (5876,1138) (5881,1131) (5886,1126) (5888,1126) (5890,1128) (5892,1127) (5893,1125) (5892,1121) (5884,1121) (5884,1118) (5883,1117) (5882,1114) (5880,1114) (5876,1118)
add_area 31024870 'vaarajarvi'  (6000,1263) (6002,1267) (5999,1270) (6000,1272) (6004,1273) (6006,1274) (6004,1279) (6007,1281) (6012,1280) (6020,1282) (6027,1278) (6031,1278) (6033,1285) (6037,1286) (6046,1281) (6047,1277) (6046,1274) (6043,1275) (6039,1277) (6035,1276) (6033,1277) (6028,1276) (6026,1274) (6014,1274) (6010,1271) (6010,1267) (6008,1256) (6003,1254) (5997,1254) (5994,1254) (5990,1256) (5983,1256) (5974,1252) (5972,1248) (5967,1245) (5964,1245) (5961,1248) (5967,1253) (5971,1254) (5981,1262) (5990,1263) (5998,1262) (6000,1263)
add_area 31024884 'kailajarvi'  (6064,1078) (6056,1076) (6053,1078) (6054,1082) (6059,1080) (6065,1083) (6068,1083) (6073,1086) (6078,1088) (6085,1086) (6087,1083) (6073,1079) (6069,1080) (6064,1078)
add_area 31024887 '-'  (6196,1167) (6193,1170) (6193,1173) (6197,1174) (6199,1173) (6200,1174) (6201,1175) (6203,1175) (6206,1173) (6206,1170) (6205,1168) (6200,1165) (6196,1167)
add_area 31024889 'perajarvi'  (6222,1180) (6224,1177) (6224,1173) (6222,1173) (6217,1176) (6211,1175) (6207,1177) (6206,1181) (6207,1182) (6212,1184) (6217,1183) (6222,1180)
add_area 31024892 'salmijarvi'  (6179,1012) (6177,1014) (6176,1015) (6175,1016) (6173,1020) (6174,1021) (6173,1024) (6176,1029) (6178,1031) (6178,1034) (6179,1036) (6180,1037) (6185,1037) (6187,1034) (6185,1027) (6181,1021) (6180,1019) (6182,1012) (6184,1009) (6192,1010) (6194,1004) (6192,1001) (6194,996) (6194,990) (6191,984) (6193,981) (6193,976) (6191,974) (6186,974) (6182,976) (6180,979) (6178,980) (6177,982) (6178,984) (6182,984) (6182,986) (6185,993) (6183,1000) (6186,1004) (6185,1006) (6182,1010) (6179,1012)
add_area 31024894 'pikku petajajarvi'  (6142,927) (6141,925) (6138,925) (6136,927) (6132,931) (6132,934) (6134,935) (6137,934) (6141,931) (6142,930) (6142,927)
add_area 31024895 'kalaton'  (6131,916) (6133,918) (6137,916) (6141,913) (6143,911) (6145,907) (6144,904) (6142,902) (6143,897) (6144,895) (6142,893) (6141,894) (6140,896) (6140,900) (6139,903) (6137,904) (6136,906) (6137,908) (6137,910) (6137,911) (6135,911) (6132,913) (6131,916)
add_area 31024896 'vaha petajajarvi'  (6161,873) (6159,873) (6157,875) (6156,878) (6156,880) (6155,888) (6158,887) (6161,888) (6163,890) (6161,895) (6162,898) (6164,898) (6164,899) (6167,897) (6168,898) (6171,897) (6173,897) (6169,905) (6162,910) (6163,912) (6163,916) (6165,917) (6166,916) (6168,914) (6170,912) (6172,906) (6176,903) (6182,895) (6185,891) (6190,883) (6192,882) (6193,879) (6192,873) (6193,870) (6197,867) (6195,866) (6193,864) (6188,868) (6184,872) (6182,873) (6182,874) (6180,875) (6169,877) (6163,875) (6161,873)
add_area 31024897 'kirvesjarvet'  (6205,926) (6201,927) (6197,928) (6189,930) (6183,935) (6182,937) (6183,939) (6186,941) (6194,939) (6205,934) (6207,929) (6207,927) (6205,926)
add_area 31024898 '-'  (6199,914) (6202,915) (6205,913) (6205,916) (6209,914) (6211,911) (6211,909) (6208,908) (6205,906) (6203,906) (6200,909) (6199,912) (6199,914)
add_area 31024900 'ahvenlammi'  (6217,1002) (6216,1005) (6218,1007) (6216,1011) (6215,1014) (6217,1018) (6218,1022) (6216,1026) (6217,1028) (6221,1027) (6224,1022) (6229,1017) (6233,1016) (6236,1013) (6237,1007) (6235,1005) (6230,1005) (6228,1002) (6224,1002) (6221,999) (6219,999) (6217,1002)
add_area 31024901 '-'  (6233,926) (6233,924) (6236,921) (6236,919) (6233,918) (6225,921) (6221,923) (6222,925) (6224,925) (6225,935) (6227,937) (6229,936) (6232,930) (6232,928) (6233,926)
add_area 31024902 'iso vuorijarvi'  (6261,990) (6262,992) (6269,994) (6270,999) (6273,999) (6286,987) (6288,983) (6288,983) (6288,982) (6286,981) (6284,982) (6283,982) (6282,979) (6280,979) (6277,974) (6275,968) (6276,964) (6274,958) (6271,956) (6263,962) (6261,962) (6260,965) (6257,968) (6255,966) (6251,969) (6246,970) (6242,970) (6238,968) (6236,964) (6237,958) (6237,955) (6237,950) (6239,944) (6239,942) (6239,940) (6235,938) (6234,939) (6233,942) (6235,947) (6234,955) (6232,958) (6231,959) (6229,963) (6231,966) (6229,968) (6228,969) (6227,970) (6232,975) (6236,974) (6240,978) (6244,984) (6243,989) (6244,992) (6247,993) (6253,990) (6259,989) (6261,990)
add_area 31024908 'puhdelammi'  (6313,1003) (6310,1006) (6305,1013) (6303,1015) (6304,1017) (6310,1018) (6312,1023) (6315,1024) (6320,1022) (6321,1014) (6320,1009) (6319,1004) (6317,1002) (6314,1002) (6313,1003)
add_area 31024909 'vaha vuorijarvi'  (6330,987) (6334,987) (6337,985) (6340,984) (6341,986) (6344,987) (6346,984) (6348,983) (6350,984) (6352,981) (6354,980) (6354,979) (6358,976) (6361,975) (6362,971) (6366,968) (6363,966) (6366,964) (6369,960) (6369,957) (6366,958) (6360,965) (6352,967) (6345,966) (6341,968) (6339,967) (6339,961) (6335,963) (6329,969) (6326,973) (6324,979) (6311,988) (6306,990) (6304,992) (6303,995) (6304,997) (6307,998) (6311,998) (6312,998) (6316,995) (6319,992) (6322,989) (6325,986) (6330,987)
add_area 31024910 'valkeajarvi'  (6332,920) (6344,915) (6357,907) (6354,899) (6344,905) (6339,895) (6337,892) (6335,892) (6329,888) (6332,883) (6331,880) (6328,883) (6330,879) (6329,878) (6325,880) (6325,878) (6321,880) (6317,880) (6310,887) (6312,888) (6314,891) (6320,891) (6320,894) (6322,895) (6320,897) (6323,903) (6318,912) (6305,923) (6301,926) (6301,931) (6302,935) (6305,933) (6308,937) (6320,928) (6332,920)
add_area 31024911 '-'  (6286,870) (6285,874) (6286,876) (6289,875) (6289,879) (6292,879) (6300,874) (6301,875) (6304,871) (6308,870) (6308,868) (6303,869) (6295,866) (6291,867) (6286,870)
add_area 31024912 'kalliojarvet'  (6310,846) (6306,843) (6303,844) (6302,846) (6304,848) (6306,854) (6312,854) (6312,857) (6316,859) (6323,853) (6333,850) (6333,849) (6324,847) (6314,848) (6310,846)
add_area 31024913 'hetelammi'  (6242,844) (6241,846) (6243,847) (6242,848) (6242,851) (6245,852) (6248,851) (6250,846) (6250,843) (6248,841) (6242,844)
add_area 31024948 'ahvenlammi'  (6303,809) (6303,811) (6305,810) (6306,812) (6305,815) (6308,815) (6310,814) (6312,813) (6318,807) (6321,803) (6326,799) (6327,797) (6328,794) (6325,794) (6322,796) (6321,795) (6321,794) (6319,791) (6314,795) (6312,800) (6307,804) (6306,806) (6303,809)
add_area 31025423 'iso-haikara'  (6420,761) (6436,758) (6456,743) (6470,738) (6480,751) (6481,766) (6476,781) (6481,781) (6487,774) (6490,778) (6489,790) (6496,794) (6504,795) (6513,789) (6511,801) (6516,805) (6518,818) (6521,819) (6529,806) (6525,795) (6527,787) (6544,768) (6534,768) (6520,779) (6514,775) (6515,767) (6507,767) (6514,752) (6511,753) (6509,748) (6497,758) (6497,741) (6490,743) (6490,739) (6506,713) (6511,699) (6508,694) (6494,722) (6453,741) (6451,736) (6444,741) (6432,741) (6435,733) (6429,732) (6429,727) (6440,716) (6437,711) (6426,710) (6420,701) (6430,689) (6424,688) (6405,697) (6403,703) (6381,717) (6397,718) (6402,723) (6393,735) (6374,740) (6365,738) (6361,732) (6376,720) (6363,719) (6350,730) (6352,745) (6349,758) (6361,750) (6358,758) (6360,761) (6371,760) (6379,746) (6383,746) (6377,759) (6385,757) (6388,761) (6408,755) (6413,761) (6420,761)
add_area 31025424 'jankkijarvet'  (6417,647) (6409,646) (6409,649) (6405,653) (6406,655) (6408,656) (6415,654) (6420,655) (6421,657) (6424,658) (6427,657) (6429,653) (6425,649) (6417,647)
add_area 31025673 '-'  (5645,725) (5646,729) (5647,731) (5653,730) (5654,727) (5653,724) (5649,722) (5645,725)
add_area 31025674 'kotojarvi'  (5813,711) (5809,713) (5805,720) (5797,725) (5795,728) (5796,729) (5798,729) (5803,724) (5809,721) (5811,721) (5815,720) (5819,721) (5821,721) (5824,719) (5825,716) (5824,711) (5826,707) (5825,703) (5821,705) (5817,706) (5813,711)
add_area 31025675 '-'  (5770,683) (5771,690) (5771,695) (5769,700) (5770,704) (5772,704) (5771,700) (5774,695) (5776,688) (5776,679) (5773,678) (5770,683)
add_area 31025676 'valkeajarvi'  (5919,625) (5916,626) (5907,634) (5904,635) (5900,638) (5897,637) (5893,638) (5888,636) (5876,639) (5872,639) (5871,640) (5875,644) (5880,645) (5885,651) (5899,664) (5902,671) (5906,672) (5907,677) (5916,680) (5921,679) (5925,673) (5925,669) (5913,671) (5912,667) (5898,653) (5900,651) (5904,648) (5906,642) (5911,638) (5915,633) (5927,624) (5929,621) (5926,619) (5919,625)
add_area 31025677 'salmijarvi'  (5960,591) (5953,591) (5951,587) (5944,585) (5938,586) (5938,580) (5940,576) (5942,570) (5943,565) (5936,571) (5934,580) (5936,582) (5935,585) (5932,585) (5925,585) (5921,586) (5923,590) (5928,593) (5934,597) (5935,595) (5941,591) (5945,591) (5946,594) (5948,599) (5953,600) (5952,603) (5949,605) (5946,603) (5944,607) (5945,614) (5948,620) (5967,629) (5971,627) (5971,624) (5974,622) (5979,624) (5983,622) (5985,623) (5987,621) (5989,613) (5984,610) (5983,604) (5985,601) (5987,597) (5982,597) (5980,594) (5978,594) (5977,599) (5978,603) (5968,609) (5966,606) (5959,609) (5956,605) (5954,603) (5954,600) (5958,597) (5960,591)
add_area 31025679 'lauttajarvi'  (6048,643) (6044,650) (6043,656) (6038,667) (6036,675) (6036,677) (6038,677) (6039,675) (6050,660) (6056,651) (6060,644) (6062,638) (6062,635) (6061,632) (6061,629) (6058,628) (6058,630) (6055,635) (6048,643)
add_area 31025680 'ahvenlammi'  (6029,577) (6026,580) (6025,585) (6021,588) (6019,598) (6017,609) (6020,612) (6022,612) (6029,598) (6027,594) (6028,589) (6031,585) (6034,580) (6035,577) (6035,575) (6029,577)
add_area 31025681 'alajarvi'  (6129,436) (6122,445) (6118,454) (6113,460) (6108,464) (6103,473) (6101,484) (6095,494) (6093,508) (6094,514) (6092,521) (6084,536) (6084,543) (6086,551) (6089,551) (6094,543) (6101,538) (6100,534) (6097,531) (6093,528) (6095,519) (6099,510) (6099,504) (6099,498) (6103,491) (6106,480) (6110,475) (6110,469) (6114,463) (6116,458) (6128,446) (6131,438) (6129,436)
add_area 31025682 'iso-niska'  (6216,310) (6212,312) (6209,317) (6204,320) (6203,316) (6200,317) (6194,328) (6194,331) (6199,330) (6198,333) (6195,337) (6190,339) (6191,337) (6189,337) (6178,345) (6178,349) (6176,352) (6183,352) (6189,348) (6194,347) (6201,342) (6205,341) (6204,345) (6200,348) (6195,349) (6189,357) (6187,358) (6186,362) (6191,369) (6196,368) (6202,360) (6210,355) (6211,349) (6217,345) (6223,342) (6224,339) (6219,335) (6220,332) (6226,326) (6232,325) (6236,320) (6238,317) (6234,315) (6236,312) (6240,310) (6247,308) (6250,307) (6252,301) (6248,298) (6243,301) (6237,303) (6231,303) (6230,300) (6227,297) (6225,302) (6216,310)
add_area 31029190 'ammansaari'  (4251,842) (4248,845) (4248,845) (4249,845) (4249,851) (4249,855) (4251,855) (4254,853) (4254,849) (4255,846) (4256,842) (4257,841) (4258,840) (4256,840) (4255,839) (4251,842)
add_area 31029193 'ala-pirttijarvi'  (4669,908) (4673,911) (4679,911) (4692,910) (4697,905) (4696,898) (4691,899) (4689,892) (4693,884) (4699,875) (4709,872) (4712,868) (4711,863) (4720,850) (4717,846) (4731,821) (4732,810) (4728,815) (4719,822) (4716,829) (4708,834) (4703,843) (4694,850) (4688,863) (4685,866) (4682,866) (4684,858) (4690,850) (4690,848) (4688,848) (4685,846) (4683,842) (4689,828) (4677,828) (4670,834) (4669,836) (4658,839) (4652,844) (4640,850) (4638,855) (4634,858) (4633,875) (4635,876) (4645,877) (4644,881) (4638,886) (4634,887) (4631,890) (4631,894) (4612,902) (4609,908) (4614,914) (4621,914) (4634,913) (4640,908) (4643,908) (4642,914) (4647,916) (4654,915) (4658,911) (4669,908)
add_area 31029194 'keskinen pirttijarvi'  (4729,901) (4722,905) (4718,905) (4714,907) (4715,908) (4710,913) (4701,921) (4704,923) (4704,924) (4707,927) (4710,935) (4711,937) (4714,938) (4715,942) (4718,940) (4720,941) (4724,939) (4727,939) (4733,938) (4734,940) (4737,940) (4741,937) (4753,925) (4755,920) (4758,917) (4758,914) (4762,908) (4760,904) (4753,906) (4752,904) (4760,897) (4766,893) (4766,892) (4755,895) (4753,894) (4753,892) (4759,887) (4760,885) (4760,885) (4755,880) (4751,876) (4747,883) (4741,888) (4738,888) (4734,887) (4732,890) (4734,893) (4733,896) (4729,901)
add_area 31029197 'iso-rapuska'  (4868,823) (4879,824) (4882,823) (4884,821) (4886,822) (4885,824) (4886,825) (4894,822) (4901,817) (4905,811) (4902,806) (4899,804) (4891,806) (4884,807) (4882,809) (4879,814) (4877,815) (4872,815) (4868,813) (4861,810) (4860,812) (4859,815) (4862,818) (4868,823)
add_area 31029198 'pitkajarvi'  (4866,958) (4863,961) (4861,961) (4859,962) (4858,962) (4860,955) (4866,945) (4865,943) (4862,944) (4858,950) (4857,950) (4857,946) (4856,946) (4853,947) (4850,951) (4848,954) (4849,959) (4852,963) (4851,968) (4853,969) (4855,968) (4859,968) (4864,970) (4867,969) (4872,967) (4876,967) (4882,964) (4883,962) (4884,959) (4889,951) (4893,943) (4895,941) (4902,936) (4908,929) (4916,927) (4918,926) (4920,924) (4919,919) (4921,916) (4927,910) (4934,900) (4941,892) (4944,887) (4944,884) (4942,882) (4939,883) (4936,886) (4929,899) (4924,904) (4920,905) (4916,908) (4915,909) (4911,913) (4908,918) (4897,928) (4891,929) (4884,936) (4882,939) (4870,951) (4866,958)
add_area 31029199 'vehkajarvi'  (5024,921) (5029,916) (5032,909) (5033,904) (5030,901) (5028,899) (5024,897) (5022,898) (5017,901) (5014,905) (5012,909) (5011,911) (5009,913) (5008,915) (5008,917) (5011,920) (5014,924) (5017,924) (5020,924) (5024,921)
add_area 31029200 'keskinen'  (4821,1109) (4821,1112) (4833,1119) (4840,1119) (4847,1122) (4854,1127) (4856,1127) (4859,1125) (4861,1122) (4864,1120) (4870,1117) (4874,1112) (4875,1112) (4880,1105) (4885,1100) (4885,1097) (4882,1092) (4876,1090) (4870,1090) (4865,1093) (4863,1095) (4861,1102) (4860,1107) (4857,1109) (4855,1108) (4852,1105) (4850,1098) (4846,1095) (4842,1096) (4835,1099) (4832,1102) (4824,1107) (4821,1109)
add_area 31029201 'ylisenjarvi'  (4969,1044) (4981,1051) (4984,1054) (4985,1054) (4989,1049) (4998,1043) (5002,1041) (5003,1040) (5005,1039) (5006,1037) (5006,1035) (5004,1035) (5002,1034) (5000,1034) (4992,1037) (4989,1035) (4986,1032) (4987,1025) (4990,1022) (4990,1016) (4984,1015) (4979,1017) (4978,1015) (4969,1016) (4966,1018) (4965,1016) (4962,1015) (4961,1015) (4960,1018) (4960,1023) (4959,1026) (4956,1038) (4955,1044) (4957,1046) (4961,1047) (4969,1044)
add_area 31029202 'syvajarvi'  (5064,610) (5067,611) (5077,610) (5079,609) (5078,603) (5077,600) (5075,599) (5068,595) (5058,593) (5057,595) (5063,602) (5064,610)
add_area 31029621 '-'  (5714,494) (5711,500) (5707,505) (5687,521) (5682,528) (5694,520) (5714,503) (5731,485) (5733,480) (5726,479) (5720,485) (5712,489) (5714,494)
add_area 31029622 'ilveslammi'  (5478,481) (5487,484) (5496,479) (5493,470) (5483,469) (5478,475) (5478,481)
add_area 31029625 'vaarajarvi'  (5645,332) (5638,337) (5619,345) (5615,352) (5621,352) (5634,346) (5649,337) (5645,332)
add_area 31029626 'kylmalanlammi'  (5765,432) (5770,431) (5775,425) (5779,415) (5775,414) (5766,415) (5764,418) (5765,432)
add_area 31029627 'ahvenlammi'  (6090,408) (6083,408) (6083,412) (6084,419) (6087,419) (6096,409) (6097,401) (6094,399) (6090,401) (6090,408)
add_area 31029628 'riuttalammi'  (6140,378) (6141,377) (6145,378) (6154,373) (6154,371) (6153,370) (6152,369) (6152,364) (6154,359) (6154,358) (6152,359) (6148,362) (6145,364) (6143,366) (6140,367) (6138,367) (6137,369) (6136,374) (6140,378)
add_area 35743820 '-'  (0,4591) (11,4583) (26,4571) (36,4560) (39,4555) (33,4553) (31,4555) (18,4564) (7,4571) (5,4571) (0,4576) (0,4591)
add_area 35743824 'vaha jouttijarvi'  (171,4451) (173,4450) (174,4447) (173,4447) (173,4445) (172,4446) (173,4443) (167,4445) (161,4446) (158,4445) (154,4444) (153,4448) (152,4450) (152,4455) (155,4456) (157,4456) (160,4453) (162,4453) (165,4451) (171,4451)
add_area 35743827 '-'  (283,4279) (283,4274) (282,4271) (273,4271) (267,4276) (265,4276) (260,4285) (256,4288) (250,4296) (245,4301) (245,4307) (245,4310) (250,4310) (267,4293) (276,4285) (283,4279)
add_area 35743857 'janislampi'  (625,3698) (628,3693) (632,3690) (637,3680) (635,3677) (631,3674) (629,3668) (622,3667) (621,3664) (616,3665) (613,3668) (612,3675) (613,3677) (615,3678) (617,3677) (617,3679) (613,3682) (611,3685) (613,3690) (612,3697) (611,3699) (613,3702) (616,3703) (620,3702) (625,3698)
add_area 35743858 'janisjarvet'  (477,3868) (480,3867) (487,3851) (485,3840) (488,3830) (494,3825) (503,3815) (504,3809) (502,3802) (498,3799) (493,3800) (490,3802) (489,3806) (483,3811) (480,3815) (477,3830) (472,3839) (468,3848) (467,3859) (467,3866) (459,3879) (458,3885) (461,3886) (468,3878) (471,3874) (468,3869) (470,3866) (477,3865) (477,3868)
add_area 35743859 '-'  (482,3926) (485,3922) (488,3915) (486,3909) (483,3904) (484,3892) (474,3909) (472,3920) (474,3929) (476,3935) (479,3935) (482,3926)
add_area 35743860 'koirajarvi'  (520,3980) (523,3977) (526,3970) (521,3959) (519,3956) (515,3956) (512,3955) (508,3954) (504,3956) (503,3959) (506,3962) (512,3971) (513,3977) (516,3980) (520,3980)
add_area 35743861 '-'  (451,4314) (454,4312) (456,4310) (456,4305) (458,4298) (458,4297) (458,4292) (458,4286) (457,4287) (457,4283) (460,4278) (460,4271) (460,4265) (458,4265) (454,4270) (453,4274) (451,4284) (451,4291) (448,4296) (447,4301) (443,4305) (443,4308) (441,4312) (436,4318) (431,4327) (428,4328) (426,4329) (424,4333) (419,4338) (416,4342) (416,4345) (414,4348) (412,4351) (414,4352) (418,4350) (421,4347) (423,4347) (424,4344) (431,4335) (447,4319) (451,4314)
add_area 39230600 'kankijarvi'  (3302,3866) (3300,3867) (3297,3869) (3296,3871) (3296,3872) (3296,3872) (3299,3872) (3300,3872) (3299,3873) (3297,3874) (3294,3875) (3293,3876) (3291,3879) (3290,3880) (3290,3880) (3287,3885) (3285,3887) (3282,3888) (3281,3889) (3279,3889) (3278,3887) (3277,3887) (3274,3890) (3272,3893) (3271,3894) (3269,3896) (3269,3897) (3269,3897) (3267,3898) (3262,3904) (3262,3905) (3264,3910) (3265,3911) (3264,3912) (3265,3912) (3266,3912) (3267,3912) (3270,3910) (3273,3908) (3275,3905) (3276,3904) (3279,3902) (3285,3898) (3287,3896) (3294,3891) (3295,3889) (3296,3889) (3297,3888) (3302,3884) (3304,3881) (3306,3877) (3310,3874) (3313,3871) (3317,3869) (3318,3868) (3317,3867) (3315,3867) (3312,3866) (3310,3865) (3309,3865) (3308,3865) (3305,3867) (3303,3866) (3302,3866)
add_area 39230982 'iso helvetinjarvi'  (2986,3937) (2988,3938) (3006,3933) (3009,3933) (3025,3928) (3037,3922) (3039,3919) (3059,3911) (3062,3909) (3071,3909) (3079,3905) (3097,3902) (3106,3895) (3108,3890) (3118,3889) (3122,3886) (3121,3884) (3117,3883) (3108,3887) (3088,3890) (3073,3894) (3057,3901) (3049,3902) (3028,3911) (3019,3918) (3005,3919) (2997,3922) (2990,3927) (2967,3937) (2960,3943) (2960,3949) (2955,3951) (2940,3965) (2913,3983) (2907,3989) (2898,3995) (2895,3995) (2894,3993) (2890,3994) (2886,4000) (2878,4002) (2870,4009) (2854,4033) (2838,4049) (2830,4063) (2831,4066) (2859,4052) (2864,4052) (2867,4055) (2871,4053) (2870,4048) (2876,4045) (2881,4037) (2883,4035) (2888,4034) (2895,4029) (2896,4021) (2899,4015) (2911,4004) (2916,4001) (2921,3995) (2928,3988) (2929,3985) (2941,3972) (2943,3968) (2956,3955) (2970,3949) (2974,3946) (2980,3939) (2986,3937)
add_area 39233073 'pikku helvetinjarvi'  (3165,3861) (3166,3862) (3168,3862) (3169,3862) (3169,3861) (3174,3859) (3178,3858) (3181,3857) (3183,3855) (3183,3853) (3183,3852) (3182,3852) (3180,3853) (3179,3853) (3176,3853) (3172,3856) (3169,3857) (3166,3860) (3165,3861)
add_area 39233075 'pitka helvetinjarvi'  (3223,3838) (3231,3837) (3240,3831) (3249,3823) (3254,3821) (3256,3819) (3257,3816) (3259,3814) (3260,3814) (3262,3812) (3262,3810) (3261,3809) (3259,3810) (3255,3814) (3252,3816) (3251,3818) (3249,3818) (3237,3824) (3233,3824) (3229,3825) (3226,3827) (3223,3831) (3218,3834) (3214,3837) (3211,3839) (3207,3841) (3204,3841) (3203,3843) (3201,3844) (3198,3844) (3196,3845) (3192,3847) (3190,3850) (3189,3852) (3190,3853) (3192,3853) (3196,3852) (3199,3852) (3201,3851) (3204,3850) (3212,3842) (3216,3842) (3223,3838)
add_area 42037931 'iso kivijarvi'  (1273,2679) (1276,2672) (1276,2671) (1261,2674) (1254,2688) (1247,2692) (1245,2693) (1243,2691) (1236,2699) (1228,2722) (1227,2729) (1232,2735) (1232,2739) (1232,2755) (1235,2756) (1243,2755) (1250,2752) (1254,2744) (1263,2738) (1273,2714) (1280,2712) (1286,2708) (1291,2698) (1302,2695) (1314,2672) (1325,2660) (1325,2649) (1323,2646) (1316,2650) (1305,2662) (1301,2662) (1301,2659) (1299,2658) (1289,2661) (1281,2669) (1273,2685) (1272,2681) (1273,2679)
add_area 42067143 'vaha seitsemisjarvi'  (1129,2711) (1128,2715) (1138,2717) (1149,2708) (1158,2708) (1173,2696) (1181,2701) (1187,2700) (1190,2698) (1192,2694) (1192,2687) (1183,2687) (1189,2678) (1189,2672) (1186,2673) (1181,2685) (1178,2685) (1181,2676) (1178,2675) (1179,2666) (1170,2662) (1169,2658) (1165,2660) (1161,2667) (1158,2669) (1154,2675) (1153,2686) (1147,2692) (1149,2697) (1136,2708) (1129,2711)
add_area 42121147 'haukilampi'  (1402,2405) (1401,2403) (1390,2403) (1386,2401) (1383,2402) (1380,2408) (1382,2414) (1390,2415) (1395,2413) (1402,2405)
add_area 52597509 '-'  (5558,980) (5473,989) (5103,916) (4924,1006) (4719,1109) (4717,1106) (4710,1111) (4711,1113) (4454,1243) (4141,1467) (5558,980)
add_area 52597616 '-'  (5565,1036) (5591,1229) (6144,1335) (5558,980) (5565,1036)
add_area 78149477 'himostenjarvi'  (1792,621) (1798,618) (1801,617) (1814,600) (1807,600) (1797,614) (1797,616) (1792,620) (1790,620) (1787,622) (1779,624) (1777,626) (1775,626) (1772,631) (1764,635) (1758,640) (1750,650) (1743,661) (1736,669) (1731,677) (1734,681) (1739,680) (1754,662) (1764,659) (1770,656) (1772,654) (1779,641) (1780,637) (1784,632) (1788,625) (1792,621)
add_area 78352052 'keihasjarvi'  (1729,487) (1730,487) (1737,483) (1741,480) (1746,479) (1751,474) (1763,469) (1769,462) (1775,455) (1787,443) (1788,442) (1787,441) (1769,453) (1760,455) (1751,459) (1746,455) (1742,459) (1739,476) (1729,485) (1729,487)
add_area 78352452 'ylinen luomajravi'  (1968,749) (1967,744) (1961,740) (1958,741) (1957,742) (1956,750) (1955,761) (1955,764) (1953,768) (1949,772) (1949,775) (1947,779) (1950,779) (1952,777) (1957,775) (1960,772) (1960,770) (1964,768) (1966,767) (1965,763) (1967,761) (1970,759) (1974,758) (1974,754) (1974,752) (1973,751) (1969,751) (1968,749)
add_area 79529183 '-'  (4613,3180) (4614,3180) (4614,3180) (4614,3180) (4615,3180) (4615,3179) (4614,3179) (4614,3179) (4613,3179) (4613,3180) (4613,3180)
add_area 81024225 'ruokejarvet'  (3776,3187) (3774,3187) (3758,3201) (3754,3205) (3753,3209) (3758,3216) (3760,3215) (3761,3216) (3764,3215) (3772,3214) (3777,3217) (3781,3216) (3785,3218) (3786,3218) (3790,3218) (3792,3220) (3795,3213) (3799,3209) (3801,3204) (3799,3203) (3798,3197) (3796,3197) (3797,3194) (3796,3194) (3795,3193) (3798,3190) (3797,3187) (3796,3187) (3795,3186) (3797,3183) (3795,3179) (3793,3178) (3789,3178) (3785,3180) (3782,3182) (3776,3187)
add_area 81024230 'ruokejarvet'  (3763,3191) (3765,3188) (3767,3180) (3768,3179) (3769,3178) (3767,3178) (3764,3179) (3760,3177) (3758,3176) (3755,3177) (3753,3177) (3747,3180) (3742,3186) (3741,3186) (3738,3188) (3736,3186) (3731,3184) (3733,3183) (3736,3183) (3739,3183) (3742,3179) (3741,3174) (3735,3171) (3727,3184) (3720,3191) (3717,3191) (3715,3190) (3713,3192) (3711,3191) (3705,3195) (3705,3196) (3707,3196) (3706,3202) (3692,3206) (3690,3207) (3689,3210) (3690,3211) (3689,3215) (3686,3220) (3685,3223) (3680,3226) (3681,3227) (3678,3229) (3678,3230) (3681,3232) (3682,3231) (3684,3231) (3683,3232) (3684,3234) (3693,3233) (3700,3226) (3702,3222) (3705,3221) (3711,3216) (3713,3213) (3718,3209) (3722,3209) (3725,3208) (3730,3203) (3732,3200) (3738,3197) (3742,3198) (3744,3197) (3752,3198) (3754,3197) (3754,3195) (3763,3191)
add_area 81102797 'niitoslammit'  (3531,3353) (3528,3354) (3527,3356) (3530,3357) (3529,3359) (3530,3359) (3531,3360) (3530,3361) (3530,3363) (3534,3362) (3534,3360) (3539,3358) (3538,3356) (3531,3353)
add_area 81102798 'salmijarvi'  (3227,3621) (3231,3621) (3234,3619) (3234,3617) (3238,3615) (3242,3616) (3250,3613) (3253,3617) (3264,3620) (3274,3615) (3276,3612) (3283,3610) (3288,3605) (3291,3605) (3298,3597) (3304,3598) (3305,3601) (3310,3602) (3326,3598) (3341,3590) (3345,3586) (3345,3581) (3350,3576) (3361,3574) (3360,3585) (3362,3587) (3367,3586) (3373,3582) (3376,3574) (3386,3563) (3387,3553) (3381,3554) (3372,3551) (3369,3553) (3366,3553) (3360,3557) (3357,3557) (3347,3567) (3333,3571) (3325,3572) (3323,3574) (3319,3572) (3309,3584) (3309,3586) (3304,3593) (3301,3594) (3298,3594) (3299,3592) (3295,3589) (3291,3588) (3291,3585) (3284,3585) (3278,3581) (3276,3582) (3285,3572) (3283,3569) (3277,3571) (3273,3570) (3255,3581) (3247,3592) (3237,3597) (3236,3600) (3231,3603) (3226,3611) (3226,3614) (3228,3614) (3224,3622) (3226,3620) (3227,3621)
add_area 81102799 'rupalammi'  (3203,3795) (3206,3793) (3201,3789) (3197,3788) (3196,3790) (3196,3793) (3203,3795)
add_area 81102800 '-'  (3509,3363) (3511,3363) (3511,3361) (3508,3362) (3502,3367) (3500,3372) (3501,3374) (3505,3372) (3507,3365) (3509,3363)
add_area 81102802 'peralammi'  (3387,3596) (3387,3594) (3390,3591) (3387,3586) (3381,3588) (3377,3588) (3372,3592) (3375,3594) (3380,3595) (3379,3598) (3380,3600) (3382,3599) (3382,3601) (3377,3603) (3374,3607) (3370,3608) (3366,3607) (3356,3611) (3349,3617) (3348,3622) (3349,3624) (3353,3624) (3356,3623) (3372,3612) (3385,3614) (3394,3610) (3398,3604) (3404,3601) (3407,3598) (3407,3597) (3411,3592) (3413,3588) (3412,3587) (3410,3586) (3407,3587) (3401,3592) (3395,3596) (3392,3597) (3389,3599) (3384,3600) (3384,3599) (3387,3596)
add_area 81102803 '-'  (3514,3352) (3516,3353) (3523,3348) (3523,3346) (3521,3345) (3513,3347) (3512,3348) (3514,3352)
add_area 81102804 'hietaslammi'  (3080,3631) (3080,3632) (3083,3633) (3087,3632) (3091,3629) (3096,3628) (3100,3626) (3112,3625) (3115,3623) (3115,3621) (3111,3621) (3109,3619) (3108,3611) (3106,3611) (3103,3612) (3093,3623) (3082,3628) (3080,3631)
add_area 81102806 'iso ruokejarvi'  (3130,3752) (3144,3746) (3147,3742) (3147,3740) (3134,3740) (3129,3746) (3115,3757) (3113,3760) (3114,3769) (3119,3770) (3118,3776) (3121,3778) (3120,3779) (3125,3777) (3141,3763) (3148,3751) (3140,3751) (3137,3753) (3131,3754) (3129,3753) (3130,3752)
add_area 81102808 'kuusilammi'  (3623,3512) (3626,3512) (3629,3510) (3630,3508) (3628,3506) (3630,3502) (3628,3500) (3625,3497) (3614,3498) (3611,3500) (3609,3507) (3610,3510) (3613,3511) (3620,3509) (3623,3512)
add_area 81102809 'heinalammi'  (3118,3822) (3118,3823) (3119,3823) (3120,3823) (3121,3821) (3123,3819) (3125,3817) (3127,3816) (3130,3815) (3133,3813) (3135,3810) (3136,3808) (3136,3806) (3134,3806) (3134,3806) (3132,3806) (3130,3808) (3128,3809) (3126,3810) (3125,3811) (3123,3812) (3122,3815) (3122,3816) (3121,3817) (3119,3821) (3118,3821) (3118,3822)
add_area 81102810 'pikku ruokejarvi'  (3201,3686) (3194,3689) (3192,3695) (3194,3697) (3195,3701) (3197,3701) (3201,3702) (3207,3700) (3209,3697) (3209,3694) (3211,3689) (3211,3681) (3215,3675) (3212,3673) (3205,3676) (3201,3686)
add_area 81102811 'papinsaari'  (3475,3516) (3477,3515) (3478,3514) (3474,3512) (3473,3514) (3475,3516)
add_area 81102812 'ruijonlammi'  (3241,3661) (3242,3659) (3244,3656) (3246,3655) (3247,3653) (3247,3651) (3243,3650) (3241,3651) (3240,3651) (3241,3650) (3238,3650) (3234,3655) (3236,3658) (3241,3661)
add_area 81102813 'iso poikainlammi'  (3408,3393) (3397,3399) (3392,3404) (3389,3409) (3391,3411) (3396,3410) (3399,3408) (3399,3406) (3400,3405) (3404,3408) (3400,3412) (3397,3411) (3395,3414) (3392,3422) (3394,3424) (3394,3429) (3389,3434) (3385,3441) (3386,3449) (3387,3450) (3386,3457) (3391,3448) (3396,3442) (3403,3438) (3408,3433) (3408,3423) (3412,3419) (3419,3408) (3418,3405) (3418,3402) (3412,3400) (3411,3395) (3408,3393)
add_area 81102816 'loyttyjarvi'  (3831,3372) (3836,3371) (3838,3370) (3840,3370) (3847,3364) (3851,3361) (3852,3359) (3844,3360) (3842,3359) (3840,3359) (3835,3364) (3830,3364) (3828,3366) (3825,3366) (3825,3365) (3823,3366) (3821,3366) (3823,3362) (3829,3361) (3828,3359) (3834,3355) (3838,3354) (3840,3351) (3839,3350) (3847,3345) (3848,3345) (3851,3343) (3854,3337) (3856,3334) (3856,3331) (3855,3331) (3853,3332) (3852,3332) (3851,3331) (3850,3332) (3848,3333) (3846,3338) (3839,3344) (3835,3350) (3830,3351) (3829,3350) (3817,3356) (3808,3357) (3800,3360) (3785,3362) (3780,3364) (3776,3364) (3772,3366) (3771,3368) (3773,3369) (3776,3375) (3778,3375) (3781,3373) (3786,3372) (3782,3377) (3780,3378) (3781,3382) (3783,3382) (3782,3384) (3785,3387) (3784,3389) (3785,3390) (3793,3386) (3809,3381) (3813,3379) (3816,3379) (3819,3377) (3831,3372)
add_area 81102817 'myllyjarvi'  (3099,3709) (3099,3708) (3100,3707) (3100,3706) (3103,3705) (3104,3704) (3106,3702) (3104,3699) (3097,3702) (3091,3705) (3088,3706) (3076,3712) (3070,3717) (3067,3718) (3064,3718) (3064,3721) (3065,3723) (3067,3723) (3069,3723) (3077,3717) (3083,3717) (3088,3718) (3092,3716) (3098,3709) (3099,3709)
add_area 81102819 'saarilammi'  (3230,3731) (3226,3734) (3223,3740) (3223,3742) (3220,3744) (3218,3747) (3216,3751) (3219,3751) (3221,3749) (3222,3747) (3226,3745) (3227,3743) (3229,3743) (3232,3741) (3234,3737) (3240,3727) (3245,3726) (3246,3724) (3244,3721) (3240,3721) (3234,3726) (3230,3731)
add_area 81102821 'kaakkolammi'  (3556,3542) (3559,3540) (3560,3539) (3560,3538) (3555,3538) (3551,3538) (3549,3537) (3548,3534) (3545,3531) (3542,3532) (3539,3536) (3533,3537) (3528,3536) (3525,3537) (3523,3539) (3524,3541) (3528,3544) (3529,3545) (3539,3543) (3543,3544) (3545,3543) (3556,3542)
add_area 81102822 'kylkilammi'  (3324,3651) (3317,3659) (3316,3663) (3318,3665) (3321,3665) (3329,3659) (3331,3653) (3333,3650) (3334,3648) (3332,3646) (3333,3644) (3335,3643) (3339,3638) (3339,3636) (3335,3635) (3332,3637) (3327,3644) (3324,3651)
add_area 81103319 'pahalammi'  (2842,3852) (2846,3848) (2846,3842) (2837,3841) (2831,3844) (2830,3848) (2835,3852) (2842,3852)
add_area 81103330 'pikku hautajarvi'  (2454,4084) (2451,4088) (2448,4089) (2445,4093) (2444,4093) (2441,4096) (2440,4099) (2436,4105) (2435,4109) (2437,4113) (2442,4113) (2447,4112) (2450,4112) (2455,4109) (2457,4107) (2459,4102) (2457,4101) (2453,4102) (2451,4097) (2452,4095) (2449,4094) (2451,4091) (2452,4091) (2455,4083) (2454,4084)
add_area 81103336 'naapurilammi'  (2797,3784) (2802,3781) (2803,3776) (2800,3772) (2795,3773) (2783,3779) (2779,3783) (2779,3785) (2781,3786) (2797,3784)
add_area 81103344 'pikku pirttilammi'  (2701,3650) (2709,3645) (2718,3642) (2721,3638) (2713,3634) (2713,3628) (2711,3627) (2701,3632) (2697,3636) (2696,3644) (2697,3651) (2701,3650)
add_area 81103622 'kulosaari'  (2948,3702) (2953,3696) (2956,3687) (2954,3687) (2949,3693) (2943,3699) (2948,3702)
add_area 81103629 'kolmisoppinen'  (3356,3355) (3358,3353) (3357,3350) (3353,3349) (3350,3350) (3349,3358) (3356,3355)
add_area 81103633 'kettusaari'  (2920,3707) (2914,3711) (2912,3714) (2909,3716) (2909,3718) (2915,3716) (2919,3715) (2932,3710) (2929,3705) (2920,3707)
add_area 81103639 'vaha hiedanlammi'  (3156,3554) (3159,3555) (3161,3553) (3162,3549) (3156,3551) (3156,3554)
add_area 81103640 'pitka poikainlammi'  (3356,3394) (3349,3403) (3350,3406) (3349,3408) (3350,3408) (3352,3405) (3354,3404) (3356,3399) (3359,3397) (3359,3393) (3364,3391) (3370,3385) (3370,3383) (3361,3386) (3361,3387) (3358,3389) (3355,3390) (3356,3394)
add_area 81109746 'maenalanen'  (3968,3128) (3970,3124) (3974,3119) (3975,3116) (3966,3112) (3962,3122) (3956,3127) (3955,3130) (3953,3131) (3950,3143) (3951,3146) (3956,3148) (3960,3156) (3963,3155) (3973,3137) (3968,3128)
add_area 81109748 'murtolammi'  (4280,3155) (4282,3155) (4289,3148) (4296,3140) (4299,3131) (4300,3129) (4300,3127) (4299,3126) (4298,3124) (4296,3124) (4292,3126) (4291,3129) (4284,3135) (4280,3136) (4277,3140) (4278,3142) (4278,3153) (4280,3155)
add_area 81109749 'pitkajarvi'  (3898,3341) (3901,3339) (3903,3339) (3917,3325) (3919,3323) (3922,3322) (3925,3319) (3926,3318) (3925,3316) (3923,3316) (3921,3317) (3915,3320) (3912,3325) (3909,3327) (3906,3333) (3898,3340) (3898,3341)
add_area 81109752 'haukkalammi'  (3555,2863) (3549,2861) (3543,2864) (3536,2872) (3535,2876) (3540,2881) (3548,2876) (3555,2863)
add_area 81109757 'kalalammi'  (3795,3581) (3790,3589) (3784,3592) (3780,3597) (3787,3595) (3790,3592) (3797,3589) (3804,3584) (3807,3583) (3810,3581) (3816,3578) (3818,3576) (3820,3571) (3819,3567) (3815,3566) (3812,3568) (3803,3568) (3798,3574) (3795,3581)
add_area 81109758 'ansajarvi'  (3931,3571) (3924,3580) (3925,3583) (3925,3587) (3925,3589) (3924,3595) (3930,3596) (3942,3590) (3950,3588) (3959,3582) (3963,3574) (3961,3573) (3962,3570) (3965,3569) (3967,3568) (3968,3566) (3967,3565) (3952,3569) (3942,3570) (3939,3568) (3940,3565) (3939,3563) (3938,3563) (3932,3566) (3931,3569) (3931,3571)
add_area 81109759 'ahvenlammi'  (4021,2954) (4028,2944) (4023,2944) (4018,2947) (4014,2952) (4012,2953) (4009,2953) (4004,2955) (4003,2958) (4008,2962) (4013,2963) (4017,2963) (4021,2961) (4021,2954)
add_area 81109761 'iso-ruosko'  (4410,2943) (4416,2939) (4423,2930) (4421,2928) (4411,2933) (4408,2939) (4410,2943)
add_area 81109762 'pikku hoyhyjarvi'  (3990,3611) (3987,3613) (3987,3614) (3989,3614) (3993,3613) (3999,3612) (4004,3612) (4009,3611) (4011,3609) (4011,3607) (4009,3606) (4006,3607) (4004,3606) (4001,3607) (3996,3606) (3991,3606) (3991,3607) (3991,3610) (3990,3611)
add_area 81109768 'pikku-ruosko'  (4407,2967) (4410,2967) (4412,2970) (4413,2969) (4413,2966) (4419,2964) (4418,2960) (4416,2961) (4416,2962) (4412,2964) (4408,2963) (4406,2965) (4407,2967)
add_area 81109769 'mustalammi'  (4039,3434) (4040,3436) (4043,3434) (4044,3438) (4045,3437) (4046,3434) (4043,3430) (4044,3427) (4048,3424) (4049,3420) (4047,3417) (4046,3416) (4045,3418) (4043,3424) (4039,3431) (4039,3434)
add_area 81109771 'haukilammi'  (3958,3209) (3951,3222) (3951,3226) (3949,3228) (3947,3233) (3948,3234) (3954,3231) (3957,3226) (3962,3224) (3964,3222) (3964,3220) (3961,3219) (3962,3216) (3964,3211) (3963,3207) (3963,3201) (3961,3195) (3963,3190) (3963,3188) (3960,3189) (3959,3191) (3959,3196) (3957,3199) (3957,3203) (3959,3205) (3958,3209)
add_area 81109772 'koitinlammi'  (3980,3450) (3976,3449) (3975,3451) (3975,3454) (3971,3461) (3971,3463) (3972,3464) (3971,3468) (3974,3470) (3976,3467) (3975,3464) (3973,3464) (3973,3461) (3976,3457) (3978,3455) (3981,3455) (3983,3453) (3984,3450) (3983,3448) (3980,3450)
add_area 81109775 'palolammi'  (4475,2975) (4476,2971) (4471,2967) (4466,2970) (4467,2973) (4470,2975) (4475,2975)
add_area 81109776 'vaarajarvi'  (3836,3504) (3836,3508) (3839,3508) (3844,3510) (3842,3514) (3838,3518) (3831,3522) (3824,3531) (3824,3535) (3828,3536) (3824,3543) (3820,3545) (3820,3548) (3824,3549) (3823,3551) (3827,3551) (3830,3553) (3837,3553) (3844,3561) (3847,3563) (3850,3562) (3852,3559) (3835,3548) (3838,3535) (3852,3520) (3855,3520) (3873,3509) (3881,3501) (3897,3490) (3895,3487) (3877,3495) (3867,3493) (3853,3498) (3844,3499) (3836,3504)
add_area 81109777 '-'  (3677,3850) (3680,3846) (3683,3840) (3682,3838) (3683,3835) (3682,3835) (3682,3835) (3678,3839) (3675,3847) (3670,3853) (3671,3855) (3668,3856) (3668,3859) (3673,3859) (3677,3853) (3677,3850)
add_area 81109778 'pahalammi'  (4333,2887) (4336,2887) (4340,2884) (4339,2879) (4337,2878) (4335,2880) (4332,2885) (4333,2887)
add_area 81109779 'helvetinjarven kansallispuisto'  (4018,3355) (4019,3355) (4020,3357) (4018,3363) (4022,3361) (4025,3361) (4032,3353) (4035,3346) (4032,3343) (4030,3341) (4029,3341) (4023,3346) (4018,3353) (4018,3355)
add_area 81109780 'iso hoyhyjarvi'  (3946,3631) (3946,3636) (3945,3641) (3947,3644) (3954,3644) (3957,3646) (3961,3646) (3961,3645) (3964,3642) (3965,3640) (3965,3638) (3966,3636) (3967,3634) (3965,3633) (3958,3633) (3956,3632) (3953,3629) (3952,3625) (3951,3625) (3949,3626) (3946,3631)
add_area 81109781 'losulammi'  (2953,3360) (2960,3354) (2960,3351) (2959,3345) (2955,3346) (2954,3348) (2954,3352) (2952,3360) (2953,3360)
add_area 81109782 'honkalammi'  (3893,3464) (3894,3465) (3894,3467) (3897,3467) (3906,3461) (3905,3460) (3896,3461) (3893,3464)
add_area 81109783 'ahvenlammi'  (3777,3564) (3781,3559) (3780,3557) (3777,3555) (3773,3558) (3770,3562) (3762,3571) (3760,3575) (3760,3578) (3762,3577) (3765,3573) (3777,3564)
add_area 81109784 'ylasenjarvi'  (3608,3794) (3612,3789) (3619,3785) (3626,3779) (3636,3773) (3637,3770) (3635,3770) (3634,3768) (3638,3761) (3644,3757) (3653,3753) (3657,3749) (3655,3744) (3651,3747) (3648,3752) (3639,3757) (3636,3758) (3632,3762) (3626,3765) (3616,3779) (3613,3781) (3610,3785) (3601,3788) (3598,3792) (3584,3807) (3583,3810) (3576,3817) (3567,3828) (3568,3830) (3575,3826) (3577,3829) (3583,3825) (3584,3831) (3587,3830) (3591,3831) (3588,3828) (3584,3826) (3585,3824) (3588,3820) (3589,3817) (3594,3810) (3597,3808) (3601,3800) (3606,3794) (3608,3794)
add_area 81111223 'kulosaari'  (3164,2760) (3173,2751) (3175,2751) (3177,2747) (3180,2744) (3182,2733) (3185,2729) (3184,2728) (3185,2724) (3184,2721) (3181,2722) (3182,2723) (3175,2727) (3173,2732) (3170,2731) (3161,2735) (3156,2743) (3155,2749) (3147,2756) (3143,2766) (3146,2766) (3151,2763) (3164,2760)
add_area 81111225 'viitasaari'  (3154,2769) (3138,2780) (3134,2780) (3127,2784) (3122,2792) (3122,2795) (3118,2806) (3121,2807) (3124,2811) (3127,2812) (3131,2805) (3137,2800) (3147,2794) (3151,2794) (3156,2790) (3158,2787) (3158,2784) (3161,2778) (3166,2769) (3166,2765) (3164,2764) (3154,2769)
add_area 81111230 'helvettijarvi'  (3820,2682) (3820,2690) (3821,2691) (3824,2689) (3827,2676) (3838,2665) (3851,2654) (3855,2649) (3853,2647) (3832,2663) (3825,2676) (3821,2679) (3820,2682)
add_area 81111237 'nenos-kierinka'  (4136,2531) (4134,2543) (4127,2546) (4119,2544) (4114,2546) (4112,2552) (4106,2558) (4103,2567) (4104,2568) (4126,2563) (4130,2564) (4131,2567) (4126,2581) (4124,2590) (4120,2597) (4117,2606) (4110,2615) (4101,2632) (4092,2642) (4083,2645) (4077,2657) (4071,2663) (4069,2668) (4071,2674) (4078,2679) (4086,2678) (4092,2674) (4096,2666) (4111,2660) (4113,2656) (4113,2647) (4111,2645) (4107,2646) (4106,2644) (4120,2632) (4124,2619) (4128,2615) (4132,2606) (4133,2600) (4141,2593) (4142,2593) (4151,2588) (4163,2575) (4167,2574) (4188,2554) (4188,2548) (4185,2545) (4187,2543) (4190,2534) (4189,2531) (4181,2531) (4168,2538) (4167,2537) (4155,2546) (4152,2544) (4147,2546) (4148,2543) (4146,2537) (4152,2518) (4144,2520) (4136,2531)
add_area 81111613 'janisjarvet'  (2679,3362) (2691,3362) (2702,3365) (2711,3358) (2708,3354) (2707,3351) (2703,3349) (2699,3341) (2693,3339) (2690,3336) (2676,3346) (2671,3352) (2672,3353) (2675,3354) (2676,3356) (2675,3358) (2679,3362)
add_area 81111615 '-'  (3458,2163) (3457,2168) (3460,2171) (3462,2169) (3463,2164) (3466,2158) (3468,2157) (3469,2154) (3465,2156) (3462,2157) (3460,2159) (3461,2161) (3461,2162) (3458,2163)
add_area 81111625 'kortelammi'  (2648,3597) (2652,3596) (2652,3587) (2648,3590) (2646,3593) (2648,3597)
add_area 81112138 'karhulammi'  (3307,3831) (3310,3829) (3314,3828) (3316,3825) (3314,3823) (3315,3821) (3314,3820) (3306,3829) (3305,3830) (3305,3832) (3307,3831)
add_area 81129422 'risujarvi'  (3714,3990) (3716,3986) (3715,3982) (3716,3981) (3715,3976) (3713,3974) (3711,3974) (3711,3973) (3706,3974) (3703,3976) (3703,3978) (3697,3981) (3701,3982) (3707,3992) (3705,3993) (3708,3995) (3714,3990)
add_area 81129424 '-'  (2705,4396) (2700,4393) (2694,4397) (2693,4400) (2701,4403) (2705,4396)
add_area 88323033 '-'  (2431,2618) (2432,2619) (2438,2611) (2446,2607) (2452,2608) (2458,2604) (2459,2601) (2454,2592) (2475,2563) (2473,2562) (2448,2590) (2439,2604) (2430,2617) (2431,2618)
add_area 96015769 '-'  (3889,3870) (4015,3876) (3743,4614) (5313,4614) (5702,3566) (5811,3275) (5206,3306) (4942,3320) (4074,3364) (3889,3870)
add_area 96585055 'ylainen-poikelus'  (3090,998) (3088,1001) (3085,1002) (3084,1003) (3082,1004) (3082,1005) (3083,1006) (3085,1006) (3086,1005) (3087,1005) (3089,1004) (3090,1004) (3091,1004) (3094,1003) (3095,1003) (3096,1002) (3098,1001) (3099,1000) (3101,999) (3103,999) (3105,998) (3105,997) (3106,997) (3108,997) (3109,997) (3111,997) (3112,997) (3114,997) (3116,997) (3116,998) (3118,998) (3119,998) (3121,998) (3122,999) (3122,1000) (3123,999) (3124,998) (3125,998) (3125,997) (3127,996) (3128,994) (3129,993) (3129,992) (3128,992) (3128,991) (3128,990) (3127,990) (3126,989) (3124,989) (3121,989) (3119,990) (3116,990) (3115,990) (3114,991) (3112,991) (3109,992) (3107,992) (3105,993) (3102,993) (3100,994) (3098,995) (3096,995) (3094,995) (3093,996) (3092,996) (3090,998)
add_area 96585066 '-'  (3152,1109) (3151,1112) (3149,1114) (3149,1116) (3149,1118) (3150,1120) (3151,1121) (3154,1121) (3156,1121) (3159,1120) (3161,1119) (3162,1118) (3162,1117) (3163,1115) (3162,1114) (3163,1112) (3162,1110) (3161,1109) (3159,1108) (3157,1107) (3156,1107) (3155,1107) (3153,1108) (3152,1109)
add_area 96585075 'iso-rapuska'  (3102,1167) (3101,1167) (3101,1168) (3100,1169) (3099,1170) (3098,1171) (3098,1172) (3097,1174) (3098,1174) (3098,1175) (3098,1176) (3098,1177) (3099,1177) (3099,1178) (3100,1177) (3101,1177) (3102,1177) (3102,1178) (3103,1177) (3103,1177) (3104,1177) (3105,1177) (3106,1176) (3107,1175) (3108,1174) (3109,1173) (3109,1172) (3109,1171) (3109,1170) (3109,1169) (3109,1169) (3108,1169) (3108,1168) (3108,1168) (3108,1167) (3108,1167) (3108,1167) (3107,1167) (3107,1166) (3107,1166) (3107,1166) (3106,1166) (3106,1165) (3105,1165) (3104,1165) (3103,1165) (3103,1166) (3102,1167)
add_area 96585098 'kaakkolammi'  (3116,1072) (3116,1073) (3115,1075) (3115,1076) (3114,1077) (3113,1078) (3113,1079) (3113,1081) (3114,1081) (3114,1082) (3115,1082) (3115,1082) (3115,1083) (3115,1084) (3115,1084) (3116,1085) (3117,1084) (3118,1083) (3119,1083) (3120,1082) (3121,1081) (3122,1080) (3122,1079) (3123,1078) (3124,1077) (3124,1075) (3123,1074) (3123,1072) (3123,1072) (3122,1071) (3121,1071) (3120,1071) (3119,1072) (3118,1071) (3117,1071) (3116,1072)
add_area 96585107 'keskinen-poikelus'  (3153,969) (3153,973) (3156,973) (3157,975) (3161,975) (3185,966) (3185,969) (3188,974) (3191,984) (3203,981) (3207,975) (3200,973) (3201,970) (3196,961) (3192,958) (3187,952) (3193,944) (3193,942) (3191,941) (3174,957) (3162,961) (3153,969)
add_area 96585127 'valkeajarvi'  (3269,1114) (3265,1120) (3262,1124) (3260,1127) (3257,1129) (3256,1132) (3253,1134) (3252,1135) (3250,1143) (3250,1145) (3246,1151) (3245,1153) (3242,1157) (3239,1164) (3237,1167) (3234,1171) (3233,1175) (3231,1177) (3226,1185) (3223,1189) (3222,1192) (3222,1193) (3223,1193) (3224,1192) (3227,1189) (3229,1187) (3233,1186) (3236,1184) (3239,1183) (3241,1180) (3243,1177) (3243,1174) (3244,1172) (3243,1169) (3243,1165) (3245,1163) (3250,1155) (3251,1154) (3252,1152) (3253,1150) (3254,1147) (3256,1144) (3260,1137) (3262,1136) (3267,1130) (3269,1128) (3272,1123) (3274,1118) (3274,1116) (3274,1115) (3273,1114) (3272,1114) (3271,1114) (3269,1114)
add_area 96585132 '-'  (3220,1047) (3220,1047) (3220,1048) (3220,1049) (3219,1050) (3219,1051) (3218,1052) (3218,1052) (3218,1054) (3218,1055) (3218,1056) (3218,1057) (3218,1058) (3218,1058) (3219,1058) (3220,1058) (3220,1058) (3221,1058) (3222,1058) (3223,1057) (3224,1056) (3225,1056) (3225,1055) (3225,1055) (3224,1054) (3224,1053) (3224,1053) (3224,1052) (3224,1050) (3224,1050) (3224,1049) (3224,1048) (3223,1047) (3223,1047) (3224,1046) (3223,1046) (3223,1046) (3223,1046) (3222,1046) (3222,1046) (3221,1046) (3220,1046) (3220,1046) (3220,1047)
add_area 96586236 '-'  (3622,902) (3614,914) (3614,916) (3617,918) (3617,920) (3611,934) (3607,940) (3609,945) (3606,946) (3606,943) (3604,942) (3599,948) (3602,954) (3606,957) (3611,957) (3630,941) (3630,936) (3627,929) (3627,916) (3630,909) (3629,906) (3625,901) (3622,902)
add_area 96586238 'alinen-poikelus'  (3231,927) (3230,929) (3228,931) (3227,934) (3226,935) (3227,937) (3228,939) (3228,941) (3227,944) (3225,947) (3223,951) (3222,954) (3220,956) (3220,958) (3220,960) (3220,962) (3221,963) (3222,962) (3224,960) (3228,957) (3230,956) (3232,953) (3235,952) (3237,951) (3239,950) (3240,949) (3239,947) (3238,943) (3239,941) (3240,940) (3242,938) (3244,937) (3246,935) (3247,934) (3249,934) (3252,935) (3253,934) (3255,932) (3258,928) (3260,926) (3261,923) (3264,920) (3267,917) (3268,915) (3268,914) (3266,913) (3263,913) (3259,914) (3255,916) (3252,916) (3247,918) (3242,921) (3239,922) (3236,923) (3235,923) (3233,924) (3231,927)
add_area 96586239 'iso-pokkoloinen'  (3364,659) (3362,662) (3357,663) (3352,672) (3334,689) (3326,701) (3331,703) (3336,701) (3350,682) (3365,670) (3386,660) (3392,650) (3364,659)
add_area 96586240 'ruohojarvi'  (3517,764) (3516,766) (3516,766) (3515,767) (3515,767) (3515,768) (3515,768) (3515,769) (3515,769) (3514,770) (3514,772) (3514,773) (3514,774) (3515,775) (3515,776) (3516,776) (3516,776) (3518,775) (3521,774) (3523,773) (3524,771) (3526,770) (3526,768) (3526,767) (3526,764) (3525,762) (3524,761) (3524,760) (3524,758) (3525,757) (3525,755) (3525,753) (3525,751) (3525,750) (3525,749) (3525,749) (3524,749) (3524,750) (3523,752) (3521,754) (3520,756) (3520,757) (3519,758) (3519,759) (3519,760) (3519,761) (3519,762) (3519,762) (3518,764) (3517,764)
add_area 108933843 'pikku kantojarvi'  (3835,2141) (3838,2138) (3838,2136) (3838,2134) (3838,2133) (3838,2132) (3837,2133) (3834,2134) (3833,2135) (3831,2137) (3831,2139) (3830,2141) (3830,2143) (3830,2145) (3831,2145) (3832,2145) (3835,2141)
add_area 114977894 'ahvenlammi'  (2942,140) (2943,143) (2931,148) (2930,149) (2931,149) (2941,145) (2943,147) (2940,151) (2941,151) (2945,147) (2945,145) (2956,140) (2961,139) (2966,136) (2969,127) (2967,124) (2961,124) (2953,128) (2945,135) (2942,140)
add_area 114977896 'laihalammi'  (2931,92) (2924,97) (2919,103) (2919,105) (2922,104) (2940,95) (2943,92) (2942,89) (2938,88) (2931,92)
add_area 114977909 'miekkajarvi'  (2994,221) (2989,230) (2982,234) (2975,242) (2977,243) (2979,241) (2994,237) (3011,227) (3017,220) (3014,218) (3006,219) (3001,218) (2994,221)
add_area 114977914 'vallerinsaari'  (3070,62) (3071,62) (3072,70) (3077,69) (3084,61) (3087,59) (3087,56) (3077,57) (3073,56) (3071,59) (3070,62)
add_area 114997651 'syvanojansaari'  (2835,161) (2837,159) (2836,158) (2834,161) (2835,161)
add_area 114997658 'malitynjarvi'  (2738,112) (2734,115) (2729,117) (2724,119) (2720,119) (2717,118) (2712,118) (2706,118) (2703,116) (2700,118) (2697,123) (2695,129) (2687,135) (2682,137) (2677,136) (2672,135) (2670,135) (2669,135) (2668,135) (2666,135) (2665,137) (2666,138) (2667,138) (2666,139) (2666,141) (2665,145) (2667,148) (2670,148) (2677,144) (2680,144) (2684,140) (2696,134) (2702,134) (2703,136) (2706,132) (2711,128) (2721,129) (2723,127) (2724,128) (2718,138) (2713,138) (2704,141) (2700,152) (2696,157) (2698,168) (2693,174) (2685,188) (2687,191) (2693,193) (2700,194) (2707,193) (2711,188) (2715,186) (2721,181) (2722,180) (2723,180) (2724,177) (2722,175) (2721,171) (2724,165) (2722,156) (2724,151) (2726,149) (2729,147) (2730,149) (2733,147) (2736,140) (2745,129) (2752,125) (2752,124) (2746,126) (2743,124) (2741,113) (2738,112)
add_area 114997698 'heposaari'  (3168,69) (3177,72) (3189,66) (3194,66) (3195,72) (3192,80) (3209,83) (3227,78) (3230,75) (3235,74) (3235,72) (3233,73) (3231,70) (3225,72) (3223,70) (3219,68) (3213,67) (3213,65) (3210,64) (3211,62) (3214,62) (3219,57) (3216,54) (3217,51) (3215,50) (3213,51) (3213,49) (3210,49) (3209,49) (3210,52) (3207,59) (3200,59) (3195,57) (3181,58) (3179,57) (3171,58) (3167,64) (3168,69)
add_area 114997710 'sauninjarvi'  (2719,0) (2715,1) (2711,5) (2700,9) (2696,12) (2698,14) (2710,17) (2709,25) (2713,29) (2719,28) (2726,30) (2727,29) (2728,24) (2731,23) (2735,27) (2739,26) (2751,18) (2756,19) (2764,14) (2769,15) (2778,9) (2779,2) (2781,0) (2764,0) (2761,0) (2746,4) (2742,0) (2741,0) (2720,0) (2719,0)
add_area 115086985 'urtinlammi'  (4187,1945) (4197,1931) (4199,1928) (4197,1929) (4196,1929) (4194,1932) (4191,1935) (4188,1938) (4186,1940) (4184,1943) (4182,1947) (4182,1949) (4183,1949) (4187,1945)
add_area 115096192 'ruojarvi'  (4329,3483) (4339,3470) (4345,3465) (4348,3460) (4353,3457) (4357,3457) (4359,3460) (4360,3468) (4362,3473) (4365,3473) (4370,3472) (4379,3460) (4388,3454) (4396,3451) (4398,3452) (4400,3460) (4397,3467) (4379,3476) (4374,3485) (4359,3498) (4356,3503) (4360,3515) (4371,3520) (4376,3516) (4377,3519) (4382,3518) (4384,3514) (4387,3513) (4384,3512) (4387,3508) (4380,3501) (4378,3494) (4377,3487) (4381,3481) (4388,3474) (4390,3475) (4404,3464) (4409,3463) (4409,3461) (4406,3461) (4402,3458) (4404,3454) (4415,3447) (4430,3434) (4419,3438) (4402,3434) (4391,3438) (4388,3435) (4381,3432) (4372,3434) (4366,3432) (4354,3430) (4344,3434) (4332,3440) (4323,3448) (4319,3449) (4317,3455) (4318,3460) (4320,3461) (4314,3466) (4314,3467) (4317,3465) (4323,3464) (4319,3467) (4319,3470) (4325,3472) (4326,3483) (4329,3483)
add_area 115536814 'saynasaaret'  (3794,5) (3794,6) (3796,6) (3798,7) (3805,3) (3808,8) (3807,12) (3827,5) (3828,7) (3832,5) (3834,6) (3836,5) (3834,3) (3835,2) (3839,1) (3839,0) (3811,0) (3811,0) (3810,0) (3809,0) (3802,0) (3794,5)
add_area 115536830 'haapasaari'  (3363,7) (3363,9) (3360,12) (3363,18) (3371,12) (3374,12) (3375,14) (3382,14) (3391,8) (3396,9) (3403,4) (3406,4) (3411,0) (3370,0) (3363,7)
add_area 115536832 'kuhaluoto'  (3488,1) (3491,5) (3490,8) (3491,12) (3496,12) (3498,19) (3501,20) (3503,25) (3505,24) (3505,23) (3500,18) (3498,11) (3493,10) (3493,4) (3491,0) (3491,0) (3488,0) (3488,1)
add_area 115548004 'kaajarvi'  (3279,425) (3284,424) (3289,421) (3292,418) (3295,412) (3297,408) (3302,406) (3309,402) (3312,396) (3307,393) (3297,392) (3284,393) (3281,395) (3275,394) (3274,391) (3269,391) (3260,393) (3258,396) (3258,398) (3260,399) (3264,401) (3275,400) (3283,402) (3287,401) (3288,402) (3286,404) (3281,405) (3280,408) (3282,409) (3286,408) (3287,408) (3286,412) (3279,415) (3276,424) (3273,427) (3279,425)
add_area 115548005 'matolammi'  (3207,363) (3208,362) (3209,360) (3208,354) (3203,350) (3202,350) (3200,352) (3198,357) (3202,363) (3207,363)
add_area 115548006 '-'  (3886,291) (3886,293) (3886,293) (3890,291) (3890,288) (3887,289) (3886,291)
add_area 115548007 'kalliojarvi'  (3024,472) (3022,474) (3020,481) (3021,482) (3024,482) (3029,480) (3029,479) (3032,473) (3034,473) (3035,470) (3033,470) (3033,467) (3030,468) (3024,472)
add_area 115548008 'riitajarvi'  (3853,224) (3853,219) (3851,218) (3843,222) (3840,220) (3833,219) (3824,222) (3819,226) (3817,227) (3819,229) (3825,230) (3826,234) (3831,239) (3835,240) (3837,239) (3852,226) (3853,224)
add_area 115548010 'talluslampi'  (3158,481) (3158,488) (3154,493) (3150,496) (3150,499) (3155,500) (3159,499) (3161,496) (3162,492) (3164,489) (3166,487) (3167,485) (3163,481) (3159,479) (3160,477) (3158,477) (3155,479) (3158,481)
add_area 115548012 'kaleton'  (3351,289) (3347,290) (3345,289) (3342,289) (3339,292) (3339,294) (3342,296) (3344,300) (3350,303) (3353,303) (3358,299) (3359,291) (3368,278) (3368,274) (3359,279) (3351,289)
add_area 115548014 'ahvenuslammit'  (3503,450) (3503,452) (3506,451) (3508,452) (3509,455) (3512,453) (3513,449) (3520,432) (3524,427) (3526,424) (3528,420) (3527,419) (3525,419) (3523,421) (3516,432) (3517,434) (3516,437) (3513,440) (3507,442) (3504,445) (3501,449) (3503,450)
add_area 115548015 'koverinjarvi'  (3097,507) (3095,510) (3095,514) (3096,517) (3098,517) (3104,514) (3113,503) (3105,503) (3099,505) (3097,507)
add_area 115548016 'pahalammi'  (3411,340) (3414,342) (3416,342) (3421,338) (3421,335) (3419,333) (3419,330) (3418,328) (3412,330) (3407,335) (3411,340)
add_area 115548017 'peravesi'  (3114,495) (3117,496) (3117,498) (3116,500) (3125,494) (3129,489) (3129,487) (3126,485) (3122,485) (3119,487) (3117,490) (3113,493) (3114,495)
add_area 115548018 'lehmijarvi'  (3747,254) (3751,257) (3756,256) (3760,252) (3760,246) (3757,244) (3749,249) (3747,250) (3747,254)
add_area 115548020 'vaarajarvi'  (3415,368) (3423,365) (3425,365) (3426,367) (3432,369) (3438,363) (3436,362) (3436,359) (3427,361) (3423,363) (3418,364) (3414,367) (3415,368)
add_area 115548021 'joutsijarvi'  (3659,243) (3660,241) (3658,240) (3656,240) (3656,242) (3659,243)
add_area 115548022 'haukilammi'  (3606,330) (3597,340) (3593,347) (3590,356) (3592,355) (3599,346) (3611,335) (3613,330) (3611,328) (3606,330)
add_area 115548023 'sammallammi'  (3094,446) (3093,449) (3092,452) (3092,454) (3100,448) (3102,444) (3100,443) (3101,439) (3102,437) (3101,437) (3094,446)
add_area 115548026 '-'  (3496,457) (3496,458) (3499,458) (3501,456) (3502,454) (3499,455) (3497,456) (3496,457)
add_area 115548027 'pengonjarvi'  (3060,462) (3057,470) (3060,474) (3064,473) (3073,467) (3079,470) (3083,474) (3089,472) (3090,469) (3091,467) (3090,462) (3090,456) (3087,455) (3087,454) (3082,453) (3062,460) (3060,462)
add_area 115548031 'salmijarvi'  (3096,488) (3088,491) (3081,495) (3083,505) (3083,507) (3084,509) (3087,508) (3089,505) (3090,500) (3091,498) (3104,495) (3107,492) (3106,489) (3102,488) (3098,486) (3099,485) (3102,484) (3106,482) (3112,478) (3115,473) (3116,469) (3113,464) (3110,464) (3102,468) (3099,470) (3095,484) (3096,488)
add_area 115548035 '-'  (3448,491) (3468,479) (3470,471) (3468,469) (3461,471) (3454,476) (3446,479) (3442,481) (3442,493) (3448,491)
add_area 115646920 'halkosaari'  (3348,171) (3340,177) (3337,182) (3339,184) (3341,183) (3348,178) (3353,175) (3352,170) (3348,171)
add_area 115646937 'penkosaari'  (3347,151) (3344,152) (3343,155) (3347,154) (3349,154) (3351,153) (3355,151) (3354,147) (3350,147) (3347,151)
add_area 115646942 'kakisaari'  (3374,165) (3369,166) (3368,165) (3366,167) (3365,166) (3362,169) (3362,174) (3363,176) (3364,174) (3365,175) (3370,174) (3371,173) (3369,173) (3371,171) (3373,172) (3374,174) (3376,177) (3380,174) (3383,170) (3384,166) (3388,159) (3387,158) (3380,164) (3376,162) (3374,165)
add_area 115649196 'vaarasaari'  (4058,100) (4056,104) (4051,106) (4047,110) (4045,111) (4046,109) (4043,110) (4042,112) (4040,113) (4039,112) (4043,107) (4046,101) (4045,97) (4041,98) (4040,96) (4035,97) (4033,99) (4031,100) (4030,99) (4028,100) (4029,102) (4030,114) (4031,117) (4036,119) (4040,117) (4044,116) (4048,113) (4054,112) (4057,110) (4061,110) (4063,104) (4062,98) (4058,100)
add_area 115649197 'murtosaari'  (4120,57) (4119,56) (4117,57) (4115,59) (4118,61) (4117,64) (4118,65) (4116,67) (4118,71) (4123,73) (4125,78) (4126,77) (4128,78) (4127,80) (4128,82) (4132,79) (4132,75) (4133,75) (4134,73) (4132,73) (4135,67) (4136,64) (4133,61) (4127,61) (4124,59) (4120,60) (4119,59) (4120,57)
add_area 115649198 'runsaankorkee'  (3999,103) (3999,105) (4001,105) (4002,104) (4006,102) (4006,100) (4002,100) (3999,103)
add_area 115649199 'korkeasaari'  (4123,19) (4122,20) (4125,21) (4127,23) (4134,25) (4137,22) (4131,20) (4130,16) (4127,16) (4123,19)
add_area 115649200 'isonkivensaari'  (4098,82) (4096,85) (4093,84) (4090,87) (4088,94) (4086,95) (4087,99) (4081,103) (4079,105) (4080,107) (4084,107) (4092,105) (4094,106) (4096,105) (4099,107) (4106,108) (4106,107) (4105,103) (4100,102) (4099,103) (4097,104) (4096,103) (4099,97) (4099,95) (4100,91) (4098,86) (4099,82) (4098,82)
add_area 115884132 '-'  (4012,331) (4012,337) (4018,338) (4021,337) (4025,330) (4022,329) (4020,326) (4015,327) (4012,331)
add_area 115941444 'majasaari'  (3906,468) (3903,469) (3901,469) (3896,471) (3887,479) (3890,483) (3890,486) (3897,485) (3901,482) (3901,478) (3907,470) (3906,468)
add_area 115941451 'roynio'  (3971,446) (3970,450) (3975,450) (3976,452) (3980,452) (3977,460) (3984,460) (3989,449) (3988,447) (3990,443) (3987,443) (3990,439) (3980,442) (3975,442) (3971,446)
add_area 115941456 'kupusaari'  (3872,546) (3870,546) (3865,553) (3864,555) (3862,558) (3865,557) (3868,558) (3871,559) (3873,558) (3875,553) (3874,551) (3876,546) (3876,544) (3872,546)
add_area 115941458 'pitkajarvi'  (3359,563) (3349,580) (3342,601) (3315,644) (3307,650) (3304,656) (3295,664) (3287,665) (3284,654) (3267,658) (3267,662) (3279,663) (3281,671) (3287,671) (3289,673) (3284,679) (3279,682) (3275,682) (3273,688) (3278,694) (3276,706) (3269,718) (3246,742) (3237,745) (3236,747) (3241,750) (3239,757) (3234,763) (3222,769) (3222,773) (3229,772) (3230,777) (3219,794) (3173,834) (3167,842) (3166,850) (3156,863) (3162,867) (3160,869) (3162,873) (3173,861) (3189,855) (3177,856) (3177,853) (3181,850) (3178,847) (3180,842) (3189,834) (3190,828) (3199,817) (3204,814) (3222,794) (3239,784) (3246,770) (3254,764) (3257,759) (3254,757) (3260,751) (3255,749) (3261,731) (3290,702) (3294,701) (3301,703) (3304,701) (3308,686) (3303,681) (3303,677) (3312,656) (3347,608) (3354,592) (3370,574) (3375,563) (3372,563) (3370,558) (3362,559) (3359,563)
add_area 115941459 'vaha-roynio'  (4003,446) (4008,443) (4011,439) (4010,438) (4004,440) (4003,446)
add_area 115941460 'ylinen paallystenlammi'  (3205,679) (3206,680) (3204,681) (3204,682) (3205,683) (3204,683) (3204,686) (3208,687) (3212,686) (3214,685) (3217,681) (3217,678) (3211,678) (3208,678) (3205,679)
add_area 115941469 'pikku palojarvi'  (3161,602) (3161,604) (3166,606) (3172,604) (3178,600) (3178,596) (3174,595) (3166,597) (3163,599) (3161,602)
add_area 115941472 'alainen paallystenlammi'  (3202,729) (3202,735) (3205,737) (3205,739) (3208,739) (3211,737) (3211,735) (3212,733) (3211,731) (3205,727) (3202,729)
add_area 115941475 'sarkka'  (3851,582) (3849,585) (3850,590) (3855,586) (3859,581) (3861,575) (3859,575) (3854,578) (3851,582)
add_area 116030169 'hankalan isolammi'  (3339,771) (3337,771) (3338,766) (3335,765) (3330,770) (3314,779) (3310,782) (3307,789) (3307,792) (3314,788) (3315,790) (3318,790) (3313,800) (3316,799) (3335,779) (3337,776) (3339,774) (3340,773) (3339,771)
add_area 116030170 'vaha-pokkoloinen'  (3306,704) (3299,712) (3295,725) (3291,729) (3290,736) (3291,737) (3293,736) (3302,731) (3310,722) (3314,714) (3317,709) (3318,707) (3314,705) (3311,702) (3308,701) (3306,702) (3306,704)
add_area 116030173 'kohosaari'  (3731,748) (3735,743) (3731,743) (3726,747) (3731,748)
add_area 116030175 'sisalmyssaari'  (3734,776) (3740,774) (3749,772) (3764,771) (3765,769) (3766,769) (3767,767) (3766,766) (3765,762) (3763,763) (3762,763) (3763,762) (3760,763) (3760,762) (3761,760) (3760,759) (3757,759) (3755,757) (3751,751) (3742,752) (3734,757) (3731,761) (3725,768) (3724,771) (3720,776) (3721,778) (3734,776)
add_area 116030176 'harusaari'  (3787,762) (3785,764) (3786,766) (3791,766) (3794,763) (3793,762) (3793,761) (3801,758) (3803,754) (3799,754) (3788,760) (3787,762)
add_area 116030180 'jussinkari'  (3804,657) (3803,657) (3801,658) (3800,660) (3802,661) (3809,657) (3808,655) (3804,657)
add_area 116030181 'kurkisaari'  (3790,738) (3794,738) (3796,734) (3800,733) (3801,731) (3800,731) (3799,729) (3803,726) (3802,725) (3791,731) (3787,731) (3785,733) (3790,738)
add_area 116030182 'pirttisaari'  (3767,723) (3763,726) (3764,729) (3761,733) (3764,737) (3770,734) (3774,733) (3777,729) (3777,727) (3775,728) (3774,715) (3772,714) (3769,716) (3767,723)
add_area 116030183 'kalliosaari'  (3765,753) (3769,754) (3771,751) (3771,748) (3767,748) (3764,751) (3765,753)
add_area 116030184 'tervasaari'  (3768,682) (3764,686) (3763,690) (3764,692) (3764,693) (3765,693) (3766,691) (3769,690) (3770,687) (3775,680) (3774,677) (3772,677) (3767,679) (3768,682)
add_area 116030186 'lehtisaari'  (3775,737) (3779,737) (3781,735) (3782,732) (3780,733) (3779,732) (3775,734) (3775,737)
add_area 116030187 '-'  (3815,534) (3817,531) (3815,532) (3815,530) (3813,530) (3812,533) (3813,534) (3815,534)
add_area 116194230 'heinasaari'  (3432,895) (3437,901) (3441,903) (3441,904) (3445,907) (3450,908) (3457,905) (3459,908) (3457,912) (3459,918) (3464,919) (3473,917) (3476,909) (3481,902) (3479,899) (3482,894) (3489,887) (3485,887) (3482,889) (3480,888) (3479,891) (3470,892) (3470,887) (3464,884) (3456,874) (3456,869) (3449,866) (3444,865) (3439,875) (3435,875) (3434,876) (3432,883) (3427,889) (3427,893) (3432,895)
add_area 116194257 '-'  (3870,833) (3872,832) (3869,830) (3867,832) (3870,833)
add_area 116194262 'tynnorisaari'  (3437,940) (3438,942) (3447,938) (3447,935) (3441,934) (3437,940)
add_area 116194306 'kalliosaari'  (3504,901) (3506,901) (3508,899) (3509,897) (3507,898) (3505,900) (3504,901)
add_area 116194310 'kuikkalansaari'  (3438,955) (3433,959) (3426,961) (3425,964) (3427,967) (3426,969) (3434,969) (3437,966) (3437,964) (3439,961) (3438,958) (3440,956) (3442,955) (3444,951) (3444,948) (3442,947) (3438,955)
add_area 116194314 'hevossaari'  (3404,910) (3397,909) (3396,905) (3394,904) (3394,899) (3392,899) (3396,889) (3394,889) (3390,892) (3378,897) (3372,905) (3373,908) (3372,909) (3365,912) (3365,915) (3367,917) (3358,927) (3353,931) (3349,937) (3343,944) (3343,948) (3341,949) (3340,949) (3338,951) (3341,952) (3340,955) (3342,958) (3344,957) (3347,954) (3349,948) (3357,944) (3359,944) (3365,945) (3368,945) (3373,945) (3378,940) (3381,938) (3384,940) (3388,938) (3401,928) (3407,925) (3414,917) (3418,914) (3412,905) (3404,910)
add_area 116218959 'sarvijarvi'  (3611,1031) (3609,1035) (3609,1038) (3613,1040) (3616,1046) (3615,1053) (3618,1058) (3617,1063) (3616,1071) (3618,1072) (3627,1071) (3629,1069) (3629,1064) (3625,1062) (3622,1057) (3620,1055) (3621,1048) (3617,1043) (3615,1039) (3615,1039) (3615,1034) (3614,1030) (3611,1031)
add_area 116296279 'mielenlyoma'  (3904,1110) (3901,1112) (3899,1112) (3898,1110) (3896,1109) (3892,1110) (3886,1117) (3885,1122) (3884,1123) (3886,1125) (3888,1129) (3892,1130) (3895,1128) (3901,1126) (3903,1124) (3903,1120) (3908,1112) (3907,1110) (3904,1110)
add_area 116296280 'taninsaari'  (3730,1222) (3737,1223) (3742,1223) (3745,1227) (3751,1228) (3757,1226) (3760,1228) (3766,1227) (3771,1222) (3772,1224) (3784,1214) (3793,1202) (3798,1184) (3805,1177) (3814,1173) (3819,1167) (3820,1164) (3818,1163) (3818,1161) (3815,1161) (3815,1157) (3818,1152) (3822,1153) (3830,1153) (3839,1147) (3843,1138) (3842,1135) (3837,1131) (3838,1128) (3849,1126) (3847,1119) (3837,1122) (3838,1119) (3835,1121) (3833,1123) (3833,1120) (3829,1123) (3832,1124) (3831,1128) (3825,1133) (3822,1132) (3811,1143) (3802,1148) (3794,1156) (3775,1168) (3775,1167) (3772,1170) (3769,1174) (3768,1174) (3762,1180) (3760,1186) (3750,1193) (3745,1198) (3739,1206) (3732,1211) (3728,1219) (3730,1222)
add_area 116296283 'pikku-muurainen'  (3761,1318) (3758,1324) (3753,1326) (3747,1333) (3753,1333) (3754,1335) (3746,1343) (3752,1342) (3755,1342) (3757,1341) (3761,1341) (3760,1345) (3763,1344) (3764,1346) (3759,1352) (3762,1353) (3759,1355) (3761,1356) (3763,1355) (3764,1351) (3767,1349) (3773,1350) (3774,1347) (3779,1344) (3783,1340) (3788,1331) (3789,1325) (3786,1326) (3783,1324) (3783,1322) (3774,1322) (3775,1319) (3774,1318) (3769,1321) (3767,1320) (3770,1317) (3765,1317) (3761,1318)
add_area 116296286 'linnansaari'  (3498,1267) (3501,1263) (3502,1260) (3502,1260) (3499,1261) (3497,1263) (3497,1266) (3498,1267)
add_area 116296287 'vepsansaari'  (3888,1065) (3884,1065) (3882,1066) (3881,1068) (3883,1070) (3877,1078) (3875,1078) (3876,1077) (3871,1080) (3871,1082) (3863,1087) (3860,1091) (3865,1092) (3868,1092) (3881,1085) (3887,1080) (3888,1076) (3886,1075) (3889,1071) (3892,1064) (3888,1065)
add_area 116296288 'iso-pimee'  (3493,1383) (3489,1386) (3488,1389) (3485,1391) (3486,1392) (3506,1383) (3510,1379) (3508,1378) (3510,1376) (3510,1375) (3503,1374) (3492,1380) (3493,1383)
add_area 116296292 'iso-suojama'  (3598,1321) (3600,1320) (3603,1316) (3605,1316) (3605,1318) (3607,1320) (3609,1317) (3615,1321) (3613,1324) (3615,1325) (3621,1319) (3621,1315) (3624,1313) (3623,1311) (3624,1309) (3623,1306) (3626,1300) (3626,1297) (3627,1292) (3625,1289) (3626,1287) (3624,1283) (3622,1283) (3622,1281) (3624,1280) (3625,1279) (3623,1277) (3621,1278) (3621,1281) (3615,1287) (3615,1291) (3614,1292) (3613,1295) (3611,1298) (3611,1299) (3610,1304) (3606,1307) (3604,1306) (3600,1309) (3596,1315) (3596,1317) (3593,1319) (3595,1321) (3594,1322) (3583,1328) (3578,1335) (3579,1339) (3583,1339) (3589,1336) (3594,1330) (3596,1322) (3598,1321)
add_area 116296295 'kuikkala'  (3735,1180) (3732,1183) (3730,1187) (3728,1186) (3726,1188) (3722,1190) (3724,1193) (3723,1195) (3719,1198) (3720,1200) (3723,1199) (3725,1203) (3717,1210) (3719,1213) (3712,1222) (3712,1224) (3708,1227) (3709,1229) (3707,1234) (3703,1238) (3708,1243) (3709,1247) (3712,1244) (3721,1232) (3717,1226) (3719,1221) (3736,1202) (3747,1194) (3752,1188) (3750,1188) (3749,1187) (3751,1186) (3750,1184) (3747,1186) (3746,1185) (3748,1183) (3746,1180) (3742,1181) (3739,1178) (3735,1180)
add_area 116296298 'muurainen'  (3793,1320) (3797,1315) (3794,1314) (3794,1312) (3788,1313) (3786,1315) (3786,1308) (3789,1302) (3800,1297) (3810,1289) (3814,1289) (3816,1288) (3815,1285) (3832,1274) (3838,1270) (3837,1267) (3848,1261) (3851,1264) (3854,1263) (3857,1261) (3856,1259) (3857,1255) (3861,1252) (3857,1244) (3851,1244) (3849,1242) (3854,1234) (3849,1234) (3849,1230) (3845,1229) (3841,1225) (3838,1224) (3833,1217) (3828,1214) (3806,1211) (3798,1214) (3796,1216) (3791,1218) (3781,1225) (3776,1227) (3774,1228) (3769,1230) (3770,1227) (3767,1230) (3767,1235) (3764,1240) (3760,1249) (3761,1253) (3757,1261) (3761,1261) (3758,1269) (3759,1276) (3753,1286) (3760,1282) (3763,1284) (3760,1289) (3763,1290) (3761,1294) (3770,1300) (3775,1298) (3776,1302) (3780,1303) (3780,1315) (3781,1319) (3786,1319) (3787,1323) (3793,1320)
add_area 116529159 '-'  (3389,1411) (3388,1413) (3388,1417) (3383,1424) (3385,1426) (3399,1420) (3401,1410) (3396,1410) (3394,1408) (3389,1411)
add_area 116529160 '-'  (3386,1538) (3386,1542) (3386,1542) (3389,1541) (3391,1540) (3391,1539) (3391,1539) (3389,1539) (3389,1538) (3389,1538) (3389,1538) (3390,1537) (3390,1536) (3389,1536) (3389,1535) (3387,1536) (3386,1538)
add_area 116529165 '-'  (3416,1324) (3417,1324) (3416,1326) (3417,1327) (3419,1328) (3419,1330) (3419,1330) (3420,1329) (3423,1329) (3425,1327) (3427,1326) (3428,1324) (3428,1323) (3425,1325) (3419,1326) (3418,1323) (3417,1323) (3417,1321) (3414,1323) (3416,1324)
add_area 116529166 '-'  (3430,1406) (3434,1408) (3435,1410) (3439,1407) (3438,1406) (3437,1407) (3431,1406) (3426,1408) (3425,1407) (3420,1406) (3412,1409) (3405,1417) (3407,1420) (3406,1424) (3406,1428) (3411,1427) (3413,1426) (3415,1424) (3415,1422) (3418,1420) (3426,1412) (3427,1409) (3430,1406)
add_area 118640874 'haukijarvi'  (2236,2962) (2245,2958) (2253,2950) (2255,2947) (2251,2944) (2244,2942) (2238,2942) (2230,2944) (2225,2944) (2219,2948) (2219,2946) (2213,2950) (2212,2948) (2205,2952) (2199,2948) (2196,2949) (2188,2955) (2185,2960) (2185,2966) (2179,2968) (2175,2973) (2167,2984) (2163,2996) (2165,3000) (2161,3004) (2153,3006) (2150,3011) (2148,3016) (2153,3021) (2163,3019) (2171,3012) (2177,3004) (2186,2998) (2194,2996) (2202,2990) (2204,2984) (2216,2970) (2224,2965) (2236,2962)
add_area 118640877 'pitkajarvi'  (2325,2880) (2327,2875) (2335,2868) (2344,2857) (2346,2849) (2358,2845) (2361,2842) (2364,2837) (2363,2834) (2364,2829) (2369,2819) (2367,2818) (2367,2811) (2370,2801) (2360,2802) (2358,2805) (2357,2818) (2354,2818) (2350,2822) (2346,2822) (2350,2808) (2361,2799) (2363,2795) (2360,2787) (2362,2783) (2359,2780) (2363,2763) (2366,2759) (2367,2749) (2366,2743) (2367,2736) (2377,2724) (2374,2717) (2382,2709) (2384,2704) (2380,2700) (2382,2693) (2389,2682) (2388,2678) (2390,2670) (2397,2660) (2393,2659) (2384,2669) (2381,2675) (2381,2681) (2377,2687) (2367,2696) (2363,2702) (2360,2720) (2362,2724) (2363,2724) (2364,2729) (2361,2734) (2357,2738) (2353,2739) (2341,2766) (2343,2768) (2346,2768) (2343,2780) (2343,2787) (2347,2791) (2345,2800) (2342,2805) (2342,2808) (2335,2814) (2332,2830) (2327,2838) (2329,2843) (2327,2845) (2324,2855) (2311,2882) (2302,2896) (2304,2897) (2306,2897) (2325,2880)
add_area 120456717 'vuorijarvi'  (2894,1230) (2890,1234) (2887,1236) (2888,1237) (2881,1251) (2881,1253) (2882,1254) (2885,1253) (2888,1254) (2890,1253) (2891,1251) (2890,1248) (2889,1246) (2887,1242) (2898,1230) (2904,1224) (2905,1223) (2905,1222) (2901,1224) (2898,1228) (2894,1230)
add_area 120456720 'isosaari'  (3000,1005) (2992,1017) (2993,1020) (3006,1016) (3012,1007) (3009,1002) (3004,1001) (3000,1005)
add_area 120456721 'nimeton'  (2939,1201) (2943,1198) (2951,1194) (2955,1189) (2956,1186) (2953,1187) (2937,1198) (2937,1199) (2939,1201)
add_area 120456726 'sokealammi'  (2812,1218) (2812,1219) (2809,1220) (2808,1219) (2806,1222) (2810,1224) (2814,1223) (2815,1217) (2812,1218)
add_area 120491896 'ahvenlammi'  (2925,1303) (2921,1305) (2917,1311) (2915,1315) (2910,1324) (2908,1330) (2908,1332) (2910,1332) (2916,1328) (2920,1322) (2919,1320) (2922,1317) (2931,1310) (2933,1307) (2930,1302) (2925,1303)
add_area 120491898 'iso-salmijarvi'  (3013,1196) (3013,1199) (3011,1201) (3008,1203) (3005,1206) (3003,1211) (3003,1214) (3000,1218) (2998,1222) (2999,1223) (3001,1222) (3003,1220) (3005,1219) (3007,1218) (3008,1220) (3010,1219) (3014,1216) (3018,1215) (3022,1218) (3025,1218) (3027,1214) (3028,1209) (3028,1204) (3025,1202) (3023,1200) (3021,1199) (3017,1202) (3016,1202) (3016,1200) (3020,1194) (3021,1190) (3020,1190) (3014,1194) (3013,1196)
add_area 120491899 'lamminlammi'  (3005,1398) (3001,1403) (3000,1409) (3000,1414) (2997,1421) (2995,1431) (2990,1435) (2985,1439) (2981,1445) (2981,1449) (2981,1450) (2982,1450) (2989,1445) (2990,1442) (2993,1439) (2995,1439) (2998,1437) (2998,1434) (2997,1432) (3000,1425) (3004,1419) (3007,1413) (3008,1405) (3011,1399) (3007,1398) (3005,1398)
add_area 120491900 'rasunjarvi'  (2811,1418) (2811,1421) (2813,1422) (2815,1427) (2815,1430) (2818,1430) (2819,1433) (2828,1431) (2834,1433) (2839,1431) (2838,1429) (2833,1425) (2831,1422) (2826,1421) (2822,1417) (2819,1413) (2814,1412) (2811,1418)
add_area 120491901 'vastalammi'  (2928,1470) (2922,1478) (2920,1482) (2918,1489) (2918,1490) (2919,1492) (2920,1495) (2924,1495) (2928,1489) (2930,1488) (2939,1479) (2935,1479) (2933,1478) (2932,1475) (2931,1469) (2928,1470)
add_area 120491902 'vaha-jakama'  (3187,1320) (3184,1325) (3180,1332) (3176,1333) (3165,1340) (3158,1340) (3155,1340) (3154,1343) (3155,1345) (3154,1348) (3150,1355) (3138,1367) (3126,1373) (3114,1383) (3118,1388) (3124,1388) (3128,1384) (3136,1384) (3141,1382) (3146,1380) (3152,1377) (3157,1370) (3157,1367) (3159,1365) (3162,1364) (3166,1361) (3169,1357) (3169,1354) (3175,1343) (3184,1337) (3196,1325) (3196,1322) (3197,1320) (3195,1319) (3187,1320)
add_area 120491915 'perijarvi'  (2787,1590) (2780,1594) (2781,1597) (2783,1596) (2786,1593) (2797,1587) (2801,1586) (2809,1577) (2808,1574) (2811,1568) (2810,1568) (2809,1567) (2794,1577) (2787,1590)
add_area 120491916 'tienarinlammi'  (3132,1318) (3126,1322) (3125,1325) (3129,1326) (3129,1328) (3128,1330) (3127,1332) (3128,1334) (3131,1334) (3132,1325) (3136,1318) (3136,1316) (3132,1318)
add_area 120491917 '-'  (2889,1521) (2884,1522) (2884,1523) (2883,1524) (2886,1525) (2887,1527) (2888,1527) (2893,1525) (2895,1522) (2899,1517) (2903,1509) (2902,1509) (2902,1509) (2889,1521)
add_area 120491918 '-'  (3004,1227) (2998,1230) (2995,1229) (2994,1228) (2989,1235) (2987,1241) (2988,1244) (2988,1244) (2990,1241) (2993,1238) (2996,1238) (3003,1235) (3008,1236) (3010,1232) (3012,1229) (3015,1230) (3016,1228) (3016,1228) (3014,1229) (3013,1228) (3013,1227) (3008,1225) (3007,1222) (3004,1227)
add_area 120491919 'pikku salmijarvi'  (3055,1219) (3054,1222) (3055,1223) (3057,1223) (3058,1223) (3057,1224) (3055,1225) (3053,1224) (3051,1224) (3047,1228) (3041,1233) (3042,1235) (3046,1232) (3050,1231) (3055,1231) (3058,1230) (3060,1229) (3061,1227) (3060,1224) (3058,1225) (3058,1224) (3062,1223) (3066,1220) (3067,1218) (3068,1215) (3066,1214) (3060,1215) (3056,1217) (3055,1219)
add_area 120491920 'pikku vuohilammi'  (2836,1331) (2836,1333) (2838,1333) (2839,1331) (2837,1330) (2836,1331)
add_area 120491921 '-'  (3112,1147) (3113,1147) (3112,1150) (3116,1146) (3112,1146) (3112,1147)
add_area 120491922 'pikku-rasu'  (2858,1423) (2864,1421) (2864,1418) (2861,1416) (2858,1421) (2858,1423)
add_area 120491923 'iso vuohilammi'  (2839,1345) (2841,1346) (2843,1344) (2845,1344) (2845,1343) (2846,1342) (2845,1339) (2840,1343) (2839,1345)
add_area 120581563 'suolijarvi'  (3047,1673) (3043,1682) (3034,1691) (3033,1694) (3022,1700) (3019,1705) (3015,1710) (3000,1729) (2994,1734) (2993,1735) (2993,1739) (2989,1745) (2973,1761) (2974,1762) (2979,1757) (2985,1755) (2986,1760) (2985,1764) (2986,1764) (2992,1759) (2994,1754) (3002,1745) (3016,1722) (3020,1714) (3040,1693) (3056,1676) (3051,1677) (3049,1675) (3048,1673) (3047,1673)
add_area 120581586 'pikku suolijarvi'  (2967,1629) (2963,1635) (2959,1643) (2959,1649) (2952,1661) (2951,1663) (2952,1664) (2957,1659) (2959,1654) (2963,1648) (2964,1642) (2971,1630) (2972,1625) (2970,1624) (2967,1627) (2967,1629)
add_area 120581587 'pimeajarvi'  (3344,1531) (3340,1541) (3339,1545) (3341,1552) (3341,1557) (3341,1560) (3339,1561) (3339,1564) (3343,1566) (3343,1569) (3344,1570) (3344,1572) (3345,1573) (3348,1573) (3350,1573) (3352,1573) (3354,1574) (3355,1575) (3356,1578) (3358,1579) (3360,1580) (3362,1579) (3364,1579) (3366,1579) (3368,1577) (3369,1575) (3372,1573) (3373,1571) (3373,1570) (3372,1567) (3369,1563) (3366,1561) (3365,1559) (3364,1556) (3361,1552) (3361,1545) (3359,1540) (3355,1533) (3354,1533) (3352,1528) (3346,1529) (3344,1531)
add_area 120581588 'romppilammi'  (3238,1549) (3242,1549) (3242,1547) (3240,1545) (3238,1548) (3238,1549)
add_area 120581589 'haukkalammi'  (3280,1552) (3282,1553) (3292,1542) (3289,1538) (3286,1539) (3282,1543) (3280,1552)
add_area 120852718 'paulajarvi'  (3007,710) (3005,715) (3006,718) (3014,723) (3016,723) (3020,720) (3026,714) (3030,713) (3033,714) (3034,716) (3036,716) (3038,713) (3047,706) (3047,703) (3046,702) (3041,704) (3038,707) (3034,709) (3030,709) (3023,712) (3021,712) (3020,710) (3016,710) (3011,705) (3007,707) (3007,710)
add_area 120852747 'lamminlammi'  (2819,1084) (2823,1083) (2829,1080) (2834,1077) (2837,1072) (2839,1070) (2841,1071) (2846,1066) (2836,1071) (2829,1072) (2821,1078) (2817,1079) (2819,1084)
add_area 120852748 'rajalammi'  (3104,815) (3104,817) (3101,820) (3098,820) (3095,824) (3087,826) (3084,828) (3083,829) (3083,830) (3084,828) (3087,828) (3088,827) (3096,824) (3098,825) (3102,823) (3103,819) (3106,817) (3108,817) (3110,815) (3112,813) (3111,812) (3108,813) (3108,814) (3103,815) (3104,815)
add_area 120852750 'pieni rajalammi'  (3114,801) (3113,799) (3112,800) (3112,802) (3114,801)
add_area 120852751 'vainiolammi'  (2989,758) (2988,760) (2987,761) (2987,761) (2989,760) (2991,759) (2993,757) (2991,758) (2990,757) (2989,757) (2989,758)
add_area 120852752 'hirvilammi'  (2857,975) (2858,976) (2860,975) (2863,974) (2864,974) (2870,970) (2870,968) (2861,971) (2858,973) (2857,975)
add_area 120852753 'pahalammi'  (3083,733) (3078,739) (3078,740) (3079,740) (3085,734) (3088,733) (3093,726) (3092,725) (3085,729) (3083,733)
add_area 120852754 '-'  (3098,671) (3097,673) (3098,675) (3100,673) (3100,671) (3100,670) (3100,667) (3100,667) (3098,669) (3098,671)
add_area 120858561 'iso-sarkijarvi'  (2585,925) (2591,924) (2594,926) (2597,925) (2609,918) (2618,915) (2623,911) (2626,910) (2632,906) (2632,905) (2628,906) (2624,907) (2619,908) (2613,913) (2608,913) (2603,915) (2597,915) (2591,920) (2584,923) (2585,925)
add_area 120858577 'majavesi'  (2729,681) (2724,686) (2724,691) (2722,699) (2717,707) (2715,713) (2716,717) (2712,728) (2703,735) (2689,739) (2680,744) (2672,754) (2667,764) (2664,768) (2665,773) (2665,774) (2669,773) (2675,773) (2678,775) (2679,775) (2689,770) (2694,768) (2700,764) (2702,759) (2701,754) (2702,749) (2707,744) (2709,738) (2710,735) (2715,731) (2715,730) (2718,727) (2718,725) (2720,719) (2729,712) (2741,699) (2746,690) (2746,687) (2744,684) (2737,683) (2734,681) (2729,681)
add_area 120858582 'tulijarvi'  (2644,765) (2643,762) (2639,759) (2631,763) (2628,768) (2624,770) (2617,771) (2613,774) (2605,788) (2603,791) (2598,795) (2597,801) (2595,804) (2591,806) (2588,810) (2584,813) (2582,818) (2580,822) (2577,825) (2576,825) (2574,826) (2570,830) (2570,830) (2568,832) (2563,837) (2560,841) (2556,845) (2555,847) (2552,850) (2547,861) (2548,865) (2551,867) (2571,861) (2572,860) (2574,854) (2572,848) (2572,845) (2581,836) (2584,833) (2585,832) (2587,831) (2595,821) (2597,815) (2605,808) (2605,807) (2609,805) (2613,801) (2620,799) (2626,795) (2628,792) (2625,788) (2628,783) (2628,782) (2642,769) (2643,767) (2644,765)
add_area 120858597 'pieni sarkijarvi'  (2576,946) (2573,948) (2569,956) (2570,959) (2573,959) (2576,956) (2581,955) (2589,944) (2588,942) (2585,944) (2580,944) (2576,946)
add_area 120858598 'vaha kivijarvi'  (2424,781) (2416,783) (2413,786) (2412,789) (2417,789) (2421,790) (2430,788) (2444,779) (2449,778) (2454,775) (2454,772) (2448,773) (2443,772) (2435,775) (2424,781)
add_area 120858599 'hangasjarvi'  (2620,518) (2621,519) (2624,519) (2624,522) (2627,526) (2630,526) (2630,529) (2634,530) (2641,527) (2650,515) (2652,512) (2652,510) (2652,505) (2652,504) (2652,500) (2650,497) (2645,495) (2640,498) (2621,515) (2620,518)
add_area 120858602 'kaitalanjarvi'  (2975,503) (2974,501) (2971,502) (2959,514) (2945,522) (2940,528) (2935,530) (2930,540) (2931,543) (2934,542) (2938,537) (2945,532) (2950,526) (2955,524) (2961,521) (2974,506) (2975,503)
add_area 120858605 'penkolammi'  (2515,740) (2520,738) (2525,738) (2528,742) (2533,744) (2539,741) (2542,742) (2544,745) (2547,746) (2555,747) (2562,739) (2562,736) (2558,735) (2557,733) (2548,732) (2545,725) (2546,717) (2544,716) (2537,719) (2533,717) (2530,718) (2521,725) (2510,738) (2511,739) (2515,740)
add_area 120858608 '-'  (2679,574) (2685,570) (2685,569) (2683,568) (2682,569) (2678,573) (2679,574)
add_area 120858612 'hyyrynjarvi'  (2765,481) (2767,487) (2780,487) (2783,484) (2784,480) (2782,477) (2772,473) (2764,478) (2765,481)
add_area 120858613 '-'  (2937,612) (2932,624) (2933,625) (2939,622) (2943,614) (2945,607) (2939,608) (2937,612)
add_area 120858615 'pikku-kakkuri'  (3033,569) (3034,571) (3040,575) (3041,574) (3039,571) (3037,568) (3034,568) (3033,569)
add_area 120858618 'heinalammi'  (2528,822) (2526,826) (2524,835) (2524,839) (2527,833) (2530,831) (2534,829) (2545,818) (2545,817) (2534,820) (2531,821) (2528,822)
add_area 120858621 'iso-kakkuri'  (3010,547) (3007,548) (3007,551) (3013,556) (3016,555) (3018,550) (3018,548) (3013,545) (3010,547)
add_area 120858622 'satimusjarvet'  (2667,589) (2666,592) (2667,594) (2668,596) (2672,595) (2678,589) (2685,580) (2684,578) (2682,577) (2678,578) (2672,582) (2667,589)
add_area 120910857 'latojarvi'  (2622,1104) (2620,1107) (2619,1112) (2615,1120) (2608,1125) (2607,1128) (2608,1130) (2607,1134) (2608,1134) (2615,1129) (2618,1125) (2617,1124) (2618,1121) (2620,1120) (2625,1115) (2629,1114) (2636,1111) (2639,1112) (2645,1112) (2659,1103) (2666,1098) (2662,1097) (2654,1099) (2649,1101) (2637,1100) (2634,1101) (2629,1100) (2622,1104)
add_area 120910860 'oraslampi'  (2714,1093) (2715,1097) (2714,1100) (2705,1104) (2708,1107) (2709,1109) (2714,1111) (2713,1113) (2719,1108) (2721,1103) (2723,1102) (2726,1101) (2727,1102) (2739,1094) (2742,1091) (2734,1088) (2725,1091) (2721,1089) (2715,1091) (2714,1093)
add_area 120910861 'paskolampi'  (2527,1152) (2526,1155) (2529,1160) (2539,1152) (2541,1154) (2544,1154) (2545,1156) (2548,1166) (2551,1169) (2553,1169) (2557,1165) (2557,1163) (2552,1161) (2551,1157) (2548,1156) (2547,1152) (2548,1148) (2551,1145) (2550,1143) (2530,1148) (2527,1152)
add_area 120910862 'pikku-pukuri'  (2609,968) (2605,969) (2599,974) (2594,975) (2592,974) (2590,974) (2588,973) (2581,977) (2578,976) (2575,978) (2573,978) (2567,981) (2571,983) (2576,983) (2576,985) (2578,987) (2582,985) (2586,985) (2588,988) (2591,987) (2595,984) (2600,984) (2603,981) (2606,980) (2613,981) (2626,969) (2626,968) (2615,970) (2609,968)
add_area 120910865 'vaha-latojarvi'  (2682,1095) (2682,1097) (2679,1098) (2676,1102) (2671,1107) (2675,1108) (2677,1111) (2680,1113) (2686,1112) (2687,1109) (2692,1105) (2697,1103) (2701,1098) (2703,1097) (2704,1097) (2706,1096) (2707,1093) (2710,1090) (2710,1089) (2708,1088) (2689,1091) (2683,1093) (2682,1095)
add_area 120910872 '-'  (2784,796) (2785,796) (2785,799) (2784,802) (2783,805) (2784,804) (2785,802) (2787,797) (2787,794) (2784,794) (2784,796)
add_area 120910873 'jokijarvi'  (2689,1168) (2692,1173) (2696,1172) (2698,1171) (2699,1172) (2704,1170) (2705,1168) (2703,1166) (2705,1159) (2704,1158) (2703,1157) (2694,1160) (2690,1165) (2689,1168)
add_area 120910874 'suolampi'  (2652,992) (2647,996) (2647,998) (2649,998) (2653,996) (2655,998) (2658,999) (2664,998) (2667,995) (2672,993) (2678,988) (2679,985) (2678,983) (2675,984) (2672,987) (2656,991) (2652,992)
add_area 120910875 '-'  (2686,1038) (2687,1038) (2690,1037) (2693,1033) (2692,1032) (2686,1036) (2686,1038)
add_area 120910876 'pikku jokijarvi'  (2966,558) (2968,556) (2971,556) (2971,553) (2971,551) (2970,550) (2965,556) (2966,558)
add_area 121160863 'hankojarvi'  (2368,1207) (2371,1208) (2374,1209) (2378,1215) (2378,1222) (2380,1226) (2379,1229) (2381,1238) (2384,1236) (2388,1233) (2388,1233) (2386,1237) (2383,1240) (2381,1240) (2379,1244) (2380,1247) (2369,1261) (2360,1268) (2350,1278) (2352,1283) (2353,1283) (2358,1279) (2366,1274) (2371,1266) (2386,1245) (2400,1230) (2411,1222) (2411,1220) (2413,1216) (2416,1215) (2417,1215) (2424,1212) (2425,1214) (2429,1213) (2431,1212) (2441,1208) (2444,1199) (2443,1196) (2439,1198) (2433,1200) (2433,1198) (2436,1194) (2444,1191) (2450,1193) (2460,1187) (2468,1178) (2473,1174) (2478,1172) (2483,1170) (2483,1167) (2480,1165) (2478,1166) (2478,1163) (2472,1161) (2462,1163) (2460,1165) (2459,1165) (2461,1163) (2458,1162) (2445,1171) (2439,1170) (2435,1172) (2426,1181) (2399,1202) (2394,1204) (2393,1201) (2388,1197) (2382,1198) (2379,1197) (2374,1198) (2366,1201) (2363,1204) (2363,1206) (2365,1205) (2368,1207)
add_area 121160864 'iso-pukuri'  (2531,1010) (2528,1014) (2524,1016) (2516,1022) (2508,1029) (2499,1040) (2496,1039) (2493,1041) (2484,1047) (2480,1053) (2473,1068) (2471,1073) (2468,1082) (2471,1083) (2473,1082) (2477,1073) (2479,1064) (2484,1057) (2496,1049) (2497,1049) (2498,1050) (2496,1054) (2496,1055) (2501,1055) (2505,1053) (2508,1050) (2515,1048) (2519,1042) (2525,1037) (2533,1032) (2534,1028) (2534,1024) (2532,1023) (2537,1016) (2537,1015) (2547,1006) (2548,1004) (2534,1011) (2534,1009) (2531,1010)
add_area 121160865 'vekarajarvi'  (2444,996) (2436,1005) (2421,1012) (2415,1019) (2413,1027) (2415,1029) (2411,1040) (2411,1049) (2413,1053) (2416,1053) (2419,1050) (2424,1049) (2434,1042) (2439,1041) (2440,1045) (2435,1054) (2431,1058) (2429,1065) (2434,1064) (2436,1067) (2440,1067) (2447,1063) (2451,1062) (2455,1058) (2455,1052) (2458,1047) (2456,1043) (2461,1034) (2474,1021) (2475,1016) (2480,1017) (2483,1016) (2486,1011) (2487,1006) (2492,999) (2488,992) (2483,993) (2482,991) (2479,991) (2477,993) (2472,994) (2471,993) (2474,990) (2461,988) (2444,996)
add_area 121160866 'sarattolampi'  (2670,1373) (2670,1376) (2672,1378) (2675,1377) (2680,1370) (2682,1365) (2681,1364) (2678,1365) (2675,1369) (2672,1371) (2670,1373)
add_area 121160871 'ala-majavesi'  (2335,1066) (2325,1071) (2315,1081) (2312,1083) (2315,1083) (2321,1084) (2325,1082) (2334,1084) (2339,1083) (2343,1080) (2359,1063) (2362,1058) (2364,1053) (2363,1051) (2360,1053) (2355,1055) (2349,1055) (2335,1066)
add_area 121160872 'hankolampi'  (2274,1217) (2270,1222) (2264,1230) (2266,1233) (2265,1236) (2247,1243) (2249,1248) (2239,1258) (2227,1266) (2228,1268) (2235,1265) (2242,1261) (2250,1251) (2262,1245) (2266,1246) (2279,1237) (2281,1234) (2281,1233) (2273,1235) (2271,1233) (2277,1223) (2278,1219) (2282,1215) (2284,1209) (2284,1208) (2277,1212) (2274,1217)
add_area 121160873 'yla-majavesi'  (2363,1068) (2366,1070) (2365,1077) (2367,1080) (2371,1079) (2374,1086) (2373,1090) (2377,1093) (2381,1092) (2383,1089) (2384,1089) (2384,1094) (2387,1095) (2392,1087) (2399,1084) (2400,1083) (2403,1081) (2407,1071) (2410,1068) (2410,1062) (2408,1059) (2404,1062) (2398,1062) (2399,1059) (2397,1055) (2390,1059) (2378,1073) (2375,1073) (2376,1070) (2375,1067) (2382,1062) (2384,1059) (2383,1056) (2378,1059) (2376,1059) (2376,1058) (2379,1055) (2378,1054) (2375,1054) (2369,1060) (2364,1063) (2363,1068)
add_area 121160874 'syvajarvi'  (2420,1072) (2417,1073) (2410,1081) (2402,1096) (2397,1099) (2394,1100) (2392,1101) (2390,1105) (2387,1108) (2380,1110) (2374,1114) (2367,1123) (2363,1125) (2358,1129) (2358,1131) (2361,1131) (2364,1134) (2361,1139) (2362,1142) (2363,1143) (2368,1141) (2373,1141) (2375,1138) (2378,1137) (2378,1137) (2381,1135) (2383,1130) (2393,1122) (2394,1120) (2390,1120) (2393,1116) (2395,1114) (2397,1116) (2399,1117) (2402,1115) (2407,1107) (2434,1086) (2439,1073) (2436,1073) (2434,1071) (2429,1078) (2426,1077) (2426,1075) (2424,1074) (2425,1069) (2421,1069) (2420,1072)
add_area 121160875 'nikulilammit'  (2707,1376) (2707,1376) (2706,1379) (2706,1380) (2709,1378) (2712,1377) (2710,1374) (2707,1375) (2707,1376)
add_area 121160876 '-'  (2718,1380) (2719,1382) (2721,1381) (2720,1380) (2721,1378) (2721,1377) (2718,1377) (2717,1378) (2718,1380)
add_area 121269875 'nikinsaari'  (2522,124) (2524,124) (2525,118) (2532,117) (2555,101) (2563,92) (2568,88) (2576,77) (2582,76) (2585,76) (2588,74) (2588,73) (2585,71) (2582,70) (2580,67) (2577,67) (2577,65) (2578,63) (2582,62) (2584,62) (2585,59) (2590,53) (2591,50) (2591,48) (2589,46) (2589,41) (2587,40) (2581,41) (2570,46) (2560,54) (2557,56) (2554,58) (2552,65) (2554,67) (2549,74) (2543,81) (2544,87) (2535,92) (2524,106) (2523,112) (2518,116) (2518,117) (2524,118) (2524,120) (2522,124)
add_area 121269876 'kaakkurilammi'  (2624,320) (2625,321) (2629,320) (2630,319) (2629,318) (2630,317) (2629,317) (2628,316) (2624,318) (2624,320)
add_area 121269877 '-'  (2550,329) (2547,335) (2546,339) (2550,339) (2554,341) (2556,341) (2562,335) (2562,329) (2554,326) (2550,329)
add_area 121287481 '-'  (233,4613) (233,4612) (234,4611) (235,4610) (235,4610) (236,4609) (237,4608) (238,4607) (238,4606) (239,4606) (241,4605) (241,4604) (242,4603) (243,4602) (244,4602) (244,4601) (245,4600) (246,4600) (247,4600) (248,4600) (249,4600) (250,4599) (250,4598) (250,4598) (249,4597) (249,4597) (248,4597) (247,4597) (247,4597) (246,4597) (245,4597) (244,4597) (242,4598) (240,4599) (239,4600) (238,4600) (237,4600) (235,4601) (234,4601) (232,4602) (231,4603) (229,4604) (228,4605) (227,4606) (227,4606) (225,4606) (225,4606) (224,4606) (224,4606) (223,4606) (223,4606) (222,4606) (222,4606) (221,4607) (220,4607) (219,4608) (219,4608) (218,4609) (217,4611) (217,4612) (216,4614) (216,4614) (232,4614) (233,4613)
add_area 121287486 '-'  (155,4504) (155,4509) (147,4534) (148,4536) (153,4538) (160,4536) (166,4531) (173,4521) (177,4510) (175,4507) (162,4505) (160,4504) (155,4504)
add_area 124795354 'kierinkosaari'  (4361,4170) (4359,4167) (4358,4166) (4356,4166) (4350,4166) (4346,4166) (4340,4167) (4338,4167) (4335,4167) (4333,4168) (4331,4169) (4330,4171) (4330,4172) (4328,4173) (4324,4179) (4324,4181) (4325,4182) (4323,4186) (4320,4188) (4319,4190) (4320,4195) (4323,4198) (4330,4195) (4337,4192) (4342,4192) (4347,4192) (4349,4190) (4352,4188) (4357,4182) (4356,4180) (4355,4177) (4361,4173) (4362,4172) (4361,4170)
add_area 124801335 'ponttokari'  (4434,4343) (4433,4344) (4432,4345) (4433,4345) (4434,4345) (4435,4344) (4436,4343) (4436,4341) (4436,4341) (4435,4341) (4433,4342) (4434,4343)
add_area 124801339 'kanisaari'  (4608,4265) (4608,4265) (4609,4266) (4610,4266) (4611,4266) (4612,4267) (4612,4267) (4613,4267) (4614,4266) (4614,4265) (4614,4264) (4613,4264) (4613,4264) (4612,4264) (4611,4264) (4611,4265) (4610,4265) (4609,4265) (4608,4265) (4608,4265)
add_area 124801340 'kymmenpuu'  (4446,4317) (4446,4319) (4446,4319) (4447,4321) (4448,4321) (4449,4322) (4450,4323) (4450,4323) (4451,4322) (4452,4321) (4452,4320) (4453,4319) (4453,4317) (4453,4315) (4454,4314) (4455,4312) (4456,4311) (4455,4311) (4455,4311) (4453,4312) (4453,4312) (4452,4313) (4451,4314) (4449,4315) (4447,4316) (4446,4317)
add_area 124801342 'kaakkosaari'  (4423,4303) (4423,4304) (4424,4305) (4425,4306) (4427,4305) (4427,4304) (4428,4302) (4432,4299) (4433,4298) (4435,4298) (4436,4297) (4437,4297) (4437,4296) (4435,4296) (4434,4297) (4432,4297) (4431,4296) (4431,4296) (4430,4297) (4429,4298) (4428,4298) (4427,4299) (4426,4300) (4426,4301) (4425,4302) (4423,4303) (4423,4303)
add_area 124801344 'pieska'  (4484,4203) (4484,4204) (4484,4205) (4485,4206) (4486,4207) (4486,4208) (4488,4209) (4489,4208) (4490,4208) (4491,4208) (4491,4208) (4493,4209) (4495,4210) (4496,4211) (4496,4213) (4495,4214) (4494,4215) (4493,4216) (4492,4216) (4491,4218) (4490,4219) (4488,4220) (4487,4221) (4487,4222) (4486,4222) (4486,4223) (4485,4224) (4486,4224) (4487,4223) (4488,4223) (4490,4223) (4491,4222) (4491,4223) (4491,4224) (4492,4224) (4493,4224) (4494,4223) (4495,4223) (4496,4223) (4497,4222) (4498,4221) (4498,4219) (4499,4217) (4500,4217) (4501,4217) (4502,4217) (4504,4217) (4505,4215) (4505,4214) (4504,4212) (4503,4211) (4500,4209) (4499,4207) (4499,4205) (4499,4204) (4498,4203) (4496,4201) (4496,4200) (4495,4198) (4494,4197) (4492,4197) (4490,4198) (4489,4198) (4488,4199) (4489,4200) (4488,4200) (4487,4200) (4487,4201) (4486,4202) (4485,4202) (4485,4202) (4484,4203)
add_area 124801347 'poyry'  (4419,4223) (4414,4232) (4407,4239) (4406,4241) (4409,4240) (4407,4243) (4406,4247) (4408,4247) (4416,4241) (4421,4242) (4424,4245) (4435,4239) (4437,4242) (4438,4242) (4437,4239) (4439,4234) (4445,4229) (4447,4226) (4443,4222) (4443,4218) (4437,4216) (4419,4223)
add_area 124805483 'juusenkari'  (4353,4423) (4353,4424) (4354,4424) (4356,4423) (4357,4422) (4358,4420) (4358,4418) (4357,4418) (4356,4419) (4355,4421) (4353,4422) (4353,4423)
add_area 124805485 'kakkuri'  (4147,4539) (4147,4540) (4147,4541) (4148,4543) (4148,4544) (4149,4544) (4150,4543) (4151,4541) (4152,4540) (4151,4539) (4151,4539) (4151,4538) (4151,4537) (4149,4537) (4148,4538) (4147,4539) (4147,4539)
add_area 124805487 'kaukalosaari'  (4429,4388) (4429,4388) (4430,4388) (4432,4388) (4434,4387) (4436,4386) (4438,4385) (4440,4384) (4441,4383) (4442,4382) (4441,4382) (4440,4382) (4439,4381) (4437,4381) (4435,4383) (4433,4384) (4432,4385) (4430,4385) (4429,4386) (4429,4388)
add_area 124805488 'mustasaaret'  (4367,4426) (4366,4428) (4365,4430) (4365,4433) (4366,4434) (4367,4435) (4369,4435) (4371,4434) (4373,4433) (4375,4430) (4376,4427) (4376,4425) (4377,4423) (4375,4418) (4375,4417) (4374,4417) (4373,4419) (4371,4420) (4370,4422) (4369,4424) (4367,4426) (4367,4426)
add_area 124805490 'matinsaaret'  (4349,4308) (4348,4308) (4348,4309) (4348,4309) (4348,4310) (4348,4311) (4347,4311) (4346,4311) (4345,4312) (4346,4312) (4347,4312) (4348,4312) (4348,4313) (4347,4314) (4348,4315) (4349,4314) (4350,4314) (4350,4313) (4351,4311) (4351,4311) (4351,4310) (4350,4309) (4351,4308) (4350,4307) (4350,4307) (4349,4308)
add_area 124805491 'makkarasaari'  (4416,4392) (4415,4394) (4414,4395) (4414,4397) (4414,4399) (4415,4400) (4416,4400) (4417,4401) (4417,4402) (4419,4401) (4419,4400) (4421,4399) (4422,4398) (4423,4397) (4425,4394) (4425,4393) (4424,4392) (4425,4391) (4424,4391) (4424,4390) (4423,4389) (4422,4388) (4421,4387) (4420,4385) (4419,4385) (4419,4386) (4418,4387) (4417,4390) (4416,4392)
add_area 124805492 'tavisaari'  (4418,4406) (4417,4406) (4417,4407) (4417,4409) (4416,4411) (4416,4412) (4415,4414) (4416,4415) (4417,4415) (4418,4415) (4418,4416) (4418,4418) (4419,4418) (4420,4418) (4421,4417) (4423,4416) (4424,4415) (4425,4413) (4425,4412) (4426,4411) (4426,4410) (4427,4409) (4426,4408) (4426,4406) (4425,4406) (4425,4405) (4425,4404) (4425,4403) (4424,4403) (4423,4403) (4421,4402) (4420,4402) (4420,4404) (4419,4404) (4418,4406)
add_area 124805493 'mustasaari'  (4220,4364) (4218,4365) (4216,4366) (4215,4367) (4214,4368) (4212,4369) (4211,4370) (4211,4372) (4213,4372) (4214,4372) (4215,4371) (4216,4372) (4216,4373) (4218,4373) (4221,4372) (4223,4371) (4225,4369) (4226,4368) (4226,4367) (4227,4365) (4228,4364) (4228,4363) (4229,4361) (4231,4359) (4232,4358) (4230,4358) (4229,4358) (4228,4359) (4228,4360) (4227,4361) (4226,4360) (4225,4360) (4224,4361) (4223,4361) (4222,4362) (4221,4362) (4221,4362) (4220,4364)
add_area 124805494 'selkisaari'  (4193,4343) (4193,4344) (4193,4346) (4193,4347) (4195,4347) (4196,4347) (4197,4347) (4197,4348) (4197,4349) (4198,4350) (4201,4349) (4203,4348) (4205,4347) (4205,4346) (4207,4345) (4207,4344) (4207,4344) (4206,4343) (4206,4343) (4205,4342) (4206,4341) (4205,4341) (4204,4340) (4204,4340) (4204,4339) (4204,4337) (4204,4336) (4205,4335) (4204,4334) (4203,4335) (4202,4336) (4201,4336) (4200,4336) (4199,4336) (4198,4337) (4197,4339) (4197,4339) (4196,4340) (4195,4341) (4194,4341) (4193,4341) (4193,4342) (4193,4343)
add_area 124805495 'pirjonsaari'  (4254,4609) (4252,4611) (4251,4613) (4251,4614) (4268,4614) (4267,4611) (4267,4610) (4267,4608) (4266,4607) (4265,4605) (4263,4605) (4262,4604) (4261,4604) (4260,4605) (4259,4605) (4257,4606) (4257,4607) (4256,4607) (4254,4609)
add_area 124805496 'pallosaari'  (4342,4576) (4342,4576) (4343,4577) (4343,4578) (4343,4579) (4344,4579) (4343,4580) (4342,4582) (4342,4583) (4343,4584) (4343,4585) (4344,4585) (4345,4586) (4345,4587) (4345,4588) (4345,4589) (4344,4591) (4343,4592) (4342,4592) (4342,4593) (4342,4594) (4343,4594) (4343,4594) (4343,4595) (4344,4594) (4345,4594) (4345,4593) (4345,4592) (4346,4590) (4347,4588) (4347,4588) (4346,4587) (4346,4586) (4347,4584) (4347,4582) (4348,4581) (4347,4579) (4347,4578) (4347,4577) (4346,4576) (4346,4575) (4345,4574) (4344,4574) (4343,4574) (4342,4575) (4342,4576)
add_area 124806782 'pikku-reppu'  (4152,4333) (4152,4335) (4153,4335) (4154,4334) (4155,4332) (4155,4331) (4154,4330) (4154,4330) (4153,4332) (4152,4333) (4152,4333)
add_area 124806783 'reppukari'  (4156,4325) (4156,4326) (4158,4325) (4160,4325) (4162,4325) (4163,4324) (4164,4322) (4163,4321) (4162,4320) (4161,4321) (4160,4322) (4159,4323) (4158,4324) (4156,4325) (4156,4325)
add_area 124806784 'lammassaari'  (4137,4250) (4139,4253) (4141,4255) (4143,4255) (4146,4253) (4149,4251) (4151,4248) (4151,4243) (4150,4241) (4147,4238) (4145,4239) (4144,4238) (4142,4240) (4141,4240) (4138,4244) (4135,4246) (4137,4250)
add_area 124806785 'satimensaari'  (4398,4449) (4398,4450) (4400,4450) (4402,4451) (4404,4453) (4405,4454) (4404,4456) (4404,4457) (4406,4457) (4407,4456) (4407,4455) (4408,4454) (4409,4455) (4409,4455) (4409,4454) (4410,4452) (4409,4451) (4409,4449) (4408,4448) (4407,4447) (4406,4447) (4407,4445) (4406,4444) (4405,4443) (4404,4443) (4403,4444) (4403,4444) (4402,4443) (4400,4444) (4399,4445) (4400,4446) (4401,4446) (4400,4447) (4399,4447) (4398,4448) (4398,4449)
add_area 124806786 'puolivalinsaari'  (4368,4448) (4367,4448) (4365,4449) (4364,4450) (4364,4455) (4365,4459) (4366,4460) (4367,4460) (4369,4460) (4370,4461) (4371,4463) (4370,4465) (4370,4466) (4373,4465) (4375,4464) (4376,4465) (4376,4466) (4375,4467) (4374,4468) (4375,4470) (4376,4471) (4375,4473) (4376,4474) (4378,4473) (4381,4471) (4382,4471) (4383,4472) (4383,4473) (4382,4475) (4380,4476) (4379,4478) (4379,4480) (4378,4482) (4377,4483) (4377,4484) (4379,4484) (4380,4485) (4379,4487) (4378,4489) (4378,4491) (4380,4491) (4382,4491) (4386,4490) (4388,4489) (4391,4487) (4393,4485) (4395,4482) (4396,4479) (4396,4477) (4396,4471) (4394,4469) (4394,4468) (4394,4467) (4395,4465) (4396,4464) (4397,4463) (4397,4462) (4395,4462) (4394,4461) (4393,4460) (4393,4459) (4390,4458) (4387,4457) (4385,4455) (4384,4454) (4383,4452) (4382,4450) (4382,4449) (4382,4447) (4381,4446) (4380,4446) (4379,4447) (4378,4447) (4375,4446) (4373,4446) (4372,4447) (4370,4448) (4368,4448)
add_area 124809634 'istukka'  (4098,4356) (4098,4356) (4098,4357) (4098,4358) (4097,4359) (4097,4359) (4098,4359) (4099,4359) (4101,4358) (4102,4356) (4103,4355) (4102,4354) (4102,4353) (4102,4353) (4101,4353) (4100,4354) (4099,4355) (4098,4356)
add_area 124809638 'herranlakki'  (4226,4281) (4222,4286) (4222,4292) (4213,4300) (4210,4299) (4206,4302) (4206,4303) (4209,4302) (4212,4304) (4208,4306) (4209,4311) (4211,4310) (4215,4304) (4219,4304) (4223,4301) (4222,4305) (4225,4299) (4232,4293) (4237,4279) (4235,4277) (4226,4281)
add_area 124842988 'pikku-lokki'  (4485,4416) (4485,4416) (4485,4417) (4486,4417) (4487,4416) (4488,4415) (4489,4414) (4490,4413) (4490,4413) (4490,4412) (4490,4412) (4489,4412) (4488,4413) (4487,4413) (4487,4414) (4486,4415) (4485,4416)
add_area 124842992 'variskarit'  (4627,4468) (4627,4469) (4628,4470) (4629,4470) (4630,4470) (4631,4469) (4631,4467) (4632,4466) (4632,4465) (4632,4465) (4633,4464) (4633,4463) (4632,4463) (4631,4464) (4631,4464) (4630,4464) (4629,4465) (4627,4466) (4627,4468)
add_area 124842993 'iso-lokki'  (4476,4400) (4476,4400) (4476,4401) (4476,4402) (4475,4403) (4475,4404) (4475,4404) (4474,4405) (4474,4406) (4474,4407) (4475,4407) (4476,4408) (4477,4408) (4478,4407) (4479,4407) (4480,4406) (4480,4405) (4480,4404) (4481,4403) (4481,4402) (4481,4402) (4481,4401) (4482,4400) (4482,4399) (4482,4397) (4482,4396) (4481,4396) (4481,4396) (4480,4395) (4479,4396) (4479,4396) (4478,4397) (4478,4398) (4478,4398) (4477,4399) (4476,4399) (4476,4400)
add_area 124877363 'papinkari'  (4382,4595) (4382,4595) (4382,4596) (4383,4596) (4383,4596) (4383,4596) (4383,4595) (4383,4595) (4383,4594) (4384,4593) (4384,4593) (4383,4593) (4383,4593) (4382,4594) (4382,4595)
add_area 124877369 'iso-kuusinen'  (4196,4569) (4192,4577) (4193,4576) (4193,4579) (4185,4589) (4182,4608) (4174,4611) (4171,4614) (4177,4614) (4181,4611) (4194,4606) (4198,4607) (4202,4611) (4207,4612) (4207,4614) (4228,4614) (4231,4596) (4235,4587) (4237,4573) (4234,4573) (4228,4577) (4223,4572) (4219,4574) (4219,4571) (4217,4573) (4214,4573) (4214,4567) (4210,4569) (4207,4569) (4205,4566) (4196,4569)
add_area 124877373 'honkanen'  (4073,4553) (4074,4558) (4072,4563) (4063,4571) (4053,4583) (4052,4593) (4049,4601) (4049,4606) (4053,4614) (4107,4614) (4108,4605) (4107,4596) (4112,4593) (4113,4588) (4110,4589) (4111,4586) (4109,4583) (4104,4586) (4092,4586) (4091,4579) (4085,4573) (4085,4570) (4092,4560) (4097,4562) (4116,4561) (4121,4549) (4120,4541) (4112,4535) (4105,4533) (4096,4540) (4095,4544) (4092,4545) (4091,4543) (4087,4545) (4086,4548) (4084,4546) (4081,4547) (4073,4553)
add_area 124877374 'pikku-peura'  (4373,4613) (4372,4612) (4371,4612) (4371,4612) (4370,4612) (4370,4612) (4369,4612) (4368,4613) (4368,4612) (4367,4612) (4366,4613) (4366,4614) (4366,4614) (4372,4614) (4373,4613)
add_area 124879114 'vittanen'  (4481,4471) (4479,4475) (4482,4476) (4479,4478) (4480,4479) (4471,4482) (4466,4488) (4468,4490) (4468,4495) (4470,4496) (4474,4495) (4478,4490) (4488,4484) (4490,4493) (4488,4498) (4492,4496) (4491,4500) (4493,4500) (4497,4499) (4507,4493) (4513,4484) (4525,4476) (4529,4470) (4530,4466) (4527,4461) (4523,4466) (4515,4466) (4507,4459) (4503,4458) (4495,4464) (4490,4465) (4481,4471)
add_area 124879118 'halkosaari'  (3979,4604) (3980,4605) (3981,4605) (3982,4605) (3982,4606) (3982,4607) (3982,4608) (3983,4609) (3984,4610) (3984,4611) (3984,4612) (3984,4612) (3985,4613) (3986,4613) (3989,4613) (3990,4612) (3991,4611) (3992,4610) (3993,4609) (3993,4608) (3994,4607) (3994,4605) (3993,4603) (3992,4603) (3991,4602) (3989,4601) (3988,4601) (3987,4601) (3986,4601) (3985,4601) (3984,4601) (3983,4602) (3983,4602) (3982,4602) (3981,4602) (3981,4603) (3980,4603) (3979,4604) (3979,4604)
add_area 124967364 'visuveden kanava'  (3361,4594) (3353,4593) (3351,4597) (3351,4597) (3358,4598) (3361,4594)
add_area 125006694 'korpisaari'  (4646,3938) (4643,3949) (4644,3951) (4644,3953) (4652,3960) (4652,3962) (4654,3960) (4657,3961) (4658,3965) (4666,3957) (4665,3954) (4662,3956) (4659,3957) (4662,3950) (4671,3939) (4684,3915) (4681,3914) (4677,3916) (4674,3915) (4671,3916) (4664,3922) (4658,3929) (4648,3936) (4646,3938)
add_area 125006703 'rapsamonkari'  (4394,4150) (4394,4151) (4394,4152) (4393,4152) (4393,4153) (4393,4154) (4394,4154) (4394,4153) (4394,4153) (4395,4153) (4397,4151) (4398,4150) (4398,4149) (4399,4148) (4399,4147) (4398,4147) (4398,4147) (4397,4148) (4397,4148) (4396,4148) (4395,4148) (4394,4149) (4394,4150)
add_area 128126093 'alhonjarvi'  (4689,4144) (4694,4139) (4694,4136) (4700,4131) (4715,4122) (4720,4117) (4721,4117) (4732,4115) (4736,4110) (4736,4107) (4733,4108) (4732,4104) (4738,4101) (4742,4096) (4745,4092) (4747,4087) (4744,4087) (4736,4093) (4732,4091) (4729,4089) (4723,4089) (4722,4084) (4726,4073) (4733,4061) (4735,4055) (4734,4051) (4725,4049) (4722,4049) (4717,4048) (4708,4052) (4705,4060) (4707,4064) (4702,4072) (4697,4080) (4697,4088) (4702,4093) (4700,4099) (4696,4103) (4695,4111) (4690,4116) (4684,4122) (4682,4129) (4682,4134) (4678,4141) (4678,4148) (4689,4144)
add_area 128133094 'majasaari'  (4560,4165) (4562,4164) (4564,4161) (4562,4159) (4562,4156) (4560,4154) (4558,4154) (4555,4153) (4553,4153) (4549,4154) (4547,4154) (4543,4153) (4541,4152) (4537,4154) (4535,4153) (4533,4153) (4532,4153) (4532,4155) (4533,4155) (4534,4156) (4533,4158) (4531,4159) (4530,4160) (4530,4162) (4531,4164) (4531,4165) (4529,4166) (4528,4166) (4526,4166) (4524,4165) (4523,4167) (4522,4167) (4520,4167) (4518,4168) (4513,4171) (4511,4173) (4510,4178) (4513,4182) (4514,4185) (4516,4186) (4519,4185) (4525,4187) (4526,4186) (4527,4185) (4528,4185) (4530,4186) (4536,4183) (4542,4181) (4547,4179) (4552,4176) (4555,4175) (4557,4173) (4557,4172) (4560,4165)
add_area 128137444 'koivulammi'  (4973,4266) (4970,4269) (4968,4273) (4967,4277) (4966,4280) (4967,4284) (4969,4286) (4971,4287) (4975,4287) (4977,4287) (4982,4283) (4991,4270) (4993,4266) (4992,4259) (4993,4254) (4991,4253) (4986,4256) (4982,4261) (4978,4264) (4976,4263) (4973,4266)
add_area 128137445 'oulonjarvi'  (5075,4144) (5081,4146) (5086,4145) (5089,4145) (5094,4143) (5097,4143) (5097,4142) (5099,4144) (5108,4142) (5110,4142) (5115,4145) (5125,4145) (5141,4141) (5145,4141) (5152,4144) (5164,4144) (5168,4145) (5172,4142) (5177,4142) (5180,4139) (5181,4136) (5175,4135) (5159,4134) (5150,4131) (5147,4133) (5146,4132) (5143,4134) (5137,4136) (5128,4133) (5112,4134) (5099,4135) (5097,4133) (5096,4132) (5089,4130) (5080,4130) (5075,4136) (5073,4138) (5071,4140) (5075,4144)
add_area 128137446 'kankaanlammi'  (4834,4239) (4833,4238) (4831,4236) (4830,4236) (4828,4235) (4826,4235) (4823,4236) (4819,4239) (4818,4240) (4815,4242) (4812,4245) (4812,4248) (4812,4249) (4813,4249) (4813,4249) (4813,4250) (4814,4250) (4817,4251) (4818,4251) (4818,4251) (4820,4252) (4821,4253) (4823,4254) (4825,4253) (4827,4253) (4831,4251) (4834,4248) (4835,4246) (4835,4244) (4834,4242) (4834,4239)
add_area 128137470 '-'  (4936,4466) (4938,4467) (4938,4469) (4940,4472) (4941,4472) (4942,4474) (4945,4474) (4946,4474) (4948,4474) (4950,4472) (4952,4468) (4953,4465) (4949,4461) (4949,4459) (4950,4454) (4950,4451) (4946,4448) (4944,4448) (4936,4455) (4934,4459) (4934,4463) (4936,4466)
add_area 132734726 'hakojarvi'  (2784,3174) (2787,3180) (2791,3184) (2798,3187) (2802,3182) (2802,3176) (2799,3171) (2788,3168) (2781,3164) (2778,3163) (2775,3165) (2779,3173) (2784,3174)
add_area 132734729 'huhtajarvi'  (2602,3111) (2609,3107) (2612,3106) (2614,3105) (2615,3102) (2616,3100) (2618,3096) (2622,3094) (2622,3092) (2620,3091) (2617,3091) (2614,3092) (2610,3093) (2605,3096) (2601,3101) (2600,3106) (2600,3110) (2602,3111)
add_area 132734731 'kalatonjarvi'  (2675,3138) (2674,3140) (2675,3142) (2679,3143) (2684,3140) (2685,3138) (2678,3135) (2674,3136) (2675,3138)
add_area 132734733 'korpijarvi'  (3239,2747) (3244,2751) (3250,2751) (3257,2747) (3257,2743) (3257,2743) (3259,2745) (3267,2738) (3270,2733) (3273,2730) (3279,2728) (3284,2721) (3283,2716) (3280,2716) (3268,2728) (3259,2732) (3256,2737) (3248,2742) (3243,2743) (3239,2747)
add_area 132734735 'kamppajarvi'  (2684,3250) (2680,3250) (2672,3255) (2664,3262) (2670,3261) (2670,3263) (2674,3263) (2679,3266) (2684,3261) (2689,3253) (2686,3249) (2684,3250)
add_area 132734737 'latvajarvi'  (2589,3162) (2592,3161) (2597,3157) (2598,3156) (2602,3153) (2606,3149) (2608,3146) (2605,3147) (2603,3150) (2599,3153) (2597,3156) (2593,3159) (2589,3160) (2589,3162)
add_area 132734738 'lumijarvi'  (2854,3109) (2852,3114) (2855,3121) (2861,3120) (2878,3107) (2881,3101) (2884,3096) (2886,3089) (2879,3080) (2868,3071) (2862,3078) (2860,3077) (2861,3074) (2863,3071) (2861,3069) (2857,3070) (2851,3074) (2848,3085) (2849,3088) (2855,3089) (2860,3095) (2858,3103) (2854,3109)
add_area 132734740 'pahalampi'  (2664,3025) (2667,3030) (2673,3032) (2676,3036) (2677,3034) (2678,3029) (2675,3023) (2670,3020) (2665,3023) (2664,3025)
add_area 132734741 'pikku kalliojarvi'  (3164,2942) (3163,2945) (3164,2948) (3163,2950) (3161,2958) (3160,2965) (3161,2975) (3163,2976) (3169,2971) (3169,2967) (3167,2958) (3170,2952) (3170,2945) (3167,2942) (3167,2942) (3164,2942)
add_area 132734742 'sarkijarvi'  (3229,2690) (3228,2694) (3222,2711) (3223,2716) (3219,2724) (3218,2731) (3212,2741) (3212,2743) (3215,2743) (3217,2738) (3225,2731) (3226,2726) (3223,2724) (3226,2719) (3236,2690) (3233,2686) (3229,2690)
add_area 132734743 'verkkolammi'  (2572,3239) (2574,3242) (2585,3246) (2591,3254) (2596,3257) (2603,3257) (2603,3254) (2597,3247) (2597,3243) (2595,3241) (2590,3243) (2572,3237) (2572,3239)
add_area 132736032 'taikinalammi'  (3100,2923) (3101,2925) (3105,2923) (3109,2921) (3112,2921) (3115,2925) (3114,2930) (3115,2930) (3116,2931) (3116,2933) (3122,2933) (3125,2936) (3130,2937) (3128,2944) (3126,2947) (3124,2953) (3126,2958) (3128,2959) (3132,2958) (3133,2956) (3134,2955) (3133,2953) (3135,2944) (3138,2937) (3139,2923) (3144,2908) (3145,2906) (3144,2899) (3146,2896) (3151,2891) (3151,2888) (3149,2887) (3143,2893) (3141,2897) (3136,2899) (3134,2898) (3132,2895) (3134,2890) (3133,2887) (3133,2885) (3134,2884) (3133,2883) (3130,2883) (3124,2885) (3115,2893) (3115,2895) (3112,2899) (3110,2907) (3106,2912) (3102,2916) (3100,2920) (3100,2921) (3100,2923)
add_area 132751791 'honkajarvi'  (2757,2623) (2745,2637) (2736,2655) (2731,2659) (2726,2661) (2719,2661) (2715,2664) (2711,2670) (2713,2672) (2718,2673) (2722,2671) (2724,2668) (2735,2659) (2737,2660) (2737,2661) (2731,2674) (2731,2679) (2727,2685) (2726,2689) (2728,2690) (2750,2675) (2752,2670) (2753,2665) (2757,2661) (2757,2655) (2761,2651) (2765,2645) (2776,2634) (2775,2631) (2772,2631) (2774,2626) (2773,2623) (2771,2623) (2774,2618) (2778,2611) (2770,2617) (2771,2611) (2770,2609) (2767,2609) (2757,2623)
add_area 132751792 'kantolammi'  (2706,2811) (2711,2810) (2714,2807) (2718,2805) (2724,2805) (2732,2798) (2734,2793) (2729,2792) (2724,2789) (2711,2801) (2709,2805) (2705,2808) (2706,2811)
add_area 132751793 'korpujarvi'  (2718,2818) (2716,2821) (2712,2823) (2711,2826) (2707,2832) (2708,2833) (2710,2830) (2712,2826) (2715,2825) (2718,2825) (2718,2826) (2716,2828) (2717,2833) (2719,2835) (2723,2833) (2726,2829) (2730,2825) (2731,2820) (2729,2818) (2726,2818) (2723,2821) (2721,2821) (2720,2817) (2718,2818)
add_area 132751794 'kukkarolammi'  (2740,2917) (2743,2914) (2742,2913) (2739,2915) (2740,2917)
add_area 132751795 'laihalammi'  (2491,3106) (2493,3109) (2509,3109) (2512,3106) (2511,3103) (2506,3102) (2500,3102) (2496,3101) (2491,3106)
add_area 132751796 'matalalammi'  (2731,2947) (2736,2944) (2736,2943) (2734,2942) (2730,2945) (2731,2947)
add_area 132751797 'pahatlammit'  (3356,2785) (3351,2791) (3353,2792) (3355,2790) (3361,2787) (3364,2787) (3364,2785) (3364,2784) (3360,2784) (3359,2783) (3356,2785)
add_area 132751798 'pahatlammit'  (3363,2775) (3369,2780) (3377,2778) (3382,2776) (3383,2774) (3382,2772) (3380,2772) (3371,2771) (3364,2772) (3363,2775)
add_area 132751799 'pitkajarvi'  (2768,2910) (2769,2909) (2771,2904) (2774,2903) (2793,2883) (2794,2881) (2792,2880) (2790,2883) (2787,2885) (2786,2888) (2784,2889) (2782,2891) (2780,2891) (2772,2901) (2770,2901) (2767,2906) (2766,2910) (2768,2910)
add_area 132751800 'pyydysjarvi'  (2894,2728) (2897,2731) (2899,2731) (2902,2734) (2903,2737) (2904,2738) (2909,2747) (2912,2748) (2916,2748) (2919,2746) (2937,2730) (2940,2723) (2943,2718) (2943,2716) (2939,2715) (2938,2714) (2934,2714) (2934,2712) (2930,2710) (2926,2712) (2921,2713) (2916,2717) (2911,2718) (2901,2714) (2896,2716) (2893,2724) (2894,2728)
add_area 132751801 'syvalammi'  (2657,2855) (2657,2857) (2659,2861) (2663,2862) (2665,2861) (2666,2858) (2662,2853) (2658,2852) (2657,2855)
add_area 132831227 'alainenjarvi'  (3384,2313) (3372,2320) (3363,2341) (3353,2361) (3349,2365) (3346,2366) (3339,2376) (3331,2390) (3320,2414) (3322,2416) (3316,2421) (3314,2426) (3310,2434) (3302,2441) (3295,2456) (3287,2469) (3278,2478) (3281,2478) (3285,2475) (3294,2463) (3300,2458) (3308,2452) (3317,2451) (3320,2448) (3322,2441) (3326,2433) (3337,2416) (3346,2407) (3349,2401) (3351,2392) (3349,2385) (3351,2381) (3349,2377) (3358,2360) (3365,2353) (3367,2348) (3370,2344) (3372,2337) (3384,2319) (3390,2309) (3395,2303) (3394,2303) (3392,2303) (3384,2313)
add_area 132831237 'makelanjarvi'  (3406,2290) (3409,2288) (3419,2275) (3429,2260) (3442,2241) (3449,2227) (3449,2223) (3454,2215) (3461,2207) (3467,2200) (3465,2195) (3462,2195) (3460,2196) (3456,2183) (3458,2178) (3457,2175) (3455,2175) (3452,2183) (3453,2189) (3451,2194) (3447,2199) (3445,2204) (3446,2210) (3443,2217) (3441,2220) (3436,2233) (3430,2243) (3427,2250) (3423,2256) (3415,2273) (3407,2282) (3405,2286) (3406,2287) (3405,2289) (3406,2290)
add_area 132831238 'onkimusjarvi'  (2976,2467) (2982,2461) (2984,2455) (2987,2451) (2989,2443) (2988,2439) (2989,2435) (2988,2431) (2985,2432) (2980,2436) (2977,2442) (2977,2448) (2978,2453) (2975,2459) (2972,2464) (2972,2466) (2976,2467)
add_area 132831245 'salmijarvi'  (2968,2388) (2966,2388) (2964,2389) (2963,2395) (2954,2415) (2953,2422) (2952,2427) (2948,2433) (2947,2436) (2950,2436) (2949,2440) (2952,2440) (2953,2438) (2961,2429) (2965,2423) (2969,2415) (2968,2415) (2962,2417) (2959,2411) (2960,2407) (2972,2387) (2975,2381) (2975,2379) (2978,2373) (2984,2372) (2995,2363) (3001,2356) (3003,2351) (3004,2347) (3009,2342) (3009,2340) (3007,2341) (3001,2346) (2997,2349) (2995,2352) (2988,2362) (2986,2364) (2977,2369) (2977,2371) (2974,2373) (2972,2377) (2972,2379) (2974,2379) (2974,2382) (2971,2387) (2968,2388)
add_area 132831247 'vaha sarkijarvi'  (3263,2143) (3259,2144) (3254,2143) (3251,2141) (3244,2141) (3241,2150) (3243,2153) (3247,2151) (3249,2151) (3249,2153) (3245,2156) (3250,2170) (3255,2176) (3255,2182) (3259,2190) (3269,2191) (3271,2192) (3271,2199) (3267,2207) (3269,2208) (3272,2207) (3279,2203) (3286,2192) (3288,2187) (3285,2184) (3272,2182) (3267,2176) (3260,2163) (3264,2154) (3263,2143)
add_area 132831276 'rumajarvi'  (2895,2506) (2897,2499) (2903,2490) (2913,2480) (2912,2479) (2904,2483) (2902,2487) (2901,2490) (2893,2499) (2888,2505) (2882,2513) (2883,2515) (2895,2506)
add_area 132831278 '-'  (3044,2292) (3054,2284) (3061,2276) (3068,2274) (3070,2268) (3068,2267) (3063,2270) (3060,2271) (3057,2272) (3056,2273) (3057,2274) (3056,2275) (3054,2276) (3052,2281) (3045,2291) (3044,2292)
add_area 132831279 '-'  (3016,2335) (3016,2334) (3015,2333) (3013,2334) (3011,2335) (3009,2337) (3010,2338) (3016,2335)
add_area 132831281 'alajarvi'  (3020,2321) (3024,2315) (3026,2314) (3026,2313) (3024,2313) (3022,2315) (3018,2316) (3016,2321) (3016,2323) (3020,2321)
add_area 132960345 'nimetonjarvi'  (3484,2492) (3484,2495) (3486,2498) (3498,2498) (3500,2497) (3503,2490) (3508,2483) (3512,2479) (3511,2472) (3510,2470) (3507,2464) (3506,2466) (3507,2470) (3506,2472) (3502,2475) (3502,2481) (3501,2483) (3498,2485) (3495,2484) (3485,2489) (3484,2492)
add_area 132960346 'pahalammi'  (3748,2538) (3750,2543) (3750,2545) (3751,2547) (3757,2545) (3760,2541) (3760,2538) (3755,2536) (3752,2532) (3749,2534) (3748,2538)
add_area 132960347 'pajajarvi'  (3483,2644) (3483,2647) (3486,2650) (3490,2648) (3493,2649) (3495,2645) (3491,2644) (3488,2638) (3484,2640) (3483,2644)
add_area 132960394 '-'  (3570,2301) (3568,2304) (3570,2314) (3573,2322) (3577,2323) (3580,2320) (3577,2309) (3571,2304) (3573,2294) (3570,2292) (3570,2301)
add_area 132960396 '-'  (3427,2406) (3426,2409) (3427,2411) (3425,2413) (3424,2416) (3421,2416) (3418,2426) (3420,2426) (3424,2416) (3428,2411) (3433,2404) (3436,2391) (3432,2393) (3430,2397) (3426,2402) (3425,2404) (3427,2406)
add_area 132960401 '-'  (3781,2482) (3780,2486) (3782,2488) (3786,2487) (3792,2480) (3792,2479) (3789,2478) (3783,2480) (3781,2482)
add_area 133065904 '-'  (3379,1985) (3377,1984) (3376,1985) (3378,1986) (3376,1988) (3373,1988) (3371,1990) (3374,1991) (3378,1991) (3382,1988) (3386,1986) (3386,1983) (3381,1982) (3379,1985)
add_area 133065905 'iso hirvisaari'  (3472,1968) (3476,1967) (3477,1968) (3480,1965) (3484,1964) (3486,1965) (3489,1963) (3493,1962) (3494,1957) (3491,1954) (3489,1957) (3486,1957) (3480,1960) (3478,1962) (3472,1964) (3472,1968)
add_area 133065906 '-'  (3346,1986) (3346,1992) (3348,1993) (3353,1990) (3356,1990) (3358,1993) (3361,1992) (3363,1989) (3362,1985) (3359,1984) (3360,1982) (3357,1982) (3356,1984) (3355,1982) (3350,1981) (3346,1981) (3343,1984) (3346,1986)
add_area 133065914 'iso huhtisaari'  (3403,1966) (3396,1973) (3393,1974) (3391,1978) (3389,1978) (3388,1982) (3393,1981) (3397,1983) (3396,1986) (3399,1986) (3400,1988) (3404,1991) (3407,1990) (3406,1987) (3408,1983) (3418,1973) (3421,1966) (3419,1965) (3419,1963) (3411,1958) (3404,1962) (3403,1966)
add_area 133065921 'paskosaari'  (3624,1890) (3629,1888) (3629,1883) (3625,1885) (3623,1888) (3624,1890)
add_area 133065922 '-'  (3485,1994) (3488,1994) (3488,1991) (3485,1992) (3485,1994)
add_area 133065927 '-'  (3330,1996) (3333,1997) (3334,1996) (3333,1994) (3331,1994) (3330,1996)
add_area 133065928 'kalliosaari'  (3705,1810) (3708,1810) (3712,1808) (3713,1804) (3713,1803) (3706,1808) (3705,1810)
add_area 133065930 'pikku hirvisaari'  (3496,1953) (3497,1952) (3499,1948) (3500,1947) (3500,1946) (3495,1949) (3494,1951) (3496,1953)
add_area 133065931 'nuottakari'  (3533,1887) (3531,1892) (3534,1889) (3535,1886) (3537,1884) (3536,1882) (3533,1887)
add_area 133065932 'heinikarit'  (3702,1780) (3708,1779) (3711,1776) (3712,1772) (3711,1772) (3708,1774) (3702,1779) (3702,1780)
add_area 133065943 '-'  (3372,2020) (3371,2022) (3373,2029) (3380,2026) (3382,2025) (3380,2024) (3381,2022) (3377,2022) (3376,2020) (3372,2020)
add_area 133082424 '-'  (3887,2561) (3884,2562) (3881,2563) (3876,2568) (3876,2571) (3880,2572) (3885,2580) (3893,2581) (3896,2578) (3893,2574) (3892,2569) (3889,2568) (3888,2561) (3887,2561)
add_area 133082428 '-'  (3902,2726) (3905,2726) (3907,2722) (3904,2718) (3903,2719) (3902,2720) (3902,2726)
add_area 133199271 'hakojarvi'  (3482,2972) (3486,2975) (3491,2976) (3497,2980) (3501,2980) (3503,2976) (3502,2974) (3500,2970) (3491,2960) (3482,2966) (3482,2972)
add_area 133199272 'hattulammi'  (3613,3136) (3611,3134) (3603,3135) (3600,3136) (3600,3139) (3602,3139) (3602,3141) (3600,3143) (3598,3146) (3593,3148) (3592,3150) (3598,3153) (3598,3156) (3600,3158) (3606,3154) (3611,3152) (3615,3151) (3618,3151) (3622,3150) (3615,3147) (3611,3147) (3607,3147) (3605,3144) (3611,3138) (3613,3136)
add_area 133199274 'kivi-kierinka'  (3659,2973) (3657,2973) (3642,2986) (3629,3004) (3627,3010) (3615,3031) (3603,3055) (3606,3057) (3636,3022) (3647,3011) (3651,3000) (3666,2985) (3675,2973) (3677,2971) (3680,2964) (3684,2958) (3682,2958) (3678,2962) (3674,2964) (3668,2971) (3658,2979) (3659,2973)
add_area 133199275 'leppajarvi'  (3383,2913) (3378,2910) (3372,2912) (3367,2911) (3362,2916) (3358,2919) (3357,2922) (3350,2926) (3345,2934) (3342,2937) (3340,2938) (3338,2939) (3338,2941) (3342,2941) (3343,2937) (3350,2929) (3356,2926) (3361,2927) (3363,2930) (3363,2933) (3359,2937) (3354,2938) (3352,2942) (3351,2947) (3355,2948) (3358,2946) (3360,2948) (3359,2951) (3363,2954) (3364,2957) (3369,2957) (3372,2956) (3374,2956) (3370,2964) (3364,2966) (3361,2965) (3357,2957) (3358,2954) (3356,2952) (3354,2954) (3353,2964) (3350,2969) (3348,2976) (3349,2979) (3368,2973) (3373,2967) (3375,2960) (3378,2955) (3379,2950) (3390,2941) (3391,2939) (3397,2933) (3406,2928) (3406,2924) (3402,2925) (3398,2924) (3395,2925) (3390,2920) (3382,2917) (3383,2913)
add_area 133199276 'nurkkajarvi'  (3469,3091) (3470,3096) (3474,3102) (3475,3104) (3480,3101) (3487,3099) (3490,3095) (3489,3090) (3480,3087) (3470,3089) (3469,3091)
add_area 133199278 'salmijarvi'  (3634,2842) (3629,2842) (3620,2850) (3617,2857) (3614,2858) (3608,2864) (3607,2868) (3602,2872) (3600,2872) (3594,2877) (3590,2881) (3587,2889) (3587,2893) (3588,2894) (3591,2894) (3592,2893) (3596,2885) (3604,2879) (3607,2874) (3612,2870) (3620,2869) (3626,2866) (3633,2861) (3631,2860) (3628,2862) (3626,2863) (3622,2866) (3617,2866) (3617,2863) (3623,2860) (3627,2853) (3643,2840) (3642,2839) (3634,2842)
add_area 133199279 'valkoinen'  (3665,3065) (3664,3067) (3663,3068) (3662,3073) (3656,3080) (3656,3081) (3647,3096) (3648,3097) (3649,3097) (3653,3093) (3659,3093) (3663,3092) (3667,3089) (3668,3086) (3666,3086) (3664,3088) (3662,3087) (3663,3082) (3666,3081) (3667,3078) (3667,3077) (3668,3075) (3666,3072) (3666,3071) (3671,3067) (3674,3066) (3675,3064) (3677,3064) (3685,3054) (3689,3052) (3691,3049) (3689,3047) (3692,3043) (3699,3037) (3699,3034) (3699,3032) (3697,3031) (3696,3030) (3691,3035) (3689,3037) (3686,3038) (3683,3042) (3678,3047) (3676,3047) (3670,3054) (3664,3064) (3665,3065)
add_area 133199280 'valkoinen penkkijarvi'  (3398,3158) (3396,3166) (3395,3173) (3397,3177) (3397,3184) (3399,3185) (3402,3184) (3403,3182) (3405,3172) (3403,3158) (3400,3155) (3398,3158)
add_area 133199323 '-'  (3458,2915) (3460,2910) (3459,2907) (3456,2909) (3454,2913) (3447,2919) (3449,2922) (3446,2925) (3449,2928) (3457,2923) (3459,2919) (3457,2917) (3458,2915)
add_area 133199324 '-'  (3734,2872) (3734,2874) (3733,2874) (3732,2877) (3733,2877) (3731,2880) (3732,2880) (3734,2879) (3734,2876) (3736,2876) (3739,2868) (3738,2868) (3734,2872)
add_area 133199325 '-'  (3621,3169) (3625,3167) (3626,3165) (3624,3165) (3621,3169)
add_area 133199326 '-'  (3695,2782) (3697,2783) (3700,2781) (3699,2779) (3695,2780) (3695,2782)
add_area 133199327 '-'  (3683,2829) (3684,2828) (3684,2826) (3683,2826) (3682,2829) (3683,2829)
add_area 133199328 '-'  (3571,2995) (3568,2997) (3568,2998) (3576,2996) (3576,2990) (3572,2990) (3571,2995)
add_area 133199329 '-'  (3717,2792) (3719,2791) (3719,2789) (3716,2785) (3714,2785) (3713,2790) (3717,2792)
add_area 133199330 '-'  (3441,2957) (3440,2959) (3442,2960) (3446,2957) (3443,2953) (3441,2955) (3441,2957)
add_area 133199332 '-'  (3802,2874) (3802,2875) (3803,2878) (3805,2876) (3806,2874) (3804,2873) (3802,2874)
add_area 133199334 '-'  (3378,3192) (3380,3191) (3382,3192) (3384,3191) (3385,3189) (3384,3187) (3378,3191) (3378,3192)
add_area 133199335 '-'  (3674,2960) (3677,2958) (3677,2955) (3676,2952) (3677,2950) (3676,2950) (3673,2954) (3671,2959) (3674,2960)
add_area 133199336 '-'  (3654,3064) (3656,3064) (3658,3062) (3657,3061) (3658,3059) (3658,3057) (3657,3059) (3655,3058) (3652,3062) (3654,3064)
add_area 133199337 '-'  (3576,2983) (3577,2981) (3579,2980) (3579,2979) (3576,2979) (3575,2981) (3574,2981) (3573,2984) (3576,2983)
add_area 133284163 'alkkunalammi'  (2431,3427) (2431,3428) (2428,3433) (2424,3441) (2422,3442) (2418,3449) (2419,3451) (2422,3449) (2424,3446) (2426,3442) (2430,3440) (2434,3430) (2441,3423) (2441,3420) (2440,3420) (2434,3421) (2431,3427)
add_area 133284164 'hakojarvi'  (2442,3478) (2439,3486) (2437,3496) (2434,3503) (2421,3520) (2415,3526) (2411,3532) (2406,3536) (2401,3542) (2400,3545) (2396,3548) (2392,3552) (2390,3555) (2389,3556) (2391,3557) (2392,3555) (2392,3553) (2397,3550) (2399,3548) (2410,3537) (2414,3534) (2416,3531) (2422,3524) (2429,3514) (2431,3512) (2432,3509) (2436,3505) (2440,3500) (2445,3496) (2446,3492) (2444,3490) (2443,3486) (2444,3481) (2445,3477) (2447,3474) (2447,3472) (2446,3472) (2444,3474) (2442,3478)
add_area 133284166 'kuivattujarvi'  (3516,3230) (3515,3235) (3517,3235) (3524,3233) (3526,3229) (3526,3226) (3522,3224) (3517,3224) (3514,3228) (3516,3230)
add_area 133284168 'musta penkkijarvi'  (3356,3205) (3352,3207) (3351,3205) (3349,3205) (3348,3208) (3346,3213) (3350,3214) (3350,3216) (3353,3217) (3355,3217) (3358,3219) (3361,3219) (3366,3215) (3365,3213) (3361,3211) (3358,3208) (3361,3202) (3365,3197) (3364,3196) (3356,3205)
add_area 133284169 'nimetonlammi'  (3060,3862) (3062,3864) (3061,3867) (3060,3869) (3062,3871) (3065,3871) (3070,3868) (3071,3868) (3074,3867) (3075,3865) (3078,3864) (3082,3864) (3085,3863) (3085,3862) (3082,3859) (3077,3859) (3074,3856) (3071,3856) (3070,3859) (3067,3860) (3065,3859) (3061,3860) (3060,3862)
add_area 133284202 'pikku jouttenus'  (2493,3663) (2493,3666) (2495,3667) (2495,3668) (2494,3669) (2495,3670) (2494,3673) (2493,3675) (2492,3683) (2494,3687) (2497,3686) (2501,3683) (2503,3680) (2517,3665) (2518,3662) (2517,3661) (2510,3663) (2508,3661) (2499,3662) (2498,3660) (2495,3660) (2493,3663)
add_area 133284203 'heinalammi'  (2592,3341) (2595,3339) (2597,3335) (2588,3336) (2592,3341)
add_area 133284204 'kilpilammi'  (3447,3269) (3449,3270) (3451,3270) (3452,3269) (3447,3268) (3447,3269)
add_area 133284205 '-'  (2527,3534) (2531,3530) (2527,3533) (2524,3534) (2525,3535) (2526,3536) (2527,3534)
add_area 133284206 'rontonlammi'  (3377,3309) (3379,3309) (3381,3307) (3380,3306) (3379,3306) (3377,3308) (3377,3309)
add_area 133284207 'kirkaslammi'  (3545,3295) (3546,3294) (3546,3293) (3547,3293) (3548,3292) (3546,3291) (3543,3294) (3545,3295)
add_area 133321647 'ala-ulpas'  (2636,2645) (2637,2650) (2635,2656) (2638,2661) (2640,2660) (2640,2657) (2644,2648) (2642,2643) (2644,2635) (2641,2633) (2638,2636) (2636,2645)
add_area 133341498 'korpulanlammi'  (4789,3478) (4784,3482) (4778,3490) (4772,3495) (4769,3502) (4771,3504) (4776,3500) (4791,3484) (4799,3482) (4805,3479) (4808,3474) (4807,3471) (4800,3469) (4792,3473) (4789,3478)
add_area 133341500 'moskarinlammi'  (4283,3545) (4286,3548) (4290,3549) (4293,3549) (4298,3552) (4303,3552) (4307,3551) (4311,3551) (4322,3548) (4326,3546) (4325,3543) (4318,3540) (4314,3541) (4296,3535) (4290,3539) (4286,3544) (4283,3545)
add_area 133341511 'pikku kiimajarvi'  (4484,3591) (4483,3595) (4489,3589) (4490,3587) (4486,3586) (4484,3589) (4484,3591)
add_area 133341512 '-'  (4179,3675) (4179,3677) (4183,3679) (4184,3677) (4186,3677) (4188,3674) (4185,3671) (4180,3672) (4179,3675)
add_area 133341513 'ruuttulammi'  (4068,3541) (4070,3542) (4074,3542) (4075,3540) (4075,3539) (4076,3538) (4077,3537) (4079,3536) (4081,3536) (4083,3535) (4082,3533) (4070,3538) (4068,3541)
add_area 133373980 'ponsansaari'  (4916,3374) (4918,3371) (4916,3368) (4914,3368) (4911,3365) (4904,3365) (4903,3368) (4895,3371) (4890,3376) (4889,3378) (4888,3380) (4888,3385) (4893,3388) (4897,3388) (4898,3389) (4916,3374)
add_area 133373988 'viisarikari'  (4750,3381) (4750,3382) (4751,3382) (4752,3382) (4753,3381) (4753,3381) (4753,3380) (4753,3379) (4752,3379) (4752,3379) (4751,3380) (4751,3380) (4750,3381)
add_area 133373991 'rengaskari'  (4732,3343) (4735,3342) (4736,3341) (4737,3337) (4735,3338) (4733,3340) (4732,3343)
add_area 133373992 'paskokari'  (4596,3641) (4596,3648) (4598,3645) (4604,3634) (4603,3634) (4598,3640) (4597,3640) (4596,3641)
add_area 133373994 'ykspetaja'  (4595,3582) (4594,3582) (4594,3585) (4596,3586) (4598,3584) (4599,3581) (4598,3579) (4597,3579) (4595,3582)
add_area 133390377 'tervajarvi'  (4017,3988) (4015,3991) (4016,3993) (4020,3993) (4024,3994) (4031,3993) (4038,3988) (4041,3988) (4042,3993) (4045,3994) (4048,3992) (4054,3989) (4054,3987) (4051,3984) (4044,3982) (4040,3982) (4034,3986) (4028,3984) (4017,3988)
add_area 133390394 'mayrajarvi'  (4192,3995) (4186,3988) (4183,3985) (4178,3986) (4176,3990) (4177,3994) (4180,3997) (4186,3999) (4192,4000) (4196,4000) (4197,3997) (4192,3995)
add_area 133390397 'lellerinsaari'  (4034,4037) (4032,4040) (4029,4044) (4028,4044) (4026,4048) (4032,4048) (4035,4045) (4038,4045) (4037,4048) (4041,4046) (4039,4050) (4041,4049) (4045,4046) (4048,4042) (4048,4035) (4046,4032) (4039,4032) (4034,4037)
add_area 133390401 '-'  (4637,3399) (4638,3399) (4638,3399) (4639,3398) (4639,3397) (4639,3397) (4639,3396) (4638,3396) (4637,3397) (4637,3397) (4636,3398) (4637,3399)
add_area 133390402 'teerisaari'  (4515,3814) (4518,3814) (4520,3811) (4519,3809) (4515,3810) (4515,3814)
add_area 133390404 'nuijalammi'  (4275,3896) (4274,3898) (4275,3899) (4278,3896) (4278,3894) (4276,3893) (4274,3895) (4275,3896)
add_area 133391829 'kankilammi'  (3201,3954) (3202,3955) (3205,3955) (3208,3954) (3211,3950) (3210,3948) (3206,3947) (3201,3954)
add_area 133391830 'pyylammi'  (3184,3913) (3185,3913) (3186,3914) (3188,3914) (3190,3916) (3191,3916) (3192,3917) (3194,3917) (3196,3917) (3198,3916) (3200,3915) (3201,3913) (3202,3913) (3203,3913) (3205,3912) (3205,3911) (3205,3911) (3205,3911) (3201,3910) (3197,3912) (3195,3912) (3195,3911) (3192,3912) (3188,3912) (3187,3911) (3185,3911) (3184,3911) (3183,3912) (3183,3913) (3183,3913) (3184,3913)
add_area 133450575 'alinen kotajarvi'  (2348,4125) (2348,4126) (2356,4124) (2359,4120) (2362,4119) (2366,4120) (2370,4118) (2373,4112) (2375,4107) (2379,4098) (2377,4094) (2376,4093) (2376,4091) (2374,4091) (2366,4098) (2355,4113) (2351,4120) (2348,4124) (2348,4125)
add_area 133450576 'iso hautajarvi'  (2519,3977) (2510,3984) (2508,3985) (2492,4002) (2489,4007) (2473,4025) (2466,4031) (2463,4035) (2451,4046) (2450,4050) (2453,4051) (2456,4048) (2460,4046) (2462,4048) (2461,4051) (2457,4053) (2455,4055) (2456,4057) (2455,4059) (2451,4059) (2451,4060) (2453,4060) (2454,4062) (2455,4069) (2458,4073) (2458,4075) (2460,4077) (2462,4072) (2465,4071) (2471,4067) (2472,4066) (2474,4065) (2479,4065) (2481,4068) (2484,4068) (2488,4066) (2490,4063) (2481,4056) (2474,4054) (2471,4050) (2469,4050) (2468,4051) (2463,4054) (2461,4054) (2461,4052) (2464,4047) (2462,4044) (2463,4042) (2465,4041) (2467,4040) (2468,4038) (2470,4033) (2472,4030) (2488,4016) (2491,4012) (2499,4004) (2499,4002) (2503,3996) (2512,3989) (2530,3970) (2529,3969) (2519,3977)
add_area 133450579 'isonnevanlammit'  (2564,4003) (2563,4005) (2565,4005) (2566,4004) (2567,4002) (2566,4002) (2564,4003)
add_area 133450580 'isonnevanlammit'  (2570,3998) (2572,3998) (2574,3998) (2576,3997) (2575,3995) (2571,3996) (2570,3998)
add_area 133450585 'kalliolammi'  (2551,4002) (2549,4003) (2548,4005) (2548,4005) (2549,4004) (2550,4005) (2553,4003) (2557,4002) (2558,4000) (2557,3998) (2555,3998) (2553,3999) (2551,4002)
add_area 133450586 'roviolammi'  (2325,3972) (2329,3972) (2331,3973) (2334,3971) (2340,3965) (2340,3959) (2339,3959) (2335,3964) (2326,3970) (2325,3972)
add_area 133450588 'saukkolammi'  (2580,3928) (2594,3918) (2603,3908) (2600,3905) (2597,3905) (2594,3906) (2589,3911) (2582,3917) (2577,3923) (2580,3928)
add_area 133450589 'ulpukkalammi'  (2549,4055) (2551,4055) (2553,4054) (2554,4052) (2553,4051) (2551,4052) (2549,4054) (2549,4055)
add_area 133450591 'vaarajarvet'  (2529,3930) (2532,3927) (2532,3926) (2532,3926) (2531,3926) (2528,3930) (2529,3930)
add_area 133450593 'vaarajarvet'  (2520,3934) (2521,3935) (2523,3934) (2527,3931) (2524,3932) (2521,3933) (2520,3934)
add_area 133450594 'vaarajarvet'  (2492,3928) (2490,3929) (2490,3932) (2492,3933) (2492,3935) (2492,3935) (2494,3935) (2496,3935) (2498,3934) (2499,3934) (2498,3932) (2495,3933) (2494,3931) (2494,3927) (2493,3927) (2492,3928)
add_area 133451141 'pikku mustajarvi'  (2539,3860) (2529,3872) (2529,3876) (2530,3879) (2534,3877) (2541,3873) (2538,3870) (2539,3867) (2543,3861) (2539,3860)
add_area 133492348 'ahvenjarvi'  (2570,4116) (2574,4120) (2577,4129) (2577,4136) (2580,4139) (2587,4139) (2589,4142) (2592,4143) (2596,4141) (2598,4138) (2601,4130) (2599,4128) (2593,4127) (2592,4124) (2586,4122) (2585,4119) (2578,4113) (2576,4110) (2572,4110) (2569,4113) (2570,4116)
add_area 133492350 'iso-auninen'  (2729,4038) (2729,4041) (2726,4042) (2726,4044) (2729,4044) (2731,4040) (2730,4040) (2730,4037) (2733,4037) (2737,4035) (2739,4033) (2739,4030) (2739,4027) (2739,4024) (2740,4021) (2739,4020) (2742,4018) (2745,4020) (2750,4017) (2754,4012) (2760,4009) (2764,4007) (2766,4004) (2765,3999) (2764,3998) (2764,3996) (2762,3995) (2760,3996) (2762,3991) (2764,3990) (2763,3988) (2757,3992) (2751,3993) (2748,3997) (2742,4006) (2739,4015) (2736,4019) (2732,4022) (2732,4024) (2727,4033) (2726,4036) (2729,4038)
add_area 133492351 'kaitajarvi'  (2580,4201) (2573,4206) (2565,4207) (2563,4210) (2559,4211) (2554,4217) (2542,4225) (2535,4229) (2532,4233) (2534,4234) (2537,4231) (2541,4229) (2544,4230) (2552,4226) (2555,4221) (2562,4220) (2565,4217) (2575,4212) (2577,4209) (2589,4202) (2591,4198) (2585,4200) (2580,4201)
add_area 133492352 'kauppilanjarvi'  (2191,4427) (2172,4436) (2163,4442) (2154,4446) (2150,4450) (2148,4457) (2145,4457) (2143,4459) (2145,4460) (2145,4461) (2144,4462) (2142,4465) (2139,4468) (2140,4469) (2141,4469) (2145,4466) (2148,4466) (2152,4464) (2153,4465) (2151,4467) (2146,4478) (2146,4479) (2150,4480) (2156,4474) (2164,4464) (2167,4461) (2168,4459) (2172,4456) (2172,4453) (2174,4451) (2177,4449) (2176,4444) (2179,4440) (2180,4438) (2186,4432) (2195,4428) (2201,4424) (2205,4420) (2204,4419) (2199,4420) (2194,4423) (2191,4427)
add_area 133492353 'koukkulammi'  (2437,4200) (2438,4201) (2439,4204) (2441,4206) (2438,4210) (2436,4211) (2433,4211) (2430,4211) (2424,4214) (2424,4217) (2423,4219) (2424,4221) (2427,4221) (2431,4218) (2436,4215) (2442,4207) (2445,4203) (2445,4199) (2442,4198) (2441,4196) (2437,4198) (2437,4200)
add_area 133492354 'pikku auninen'  (2698,4098) (2701,4100) (2706,4099) (2709,4096) (2713,4094) (2717,4095) (2723,4092) (2724,4089) (2730,4086) (2732,4083) (2732,4081) (2723,4077) (2720,4077) (2714,4080) (2713,4076) (2714,4072) (2712,4072) (2708,4075) (2707,4071) (2701,4074) (2698,4077) (2698,4098)
add_area 133492355 'pohjanjarvi'  (2443,4331) (2439,4339) (2434,4343) (2426,4348) (2423,4353) (2421,4352) (2418,4353) (2409,4357) (2409,4361) (2412,4363) (2411,4367) (2390,4380) (2383,4383) (2375,4388) (2372,4388) (2367,4392) (2370,4396) (2372,4396) (2375,4393) (2384,4387) (2387,4388) (2417,4369) (2428,4355) (2441,4340) (2446,4332) (2444,4331) (2443,4331)
add_area 133492356 'valkoinenlammi'  (2312,4214) (2314,4215) (2316,4218) (2322,4218) (2324,4216) (2321,4212) (2321,4209) (2318,4206) (2316,4207) (2315,4210) (2312,4214)
add_area 133492358 'ylinen kotajarvi'  (2254,4156) (2252,4158) (2253,4159) (2254,4159) (2255,4159) (2254,4161) (2254,4162) (2256,4164) (2259,4167) (2260,4167) (2276,4166) (2277,4165) (2277,4164) (2276,4162) (2271,4162) (2262,4159) (2260,4160) (2259,4160) (2258,4160) (2258,4159) (2261,4155) (2260,4154) (2257,4154) (2254,4156)
add_area 133492381 '-'  (2769,3988) (2766,3991) (2766,3996) (2768,3998) (2772,3997) (2775,3993) (2779,3991) (2780,3989) (2777,3988) (2777,3986) (2779,3983) (2776,3984) (2771,3986) (2769,3988)
add_area 133492382 'valkeajarvi'  (2747,3947) (2746,3946) (2744,3945) (2743,3944) (2740,3944) (2739,3945) (2734,3944) (2730,3944) (2729,3946) (2725,3948) (2722,3950) (2721,3951) (2720,3952) (2719,3955) (2716,3957) (2710,3958) (2708,3961) (2706,3962) (2705,3961) (2704,3963) (2703,3967) (2702,3974) (2704,3978) (2710,3978) (2713,3980) (2710,3983) (2711,3986) (2713,3986) (2715,3984) (2724,3988) (2727,3986) (2731,3986) (2736,3981) (2741,3983) (2743,3978) (2745,3979) (2743,3984) (2750,3986) (2753,3986) (2754,3984) (2756,3982) (2760,3981) (2762,3979) (2765,3977) (2766,3976) (2765,3974) (2766,3971) (2765,3972) (2761,3971) (2760,3968) (2761,3967) (2764,3966) (2770,3963) (2770,3961) (2762,3963) (2758,3961) (2757,3962) (2756,3960) (2757,3956) (2762,3955) (2763,3950) (2764,3950) (2764,3950) (2763,3949) (2764,3947) (2764,3946) (2763,3946) (2762,3943) (2757,3947) (2752,3947) (2749,3948) (2747,3947)
add_area 133492384 '-'  (2766,3797) (2764,3792) (2764,3789) (2762,3787) (2760,3786) (2748,3787) (2738,3794) (2731,3793) (2730,3792) (2736,3781) (2734,3779) (2725,3785) (2706,3800) (2704,3804) (2693,3819) (2686,3823) (2678,3828) (2666,3843) (2666,3848) (2664,3853) (2660,3856) (2657,3857) (2657,3854) (2655,3855) (2653,3858) (2653,3861) (2655,3862) (2658,3861) (2658,3863) (2663,3861) (2668,3861) (2674,3859) (2685,3850) (2693,3840) (2698,3830) (2701,3823) (2702,3819) (2709,3813) (2712,3813) (2719,3813) (2724,3810) (2727,3809) (2727,3810) (2724,3812) (2716,3822) (2712,3828) (2713,3830) (2711,3832) (2709,3831) (2706,3834) (2703,3842) (2699,3847) (2697,3851) (2701,3857) (2704,3857) (2714,3848) (2724,3840) (2737,3835) (2755,3824) (2758,3820) (2766,3797)
add_area 133492385 '-'  (2138,4462) (2140,4463) (2141,4462) (2141,4459) (2139,4460) (2138,4462)
add_area 133492387 '-'  (2681,4098) (2683,4096) (2684,4095) (2682,4094) (2681,4096) (2680,4098) (2681,4098)
add_area 133492388 '-'  (2700,3838) (2701,3838) (2702,3837) (2703,3838) (2704,3837) (2704,3835) (2702,3836) (2700,3838)
add_area 133525689 'kalliojarvi'  (3414,3964) (3417,3965) (3433,3957) (3448,3952) (3455,3952) (3468,3945) (3476,3936) (3479,3935) (3484,3927) (3484,3925) (3481,3925) (3479,3927) (3474,3936) (3469,3940) (3456,3947) (3452,3947) (3443,3950) (3422,3954) (3419,3955) (3415,3961) (3414,3964)
add_area 133525690 'kalliojarvi'  (2944,4077) (2940,4078) (2937,4082) (2933,4082) (2932,4085) (2924,4092) (2922,4095) (2920,4098) (2916,4099) (2913,4102) (2905,4105) (2902,4108) (2894,4111) (2889,4115) (2884,4117) (2873,4119) (2866,4119) (2863,4121) (2859,4121) (2857,4124) (2860,4126) (2860,4130) (2864,4130) (2872,4129) (2875,4128) (2890,4119) (2894,4118) (2896,4121) (2904,4120) (2907,4121) (2908,4122) (2913,4122) (2916,4118) (2921,4115) (2931,4112) (2937,4104) (2944,4101) (2947,4103) (2952,4102) (2959,4098) (2961,4099) (2961,4101) (2960,4104) (2961,4111) (2962,4112) (2962,4112) (2962,4110) (2963,4111) (2966,4110) (2970,4101) (2975,4096) (2976,4092) (2989,4076) (2998,4067) (3001,4065) (3001,4063) (2999,4063) (2992,4068) (2989,4068) (2985,4068) (2966,4077) (2961,4077) (2956,4074) (2944,4077)
add_area 133525691 'ketvenjarvi'  (2910,3856) (2905,3859) (2900,3870) (2900,3872) (2901,3873) (2903,3871) (2905,3867) (2908,3865) (2919,3865) (2925,3871) (2926,3870) (2928,3867) (2938,3860) (2938,3858) (2937,3857) (2932,3848) (2934,3845) (2933,3844) (2933,3843) (2932,3842) (2929,3844) (2925,3844) (2921,3840) (2920,3840) (2910,3836) (2906,3832) (2904,3834) (2903,3835) (2906,3840) (2906,3842) (2912,3852) (2910,3856)
add_area 133525692 'linjalammi'  (3287,3963) (3285,3966) (3285,3969) (3285,3969) (3288,3967) (3294,3956) (3303,3949) (3303,3946) (3305,3943) (3307,3940) (3306,3940) (3302,3945) (3298,3948) (3296,3951) (3290,3954) (3288,3957) (3287,3963)
add_area 133525693 'martinjarvi'  (3283,4056) (3290,4055) (3292,4052) (3294,4052) (3296,4048) (3294,4047) (3295,4046) (3298,4046) (3297,4044) (3289,4047) (3283,4056)
add_area 133525694 'moisionjarvi'  (2842,4251) (2840,4255) (2841,4259) (2847,4263) (2855,4262) (2859,4260) (2859,4258) (2851,4253) (2850,4249) (2845,4248) (2842,4251)
add_area 133525695 'pahatlammit'  (3008,3974) (3004,3974) (3002,3977) (3002,3980) (3003,3982) (2999,3990) (2993,4001) (2992,4006) (2993,4007) (2997,4005) (2998,4003) (2997,4002) (2998,3999) (3000,4000) (3001,3999) (3001,3997) (3003,3989) (3005,3987) (3009,3978) (3008,3974)
add_area 133525696 'pahatlammit'  (3018,3951) (3016,3965) (3016,3968) (3019,3967) (3020,3966) (3021,3964) (3023,3955) (3023,3948) (3022,3947) (3021,3947) (3018,3951)
add_area 133525698 'rimpilammi'  (2801,4043) (2797,4048) (2794,4047) (2792,4048) (2789,4056) (2784,4057) (2776,4063) (2776,4066) (2779,4066) (2780,4069) (2782,4070) (2787,4067) (2803,4051) (2802,4041) (2800,4039) (2796,4041) (2794,4045) (2795,4046) (2798,4046) (2800,4043) (2801,4043)
add_area 133525699 'routtulammi'  (3015,4051) (3019,4051) (3025,4051) (3036,4046) (3038,4042) (3036,4040) (3023,4041) (3014,4045) (3013,4048) (3015,4051)
add_area 133525700 'rumppulammi'  (2808,4157) (2809,4159) (2808,4160) (2807,4160) (2806,4163) (2808,4164) (2811,4163) (2811,4159) (2814,4157) (2815,4153) (2814,4152) (2812,4152) (2811,4153) (2809,4154) (2808,4157)
add_area 133525701 'sarkijarvi'  (2816,3907) (2816,3912) (2817,3916) (2825,3920) (2827,3920) (2830,3917) (2832,3914) (2828,3912) (2823,3910) (2820,3906) (2816,3904) (2816,3907)
add_area 133525702 'valkoisetlammit'  (3109,3959) (3110,3959) (3112,3960) (3113,3961) (3115,3962) (3114,3964) (3112,3965) (3111,3967) (3108,3967) (3106,3968) (3105,3970) (3108,3974) (3112,3975) (3113,3974) (3114,3971) (3116,3968) (3119,3967) (3120,3966) (3121,3966) (3123,3960) (3121,3959) (3119,3959) (3118,3955) (3116,3953) (3114,3954) (3109,3958) (3109,3959)
add_area 133525703 'valkoisetlammit'  (3118,3975) (3117,3977) (3121,3982) (3121,3984) (3123,3986) (3133,3987) (3135,3986) (3136,3984) (3140,3977) (3142,3974) (3142,3972) (3142,3970) (3140,3969) (3135,3970) (3133,3969) (3131,3969) (3131,3968) (3132,3967) (3131,3966) (3127,3969) (3126,3969) (3124,3971) (3119,3973) (3118,3975)
add_area 133525704 'vuorijarvi'  (2879,3905) (2877,3908) (2873,3910) (2867,3911) (2864,3915) (2864,3918) (2866,3917) (2871,3916) (2874,3913) (2879,3909) (2884,3904) (2884,3902) (2879,3905)
add_area 133525714 '-'  (2326,3924) (2327,3923) (2325,3921) (2323,3923) (2326,3924)
add_area 133525715 '-'  (2931,3879) (2933,3880) (2935,3880) (2936,3879) (2937,3876) (2935,3875) (2933,3877) (2931,3879)
add_area 133525716 '-'  (2767,4211) (2770,4213) (2772,4212) (2773,4209) (2769,4207) (2767,4209) (2767,4211)
add_area 133525717 '-'  (3287,3970) (3288,3973) (3292,3970) (3292,3967) (3294,3964) (3294,3963) (3289,3967) (3287,3970)
add_area 135429494 '-'  (2713,4252) (2712,4256) (2713,4257) (2717,4258) (2721,4262) (2724,4260) (2723,4257) (2723,4252) (2720,4251) (2716,4250) (2713,4252)
add_area 135429523 'antinsaari'  (2728,4408) (2733,4409) (2736,4404) (2743,4396) (2743,4394) (2740,4395) (2739,4393) (2735,4397) (2730,4401) (2728,4408)
add_area 135439765 'kuuslammi'  (3162,4051) (3167,4051) (3173,4043) (3172,4042) (3165,4048) (3162,4049) (3162,4051)
add_area 135505784 'vaha-ripakka'  (2652,4590) (2646,4597) (2643,4602) (2636,4612) (2640,4612) (2639,4614) (2661,4614) (2662,4612) (2664,4607) (2664,4605) (2660,4605) (2659,4602) (2662,4598) (2673,4596) (2701,4587) (2705,4580) (2710,4577) (2707,4571) (2700,4569) (2699,4565) (2708,4562) (2708,4555) (2704,4554) (2704,4550) (2698,4550) (2696,4553) (2693,4554) (2689,4562) (2684,4559) (2681,4561) (2671,4569) (2665,4574) (2659,4587) (2652,4590)
add_area 135505790 'ripakankarit'  (2629,4607) (2630,4610) (2633,4605) (2633,4604) (2629,4607)
add_area 135505793 'kuuksaari'  (2733,4614) (2734,4614) (2738,4614) (2742,4611) (2742,4608) (2739,4608) (2733,4614)
add_area 135505806 'lahnasaari'  (2745,4460) (2751,4450) (2752,4448) (2748,4449) (2744,4452) (2739,4457) (2735,4466) (2745,4460)
add_area 135505808 'haukkasaari'  (2670,4536) (2677,4538) (2682,4534) (2686,4529) (2685,4526) (2678,4526) (2671,4531) (2670,4536)
add_area 135506846 'honka-haaponen'  (2121,3936) (2123,3942) (2128,3944) (2129,3945) (2128,3947) (2126,3952) (2126,3955) (2127,3956) (2132,3955) (2135,3956) (2139,3956) (2140,3957) (2144,3956) (2146,3954) (2148,3949) (2149,3948) (2148,3946) (2144,3944) (2142,3941) (2139,3937) (2134,3936) (2132,3936) (2130,3935) (2130,3934) (2124,3933) (2119,3933) (2118,3935) (2121,3936)
add_area 135506988 'iso leppajarvi'  (2304,3502) (2300,3504) (2298,3512) (2296,3516) (2285,3526) (2279,3529) (2271,3532) (2271,3534) (2270,3536) (2268,3537) (2268,3538) (2269,3540) (2273,3538) (2280,3537) (2283,3538) (2288,3534) (2290,3534) (2293,3536) (2296,3535) (2299,3533) (2303,3529) (2304,3529) (2307,3528) (2311,3519) (2313,3516) (2314,3511) (2311,3509) (2312,3508) (2314,3508) (2316,3506) (2316,3503) (2315,3501) (2314,3501) (2312,3500) (2309,3502) (2308,3500) (2304,3502)
add_area 135506991 'vaha leppajarvi'  (2300,3585) (2302,3585) (2304,3587) (2307,3587) (2311,3592) (2314,3593) (2320,3593) (2331,3587) (2333,3586) (2333,3589) (2338,3588) (2345,3585) (2348,3582) (2349,3582) (2352,3581) (2354,3579) (2354,3577) (2352,3576) (2350,3577) (2348,3579) (2346,3580) (2343,3577) (2341,3577) (2336,3580) (2323,3580) (2317,3579) (2304,3581) (2300,3581) (2298,3583) (2300,3585)
add_area 135585259 'iso-tuhkuri'  (1978,3154) (1974,3160) (1970,3167) (1964,3178) (1962,3183) (1962,3184) (1961,3189) (1960,3193) (1958,3199) (1959,3201) (1962,3201) (1965,3197) (1970,3193) (1970,3191) (1972,3190) (1974,3182) (1977,3178) (1981,3170) (1983,3168) (1984,3165) (1982,3164) (1983,3161) (1983,3156) (1980,3154) (1978,3154)
add_area 135585260 'kalliojarvi'  (2246,3021) (2240,3033) (2241,3035) (2236,3049) (2237,3053) (2239,3053) (2240,3055) (2239,3058) (2239,3063) (2245,3072) (2250,3075) (2261,3072) (2270,3074) (2270,3076) (2276,3077) (2282,3070) (2286,3068) (2291,3069) (2293,3073) (2286,3084) (2289,3085) (2280,3093) (2278,3100) (2279,3101) (2283,3101) (2286,3104) (2306,3099) (2307,3096) (2306,3093) (2309,3091) (2308,3095) (2311,3097) (2316,3095) (2319,3089) (2328,3080) (2332,3078) (2334,3072) (2339,3074) (2343,3071) (2349,3058) (2351,3050) (2353,3049) (2343,3049) (2344,3052) (2348,3052) (2347,3056) (2333,3059) (2331,3057) (2336,3046) (2336,3040) (2335,3038) (2330,3037) (2327,3039) (2321,3037) (2318,3040) (2315,3038) (2316,3037) (2313,3035) (2315,3033) (2314,3031) (2301,3032) (2295,3036) (2297,3032) (2295,3032) (2295,3028) (2289,3027) (2286,3024) (2281,3025) (2277,3031) (2261,3023) (2259,3011) (2246,3021)
add_area 135585262 'luomajarvi'  (1948,2840) (1943,2849) (1932,2857) (1926,2863) (1923,2867) (1923,2879) (1926,2885) (1922,2893) (1924,2895) (1934,2897) (1934,2899) (1940,2894) (1946,2892) (1953,2893) (1959,2892) (1969,2887) (1978,2878) (1987,2868) (1990,2859) (1994,2851) (2005,2839) (2003,2836) (1987,2838) (1972,2838) (1964,2849) (1962,2850) (1965,2830) (1957,2833) (1948,2840)
add_area 135585263 'myllylammi'  (2309,2958) (2307,2959) (2305,2963) (2303,2965) (2306,2965) (2308,2968) (2304,2974) (2301,2988) (2303,2990) (2307,2989) (2310,2987) (2310,2984) (2315,2980) (2315,2976) (2311,2973) (2311,2970) (2313,2965) (2312,2964) (2318,2953) (2317,2952) (2309,2958)
add_area 135585264 'tenhusjarvi'  (2139,2751) (2135,2758) (2132,2767) (2129,2771) (2129,2774) (2128,2775) (2127,2775) (2123,2779) (2117,2782) (2099,2802) (2088,2805) (2080,2799) (2076,2801) (2071,2816) (2062,2828) (2059,2837) (2061,2841) (2071,2848) (2071,2850) (2076,2849) (2086,2842) (2094,2832) (2101,2823) (2104,2821) (2110,2814) (2112,2813) (2113,2815) (2112,2822) (2114,2824) (2116,2824) (2121,2826) (2125,2822) (2133,2810) (2136,2797) (2141,2790) (2142,2785) (2146,2781) (2147,2777) (2154,2764) (2152,2762) (2153,2757) (2150,2754) (2150,2749) (2146,2750) (2142,2748) (2139,2751)
add_area 135585299 'pahalammi'  (2194,3172) (2195,3172) (2200,3166) (2201,3166) (2202,3165) (2202,3164) (2204,3162) (2204,3160) (2205,3160) (2205,3159) (2204,3159) (2203,3161) (2196,3166) (2193,3170) (2194,3172)
add_area 135585301 'likolammi'  (2343,3163) (2345,3163) (2345,3167) (2349,3161) (2349,3161) (2343,3163) (2343,3163)
add_area 135585302 'syvalammi'  (2340,3255) (2342,3253) (2343,3251) (2340,3251) (2339,3255) (2340,3255)
add_area 135585304 'pikku-tuhkuri'  (1982,3142) (1980,3149) (1982,3150) (1984,3150) (1984,3147) (1989,3135) (1987,3134) (1982,3142)
add_area 135585305 'pirttilammi'  (1893,3160) (1887,3167) (1887,3169) (1893,3169) (1902,3173) (1903,3177) (1906,3175) (1909,3170) (1908,3165) (1898,3159) (1893,3160)
add_area 135723579 'haaralammi'  (1844,2659) (1843,2662) (1840,2663) (1837,2662) (1836,2662) (1833,2664) (1833,2666) (1837,2664) (1840,2665) (1842,2668) (1841,2672) (1838,2675) (1836,2678) (1835,2680) (1833,2683) (1834,2686) (1838,2686) (1840,2684) (1841,2679) (1844,2674) (1846,2672) (1847,2671) (1847,2668) (1849,2663) (1852,2659) (1854,2655) (1855,2651) (1852,2655) (1850,2657) (1844,2659)
add_area 135723580 'iso suojarvi'  (1926,2734) (1934,2740) (1936,2740) (1936,2743) (1933,2744) (1929,2742) (1924,2743) (1920,2748) (1918,2752) (1921,2756) (1926,2755) (1931,2752) (1935,2752) (1942,2751) (1948,2752) (1958,2744) (1968,2731) (1969,2727) (1965,2720) (1959,2720) (1949,2711) (1939,2710) (1926,2717) (1927,2721) (1921,2727) (1926,2734)
add_area 135723581 'iso-pahlanen'  (1819,2824) (1833,2804) (1839,2787) (1840,2778) (1844,2772) (1845,2767) (1844,2766) (1846,2764) (1846,2758) (1844,2758) (1844,2753) (1847,2743) (1842,2745) (1834,2754) (1833,2760) (1834,2763) (1833,2766) (1830,2767) (1825,2773) (1822,2776) (1815,2787) (1809,2788) (1800,2800) (1796,2811) (1796,2815) (1802,2822) (1810,2832) (1818,2831) (1819,2824)
add_area 135723582 'kaakkolammi'  (1981,2647) (1978,2658) (1972,2667) (1973,2669) (1979,2664) (1983,2656) (1987,2652) (1995,2645) (1995,2642) (1992,2640) (1986,2642) (1981,2647)
add_area 135723584 'sarkilammi'  (2456,2789) (2451,2800) (2452,2802) (2447,2810) (2445,2816) (2447,2818) (2452,2818) (2456,2813) (2461,2809) (2464,2796) (2465,2789) (2468,2782) (2467,2781) (2456,2789)
add_area 135723586 'valkolammi'  (2038,2600) (2032,2606) (2028,2612) (2026,2615) (2029,2615) (2036,2612) (2040,2608) (2038,2607) (2037,2604) (2040,2601) (2043,2599) (2045,2597) (2044,2596) (2039,2598) (2038,2600)
add_area 135723587 'vaha suojarvi'  (1894,2786) (1899,2793) (1902,2791) (1905,2788) (1906,2779) (1910,2769) (1910,2765) (1905,2759) (1900,2759) (1897,2762) (1894,2772) (1888,2781) (1894,2786)
add_area 135723588 'vaha-pahlanen'  (1813,2846) (1812,2852) (1819,2854) (1827,2853) (1832,2855) (1838,2856) (1846,2860) (1850,2859) (1852,2855) (1848,2850) (1847,2844) (1843,2841) (1843,2833) (1835,2828) (1823,2834) (1813,2846)
add_area 135723605 '-'  (2015,2593) (2014,2598) (2005,2605) (2005,2607) (2008,2608) (2013,2606) (2014,2608) (2011,2612) (2010,2613) (2006,2618) (2002,2623) (2004,2624) (2007,2624) (2010,2620) (2013,2613) (2017,2609) (2020,2610) (2017,2613) (2017,2616) (2016,2617) (2015,2618) (2020,2617) (2023,2611) (2023,2609) (2026,2606) (2027,2603) (2027,2600) (2028,2598) (2028,2595) (2017,2592) (2015,2593)
add_area 135723606 '-'  (2114,2600) (2114,2601) (2114,2601) (2114,2602) (2114,2603) (2116,2603) (2118,2604) (2119,2603) (2119,2602) (2120,2602) (2119,2601) (2119,2601) (2118,2601) (2117,2601) (2117,2600) (2117,2600) (2116,2599) (2115,2599) (2114,2600)
add_area 135723607 '-'  (2041,2606) (2042,2607) (2044,2607) (2045,2606) (2044,2603) (2041,2603) (2041,2606)
add_area 135723608 'pahalammi'  (1862,2620) (1862,2621) (1864,2620) (1864,2619) (1867,2618) (1865,2616) (1864,2618) (1862,2620)
add_area 135723611 '-'  (2538,2565) (2538,2567) (2537,2573) (2539,2573) (2541,2570) (2543,2566) (2541,2565) (2540,2563) (2538,2565)
add_area 135762638 'majasaaret'  (1691,2603) (1682,2614) (1684,2616) (1688,2614) (1690,2615) (1693,2614) (1695,2614) (1696,2612) (1695,2610) (1696,2609) (1696,2606) (1698,2604) (1698,2602) (1693,2602) (1691,2603)
add_area 135762639 'pirttilammi'  (1555,2836) (1555,2839) (1555,2844) (1556,2846) (1561,2847) (1564,2847) (1564,2851) (1566,2852) (1567,2849) (1566,2846) (1564,2839) (1557,2833) (1555,2836)
add_area 135762640 'sarkijarvi'  (1507,2806) (1502,2808) (1499,2810) (1497,2813) (1495,2820) (1494,2820) (1493,2823) (1495,2824) (1493,2830) (1489,2837) (1484,2848) (1479,2866) (1482,2869) (1485,2870) (1487,2869) (1493,2866) (1496,2867) (1499,2866) (1501,2862) (1505,2857) (1506,2852) (1500,2853) (1499,2848) (1500,2844) (1495,2838) (1496,2835) (1498,2831) (1499,2825) (1507,2816) (1510,2810) (1515,2804) (1515,2802) (1511,2802) (1507,2806)
add_area 135762645 '-'  (1605,2739) (1605,2741) (1610,2735) (1609,2734) (1605,2739)
add_area 135762646 'roykkykari'  (1752,2581) (1753,2579) (1754,2577) (1753,2577) (1751,2580) (1752,2581)
add_area 135762650 '-'  (1548,2752) (1548,2753) (1549,2753) (1551,2752) (1549,2749) (1547,2751) (1548,2752)
add_area 135762652 'nuottasaaret'  (1603,2747) (1603,2748) (1606,2748) (1608,2745) (1609,2741) (1607,2741) (1603,2747)
add_area 135762654 'selkasaari'  (1695,2669) (1696,2670) (1699,2668) (1703,2667) (1703,2663) (1696,2667) (1695,2669)
add_area 135762655 'luhtasaari'  (1674,2735) (1676,2735) (1679,2731) (1680,2723) (1678,2723) (1676,2725) (1672,2733) (1674,2735)
add_area 135762657 'kuivaslammi'  (1732,2695) (1731,2697) (1736,2700) (1743,2698) (1746,2694) (1746,2691) (1735,2694) (1732,2695)
add_area 135762658 'koiralammi'  (1577,2864) (1574,2872) (1577,2876) (1577,2878) (1579,2875) (1580,2872) (1580,2862) (1579,2863) (1577,2864)
add_area 135772470 'ahvenlammi'  (1918,2300) (1918,2301) (1917,2302) (1915,2303) (1915,2304) (1913,2306) (1912,2308) (1911,2309) (1910,2310) (1910,2312) (1910,2313) (1911,2313) (1912,2313) (1912,2312) (1915,2310) (1917,2309) (1920,2306) (1922,2304) (1923,2303) (1923,2302) (1923,2301) (1921,2300) (1921,2300) (1922,2299) (1922,2299) (1922,2298) (1920,2298) (1918,2300)
add_area 135772473 'haukilammi'  (1854,2268) (1855,2269) (1852,2273) (1849,2276) (1855,2276) (1860,2272) (1867,2269) (1870,2267) (1869,2264) (1870,2261) (1858,2263) (1854,2268)
add_area 135772474 'haukilampi'  (1537,2231) (1536,2234) (1534,2237) (1532,2239) (1533,2242) (1535,2247) (1535,2250) (1536,2251) (1538,2251) (1541,2249) (1544,2244) (1544,2238) (1543,2233) (1541,2230) (1539,2227) (1539,2227) (1538,2229) (1537,2231)
add_area 135772477 'hoseuslammi'  (1660,2217) (1663,2218) (1668,2215) (1668,2212) (1663,2212) (1659,2214) (1660,2217)
add_area 135772479 'kangaslammi'  (1750,2367) (1750,2368) (1750,2370) (1749,2373) (1749,2377) (1749,2379) (1749,2381) (1750,2381) (1751,2380) (1752,2378) (1754,2375) (1758,2372) (1758,2372) (1758,2370) (1757,2368) (1756,2366) (1757,2365) (1755,2362) (1754,2362) (1753,2362) (1751,2363) (1751,2364) (1750,2367)
add_area 135772481 'karpalolammi'  (1645,2574) (1647,2571) (1650,2570) (1651,2566) (1651,2564) (1648,2564) (1643,2567) (1640,2573) (1645,2574)
add_area 135772482 'kettulammi'  (1698,2402) (1701,2403) (1705,2407) (1709,2407) (1714,2404) (1721,2397) (1724,2393) (1715,2393) (1709,2395) (1704,2399) (1701,2401) (1699,2400) (1697,2401) (1698,2402)
add_area 135772485 'kirkas-soljanen'  (1875,2213) (1866,2234) (1872,2233) (1875,2236) (1882,2235) (1892,2227) (1895,2234) (1899,2234) (1902,2231) (1902,2229) (1899,2227) (1898,2226) (1900,2220) (1903,2216) (1902,2209) (1899,2208) (1898,2203) (1896,2203) (1888,2207) (1881,2209) (1875,2213)
add_area 135772492 'kaarmelammi'  (1351,2888) (1353,2889) (1355,2886) (1353,2885) (1351,2888)
add_area 135772501 'liesilammi'  (1728,2397) (1728,2398) (1728,2400) (1730,2400) (1731,2400) (1733,2399) (1735,2399) (1738,2400) (1739,2403) (1737,2406) (1742,2410) (1741,2415) (1746,2420) (1748,2424) (1747,2428) (1747,2431) (1753,2441) (1753,2437) (1757,2436) (1757,2430) (1755,2426) (1756,2423) (1752,2409) (1752,2405) (1752,2400) (1752,2394) (1754,2389) (1752,2387) (1749,2388) (1748,2389) (1745,2392) (1745,2393) (1744,2394) (1742,2395) (1740,2397) (1740,2398) (1738,2399) (1736,2399) (1735,2398) (1736,2396) (1738,2394) (1732,2393) (1729,2396) (1729,2396) (1728,2397)
add_area 135772505 'musta-soljanen'  (1912,2199) (1911,2200) (1911,2203) (1911,2206) (1911,2207) (1912,2210) (1912,2211) (1912,2213) (1913,2214) (1912,2215) (1913,2216) (1913,2217) (1913,2221) (1914,2223) (1916,2223) (1918,2224) (1920,2224) (1920,2225) (1922,2225) (1923,2224) (1924,2224) (1924,2224) (1925,2225) (1924,2225) (1924,2226) (1924,2226) (1923,2227) (1922,2229) (1921,2231) (1920,2233) (1919,2234) (1918,2235) (1917,2237) (1916,2238) (1918,2237) (1919,2237) (1919,2238) (1920,2240) (1920,2240) (1920,2241) (1921,2242) (1922,2242) (1924,2242) (1926,2242) (1928,2240) (1930,2239) (1930,2236) (1930,2235) (1930,2233) (1930,2231) (1929,2230) (1930,2229) (1932,2227) (1933,2225) (1935,2223) (1936,2220) (1940,2217) (1941,2214) (1942,2212) (1942,2209) (1942,2207) (1941,2205) (1935,2203) (1932,2204) (1930,2203) (1927,2204) (1925,2203) (1924,2202) (1925,2200) (1927,2195) (1925,2193) (1923,2192) (1922,2193) (1920,2193) (1917,2195) (1916,2196) (1914,2197) (1912,2199)
add_area 135772507 'onkilammi'  (1450,2605) (1452,2609) (1454,2611) (1459,2610) (1476,2602) (1486,2600) (1488,2599) (1489,2598) (1490,2595) (1490,2594) (1482,2594) (1477,2595) (1475,2593) (1467,2595) (1464,2593) (1459,2597) (1456,2601) (1451,2601) (1450,2605)
add_area 135772515 'salmijarvi'  (1357,2916) (1351,2921) (1348,2921) (1347,2919) (1349,2913) (1343,2918) (1340,2928) (1341,2934) (1347,2932) (1345,2928) (1346,2923) (1349,2925) (1353,2921) (1356,2919) (1359,2915) (1363,2913) (1367,2910) (1368,2906) (1366,2904) (1359,2906) (1360,2909) (1357,2916)
add_area 135772516 'saukkolammi'  (1570,2591) (1570,2595) (1571,2596) (1570,2599) (1577,2602) (1579,2601) (1580,2597) (1581,2596) (1580,2595) (1580,2591) (1577,2592) (1574,2589) (1570,2591)
add_area 135772536 '-'  (1879,2321) (1878,2323) (1876,2325) (1876,2325) (1876,2326) (1875,2328) (1874,2328) (1874,2329) (1874,2329) (1874,2329) (1875,2329) (1876,2329) (1877,2328) (1877,2327) (1878,2327) (1880,2326) (1880,2325) (1880,2324) (1880,2323) (1881,2322) (1881,2322) (1880,2321) (1879,2321)
add_area 135772537 '-'  (1997,2207) (1997,2209) (2004,2201) (1999,2203) (1997,2207)
add_area 135772538 '-'  (2030,2094) (2031,2094) (2032,2093) (2034,2092) (2034,2089) (2033,2088) (2031,2089) (2029,2091) (2030,2094)
add_area 135772539 '-'  (1583,2597) (1585,2597) (1587,2595) (1588,2593) (1586,2593) (1583,2596) (1583,2597)
add_area 135772540 '-'  (1368,2900) (1370,2899) (1371,2900) (1374,2899) (1372,2892) (1366,2895) (1368,2900)
add_area 135772542 '-'  (1798,2422) (1797,2422) (1797,2423) (1794,2425) (1794,2426) (1795,2427) (1796,2426) (1798,2425) (1799,2423) (1800,2423) (1801,2421) (1802,2420) (1803,2418) (1804,2417) (1804,2415) (1803,2415) (1802,2416) (1801,2417) (1800,2418) (1798,2420) (1798,2422)
add_area 135772543 '-'  (1951,2091) (1950,2094) (1951,2097) (1952,2100) (1950,2104) (1949,2108) (1949,2110) (1950,2110) (1952,2110) (1957,2105) (1961,2098) (1962,2095) (1961,2093) (1959,2090) (1957,2090) (1955,2091) (1954,2090) (1954,2088) (1953,2089) (1951,2091)
add_area 135790945 'ahvenlammi'  (1866,2516) (1869,2519) (1871,2516) (1876,2514) (1876,2514) (1877,2513) (1877,2514) (1883,2513) (1883,2511) (1881,2510) (1879,2509) (1877,2510) (1871,2510) (1869,2512) (1868,2514) (1866,2516)
add_area 135790946 'liinaslammi'  (2117,2396) (2115,2405) (2116,2406) (2120,2404) (2123,2406) (2127,2401) (2137,2395) (2141,2397) (2145,2396) (2146,2394) (2140,2392) (2140,2389) (2134,2388) (2134,2384) (2138,2379) (2136,2377) (2135,2378) (2134,2382) (2131,2389) (2129,2391) (2122,2390) (2117,2396)
add_area 135790947 'luodesjarvi'  (1723,2972) (1718,2973) (1712,2980) (1712,2984) (1709,2990) (1705,3006) (1703,3018) (1704,3022) (1708,3023) (1715,3014) (1719,3011) (1726,3002) (1728,2995) (1736,2978) (1736,2972) (1732,2972) (1723,2975) (1723,2972)
add_area 135790948 'muuranlammi'  (2147,2432) (2140,2434) (2133,2442) (2132,2446) (2133,2447) (2132,2454) (2136,2454) (2139,2451) (2142,2445) (2146,2443) (2145,2449) (2147,2449) (2157,2441) (2159,2434) (2155,2431) (2155,2425) (2151,2426) (2147,2432)
add_area 135790949 'paskolammi'  (1947,2363) (1944,2365) (1935,2376) (1936,2377) (1939,2375) (1942,2376) (1949,2374) (1957,2369) (1959,2360) (1950,2357) (1947,2358) (1947,2363)
add_area 135790950 'pimealammi'  (2573,2170) (2572,2173) (2567,2181) (2565,2187) (2566,2187) (2570,2185) (2575,2178) (2576,2173) (2580,2170) (2580,2167) (2575,2168) (2573,2170)
add_area 135790951 'rysaslammi'  (2104,2497) (2103,2498) (2104,2501) (2106,2504) (2110,2505) (2112,2508) (2109,2529) (2111,2533) (2113,2532) (2114,2530) (2117,2527) (2118,2526) (2120,2528) (2122,2527) (2124,2525) (2124,2518) (2121,2513) (2121,2506) (2122,2501) (2123,2497) (2120,2498) (2114,2502) (2108,2501) (2106,2498) (2104,2497)
add_area 135790956 'salmijarvi'  (2195,2364) (2197,2365) (2194,2374) (2188,2380) (2186,2381) (2183,2383) (2182,2383) (2180,2381) (2171,2389) (2162,2400) (2156,2413) (2159,2411) (2160,2412) (2159,2415) (2162,2415) (2168,2403) (2175,2392) (2180,2387) (2181,2385) (2183,2385) (2183,2388) (2187,2387) (2202,2370) (2202,2362) (2195,2362) (2195,2364)
add_area 135790957 'sorsalammi'  (1994,2522) (1997,2528) (2002,2526) (2006,2526) (2007,2528) (2008,2527) (2007,2524) (2005,2525) (2002,2524) (2001,2522) (2000,2515) (1998,2515) (1995,2518) (1991,2522) (1994,2522)
add_area 135790958 'suovanalainen'  (1988,2383) (1987,2388) (1984,2394) (1981,2397) (1978,2396) (1978,2393) (1977,2393) (1974,2397) (1975,2407) (1977,2407) (1977,2408) (1975,2411) (1974,2415) (1978,2413) (1981,2413) (1984,2416) (1987,2416) (1991,2414) (1995,2406) (2002,2397) (2003,2390) (2001,2390) (2004,2385) (2002,2382) (1998,2380) (1995,2382) (1990,2382) (1988,2383)
add_area 135790959 'vaha-kaitajarvi'  (2627,2080) (2624,2085) (2616,2096) (2603,2105) (2598,2110) (2594,2110) (2589,2112) (2587,2116) (2590,2119) (2587,2124) (2582,2126) (2579,2132) (2577,2134) (2578,2134) (2592,2121) (2598,2117) (2605,2110) (2613,2104) (2623,2090) (2628,2086) (2636,2074) (2627,2080)
add_area 135790984 '-'  (1865,2569) (1866,2570) (1866,2571) (1865,2572) (1868,2572) (1868,2571) (1870,2568) (1869,2569) (1867,2569) (1866,2568) (1865,2569)
add_area 135790989 'hautalammi'  (2499,2262) (2498,2266) (2502,2263) (2505,2262) (2508,2258) (2502,2258) (2499,2262)
add_area 135790992 'liinalammi'  (2375,2232) (2378,2234) (2383,2232) (2381,2226) (2378,2225) (2373,2228) (2375,2232)
add_area 135790993 'sammakkolammi'  (2458,2102) (2459,2104) (2464,2104) (2465,2109) (2467,2107) (2468,2104) (2465,2103) (2464,2101) (2461,2101) (2458,2102)
add_area 135904645 'hauturinlammi'  (2182,1911) (2179,1918) (2172,1932) (2169,1934) (2165,1942) (2159,1949) (2160,1952) (2163,1952) (2172,1951) (2180,1951) (2182,1948) (2188,1943) (2188,1938) (2195,1929) (2199,1927) (2203,1928) (2210,1928) (2210,1926) (2209,1926) (2205,1926) (2200,1924) (2201,1917) (2198,1913) (2194,1912) (2194,1909) (2192,1908) (2189,1909) (2184,1909) (2182,1911)
add_area 135904646 'housulammi'  (2467,1809) (2466,1812) (2460,1820) (2456,1824) (2455,1830) (2454,1834) (2455,1835) (2457,1836) (2462,1834) (2465,1834) (2470,1831) (2475,1825) (2474,1821) (2466,1824) (2464,1823) (2467,1817) (2473,1811) (2475,1807) (2474,1803) (2470,1803) (2467,1805) (2467,1809)
add_area 135904649 'kalliojarvi'  (2140,2151) (2133,2156) (2127,2168) (2128,2175) (2131,2177) (2134,2176) (2136,2174) (2140,2173) (2141,2175) (2138,2181) (2138,2184) (2144,2189) (2147,2190) (2148,2191) (2151,2192) (2153,2191) (2158,2197) (2161,2196) (2162,2199) (2169,2202) (2172,2201) (2173,2202) (2175,2201) (2174,2199) (2177,2193) (2174,2190) (2174,2181) (2170,2179) (2168,2177) (2164,2176) (2161,2173) (2160,2169) (2157,2166) (2159,2165) (2159,2163) (2158,2162) (2158,2151) (2153,2142) (2146,2149) (2140,2151)
add_area 135904650 'ritajarvi'  (2314,2069) (2315,2074) (2312,2090) (2316,2091) (2316,2095) (2318,2097) (2323,2095) (2325,2092) (2329,2089) (2337,2076) (2339,2077) (2336,2081) (2338,2082) (2338,2085) (2341,2084) (2340,2081) (2342,2077) (2339,2075) (2343,2070) (2353,2064) (2360,2057) (2358,2055) (2352,2054) (2335,2057) (2326,2062) (2322,2061) (2318,2062) (2312,2068) (2314,2069)
add_area 135904651 'valkeajarvi'  (2366,1835) (2361,1841) (2361,1847) (2356,1851) (2355,1860) (2352,1864) (2350,1870) (2351,1872) (2345,1890) (2350,1891) (2352,1896) (2361,1895) (2368,1891) (2373,1886) (2387,1881) (2393,1876) (2403,1874) (2401,1871) (2402,1863) (2407,1856) (2405,1852) (2405,1844) (2409,1842) (2407,1837) (2409,1830) (2406,1832) (2400,1841) (2396,1841) (2394,1840) (2380,1845) (2371,1841) (2376,1833) (2378,1824) (2377,1822) (2372,1832) (2366,1835)
add_area 135904652 'vuorijarvi'  (2253,2224) (2251,2230) (2252,2237) (2251,2244) (2252,2251) (2256,2253) (2258,2253) (2259,2256) (2263,2258) (2265,2254) (2266,2249) (2268,2236) (2266,2229) (2272,2220) (2272,2216) (2269,2215) (2261,2220) (2257,2220) (2253,2224)
add_area 135904653 'vaarajarvi'  (2436,1939) (2433,1943) (2432,1947) (2428,1952) (2429,1954) (2431,1955) (2433,1955) (2436,1954) (2440,1953) (2447,1954) (2447,1955) (2449,1956) (2453,1954) (2458,1950) (2460,1950) (2460,1956) (2460,1960) (2459,1963) (2457,1971) (2457,1974) (2459,1975) (2462,1974) (2464,1971) (2467,1965) (2466,1957) (2468,1951) (2473,1944) (2478,1941) (2483,1939) (2489,1935) (2489,1933) (2486,1929) (2477,1927) (2475,1929) (2467,1938) (2464,1939) (2461,1939) (2454,1942) (2452,1945) (2448,1945) (2443,1946) (2441,1942) (2441,1937) (2436,1939)
add_area 135904668 '-'  (2439,1920) (2441,1923) (2440,1924) (2441,1925) (2440,1926) (2441,1927) (2444,1927) (2445,1927) (2445,1929) (2443,1931) (2445,1932) (2446,1937) (2447,1938) (2449,1937) (2447,1935) (2447,1930) (2451,1925) (2450,1924) (2448,1923) (2449,1916) (2446,1915) (2440,1916) (2439,1920)
add_area 135904669 'niittylammi'  (2399,2095) (2398,2097) (2401,2096) (2403,2093) (2407,2090) (2404,2088) (2397,2093) (2399,2095)
add_area 135904670 '-'  (2229,1933) (2235,1934) (2239,1933) (2243,1931) (2244,1929) (2241,1928) (2236,1929) (2231,1930) (2229,1933)
add_area 135904671 '-'  (2208,1933) (2206,1934) (2199,1939) (2203,1941) (2209,1937) (2216,1936) (2215,1932) (2210,1930) (2208,1933)
add_area 135955951 'alinen sarkilampi'  (1779,2015) (1780,2016) (1785,2016) (1788,2015) (1792,2013) (1793,2012) (1794,2010) (1793,2009) (1793,2007) (1795,2004) (1800,2001) (1804,1999) (1807,1996) (1807,1995) (1809,1992) (1811,1985) (1812,1979) (1811,1977) (1814,1973) (1815,1969) (1815,1967) (1818,1963) (1818,1962) (1817,1961) (1815,1962) (1814,1963) (1810,1967) (1806,1969) (1801,1970) (1795,1969) (1790,1969) (1789,1967) (1789,1964) (1789,1963) (1786,1966) (1784,1969) (1784,1970) (1782,1973) (1779,1981) (1778,1987) (1777,1990) (1776,1993) (1776,1996) (1778,2000) (1778,2003) (1778,2014) (1779,2015)
add_area 135955953 'iso kalajarvi'  (2053,1735) (2050,1740) (2044,1743) (2041,1749) (2037,1754) (2024,1774) (2019,1776) (2008,1783) (2003,1789) (2003,1795) (1999,1802) (2002,1802) (2002,1804) (1996,1807) (1993,1806) (1991,1806) (1989,1808) (1989,1813) (1986,1818) (1985,1824) (1981,1832) (1981,1834) (1984,1836) (1987,1835) (1993,1830) (1998,1825) (2007,1820) (2010,1817) (2013,1808) (2016,1806) (2015,1804) (2017,1802) (2020,1802) (2025,1797) (2032,1794) (2038,1788) (2038,1781) (2040,1778) (2041,1775) (2047,1768) (2052,1765) (2059,1758) (2066,1752) (2070,1744) (2072,1738) (2068,1738) (2067,1732) (2063,1732) (2057,1730) (2053,1735)
add_area 135955956 'joutsenlampi'  (2164,1745) (2160,1749) (2153,1759) (2147,1766) (2153,1766) (2160,1762) (2173,1752) (2183,1746) (2182,1744) (2179,1744) (2173,1740) (2167,1742) (2164,1745)
add_area 135955957 'juostenpaskattu'  (2057,2181) (2055,2183) (2054,2186) (2054,2187) (2055,2190) (2059,2190) (2062,2190) (2067,2187) (2070,2183) (2074,2181) (2077,2179) (2078,2176) (2080,2175) (2080,2173) (2079,2171) (2078,2171) (2076,2172) (2072,2175) (2069,2177) (2066,2178) (2065,2177) (2062,2178) (2060,2179) (2057,2181)
add_area 135955958 'kaakkolampi'  (2074,1809) (2070,1815) (2069,1818) (2067,1821) (2063,1822) (2061,1823) (2057,1830) (2050,1834) (2043,1836) (2040,1839) (2041,1840) (2045,1841) (2048,1840) (2050,1841) (2053,1842) (2055,1841) (2060,1836) (2065,1832) (2070,1824) (2071,1821) (2074,1817) (2074,1813) (2076,1810) (2076,1808) (2074,1808) (2074,1809)
add_area 135955965 'petajajarvi'  (1913,1618) (1915,1620) (1921,1611) (1925,1610) (1929,1611) (1934,1608) (1936,1606) (1936,1602) (1938,1600) (1940,1590) (1945,1578) (1945,1564) (1947,1555) (1946,1555) (1938,1556) (1935,1554) (1936,1549) (1933,1549) (1930,1562) (1929,1563) (1927,1567) (1928,1568) (1927,1570) (1927,1572) (1925,1574) (1921,1589) (1913,1594) (1911,1594) (1907,1599) (1908,1605) (1908,1607) (1910,1607) (1910,1612) (1913,1618)
add_area 135955973 'vaha kalajarvi'  (1928,1782) (1917,1796) (1912,1801) (1899,1805) (1896,1809) (1889,1809) (1885,1812) (1881,1816) (1880,1822) (1878,1828) (1872,1833) (1868,1841) (1868,1847) (1870,1849) (1870,1856) (1874,1858) (1876,1858) (1879,1856) (1881,1853) (1887,1845) (1892,1837) (1894,1835) (1911,1814) (1917,1810) (1921,1805) (1925,1800) (1936,1787) (1938,1783) (1935,1782) (1939,1774) (1937,1773) (1933,1774) (1928,1782)
add_area 135955974 'ylinen sarkilampi'  (1756,2059) (1757,2057) (1760,2055) (1762,2054) (1762,2050) (1764,2049) (1764,2045) (1763,2041) (1763,2038) (1763,2035) (1763,2033) (1761,2034) (1756,2040) (1753,2044) (1752,2046) (1750,2049) (1750,2050) (1748,2055) (1747,2060) (1748,2062) (1748,2064) (1748,2065) (1750,2067) (1752,2066) (1754,2064) (1756,2059)
add_area 135955997 '-'  (1840,1819) (1842,1818) (1845,1812) (1850,1808) (1851,1802) (1858,1791) (1856,1782) (1846,1798) (1841,1812) (1837,1818) (1840,1819)
add_area 135955998 '-'  (1806,1916) (1810,1913) (1810,1908) (1806,1910) (1804,1913) (1806,1916)
add_area 135955999 '-'  (2001,1858) (2002,1859) (2003,1858) (2003,1856) (2002,1857) (2001,1858)
add_area 135956000 '-'  (1950,1867) (1951,1869) (1952,1869) (1955,1864) (1954,1863) (1951,1865) (1950,1867)
add_area 135956001 '-'  (2036,1909) (2037,1909) (2046,1902) (2046,1901) (2043,1902) (2039,1905) (2036,1907) (2036,1909)
add_area 135956002 '-'  (2073,1703) (2073,1705) (2074,1706) (2076,1705) (2077,1703) (2075,1701) (2071,1702) (2073,1703)
add_area 135956003 '-'  (2087,1702) (2090,1705) (2097,1702) (2098,1699) (2094,1697) (2089,1697) (2087,1699) (2087,1702)
add_area 135956004 '-'  (2005,1853) (2005,1853) (2007,1852) (2007,1849) (2005,1849) (2005,1850) (2005,1851) (2005,1853)
add_area 135956005 'haukilampi'  (2097,1712) (2100,1713) (2104,1717) (2108,1716) (2111,1712) (2109,1706) (2102,1706) (2098,1709) (2097,1712)
add_area 135956006 '-'  (2023,1902) (2026,1899) (2032,1897) (2032,1896) (2029,1895) (2027,1897) (2024,1898) (2022,1901) (2023,1902)
add_area 136012456 'hirvijarvi'  (1445,1583) (1446,1596) (1442,1619) (1446,1620) (1449,1618) (1452,1609) (1458,1603) (1463,1598) (1466,1593) (1465,1589) (1466,1584) (1472,1577) (1470,1576) (1469,1573) (1463,1572) (1461,1571) (1459,1571) (1456,1577) (1447,1580) (1445,1583)
add_area 136012466 'pitkajarvi'  (1455,2524) (1434,2538) (1430,2546) (1415,2557) (1413,2562) (1410,2565) (1401,2575) (1402,2579) (1400,2584) (1403,2585) (1405,2582) (1408,2574) (1416,2566) (1430,2556) (1436,2550) (1445,2544) (1450,2543) (1469,2529) (1472,2521) (1471,2516) (1473,2513) (1475,2509) (1472,2503) (1470,2503) (1464,2515) (1460,2523) (1455,2524)
add_area 136012496 '-'  (1351,2188) (1353,2187) (1354,2185) (1353,2185) (1352,2187) (1350,2187) (1351,2188)
add_area 136012505 'kahilalampi'  (1295,2300) (1296,2301) (1299,2301) (1301,2299) (1300,2298) (1297,2298) (1295,2300)
add_area 136012506 'konttilampi'  (1509,1815) (1512,1815) (1515,1813) (1517,1811) (1514,1805) (1504,1803) (1503,1807) (1509,1815)
add_area 136012509 'paskolampi'  (1338,2150) (1341,2150) (1342,2149) (1343,2146) (1339,2144) (1337,2145) (1336,2146) (1338,2150)
add_area 136012511 'vaarajarvi'  (1247,2364) (1247,2365) (1249,2365) (1255,2363) (1257,2360) (1256,2358) (1250,2361) (1247,2364)
add_area 136012519 'kaukalolampi'  (1239,2305) (1239,2306) (1243,2307) (1247,2305) (1253,2302) (1253,2301) (1245,2304) (1240,2304) (1239,2305)
add_area 136012521 'peipunlampi'  (1419,1670) (1416,1674) (1415,1680) (1417,1679) (1418,1680) (1420,1677) (1423,1676) (1423,1671) (1422,1669) (1419,1670)
add_area 136012522 'mamminlampi'  (1477,1727) (1476,1729) (1472,1734) (1472,1736) (1476,1733) (1480,1730) (1481,1729) (1479,1728) (1479,1726) (1477,1727)
add_area 136012524 'purisevalampi'  (1285,2317) (1284,2320) (1282,2325) (1286,2326) (1287,2330) (1290,2328) (1291,2321) (1289,2316) (1286,2315) (1285,2317)
add_area 136016267 'ahvenlammi'  (1007,2981) (1008,2983) (1013,2981) (1027,2970) (1027,2966) (1026,2965) (1030,2955) (1037,2944) (1047,2933) (1048,2929) (1046,2926) (1037,2929) (1035,2933) (1034,2939) (1029,2945) (1026,2943) (1021,2947) (1015,2955) (1013,2970) (1006,2979) (1007,2981)
add_area 136016268 'mullilammi'  (1339,2759) (1339,2761) (1341,2761) (1342,2762) (1342,2761) (1343,2761) (1348,2759) (1353,2759) (1355,2759) (1358,2758) (1358,2757) (1358,2756) (1356,2757) (1353,2756) (1352,2755) (1350,2755) (1347,2756) (1345,2753) (1343,2753) (1342,2753) (1342,2754) (1341,2756) (1339,2757) (1338,2758) (1339,2759)
add_area 136016269 'pikkulammi'  (1352,2586) (1352,2590) (1360,2592) (1368,2587) (1369,2581) (1364,2578) (1356,2581) (1352,2586)
add_area 136016270 'venesjarvi'  (1118,2814) (1106,2830) (1108,2831) (1122,2823) (1128,2817) (1127,2814) (1131,2805) (1129,2804) (1127,2805) (1118,2814)
add_area 136118689 'haarajarvi'  (2907,1741) (2906,1744) (2899,1751) (2891,1757) (2890,1759) (2892,1761) (2896,1760) (2898,1762) (2905,1759) (2911,1755) (2917,1751) (2919,1747) (2909,1742) (2907,1738) (2905,1737) (2903,1738) (2902,1741) (2898,1745) (2899,1746) (2900,1746) (2905,1741) (2907,1741)
add_area 136118691 'kahilalammi'  (2745,1861) (2744,1865) (2746,1866) (2753,1860) (2757,1854) (2754,1852) (2750,1854) (2743,1860) (2745,1861)
add_area 136118692 'kaitalampi'  (2672,1437) (2665,1449) (2659,1456) (2655,1467) (2657,1467) (2659,1466) (2659,1462) (2669,1450) (2670,1449) (2674,1443) (2673,1440) (2676,1435) (2680,1431) (2682,1427) (2681,1427) (2672,1437)
add_area 136118693 'kaksoislammit'  (2574,1560) (2576,1561) (2585,1555) (2598,1540) (2598,1538) (2591,1541) (2574,1560)
add_area 136118701 'loyttyjarvi'  (2775,1787) (2774,1789) (2776,1790) (2780,1790) (2781,1791) (2785,1793) (2794,1792) (2798,1791) (2799,1794) (2803,1794) (2822,1788) (2827,1784) (2831,1782) (2835,1779) (2834,1776) (2836,1773) (2829,1777) (2827,1775) (2831,1773) (2832,1771) (2840,1764) (2839,1760) (2836,1760) (2826,1768) (2821,1770) (2817,1769) (2813,1770) (2808,1773) (2806,1776) (2802,1778) (2799,1777) (2791,1779) (2782,1785) (2778,1786) (2775,1787)
add_area 136118704 'narulammi'  (2708,1818) (2712,1819) (2715,1814) (2715,1810) (2713,1810) (2708,1816) (2708,1818)
add_area 136118708 'pahnuslampi'  (2612,1436) (2604,1449) (2606,1451) (2612,1450) (2615,1449) (2618,1444) (2621,1443) (2631,1436) (2633,1433) (2632,1430) (2622,1431) (2612,1436)
add_area 136118711 'pimealampi'  (2563,1519) (2566,1522) (2575,1516) (2579,1517) (2582,1517) (2585,1515) (2591,1514) (2600,1508) (2605,1497) (2599,1500) (2594,1506) (2585,1511) (2580,1511) (2566,1515) (2563,1519)
add_area 136118723 'ruutana'  (2985,1845) (2985,1847) (2988,1854) (2991,1856) (2994,1859) (2992,1861) (2992,1864) (2994,1865) (3006,1864) (3008,1861) (3006,1856) (2995,1852) (2994,1848) (2987,1844) (2985,1845)
add_area 136118724 'saukkolampi'  (2716,1402) (2712,1407) (2710,1410) (2708,1412) (2707,1414) (2708,1415) (2715,1414) (2722,1407) (2724,1402) (2716,1402)
add_area 136118727 'valkealammi'  (2434,1770) (2435,1771) (2437,1771) (2444,1767) (2444,1766) (2437,1767) (2434,1769) (2434,1770)
add_area 136118729 'vuorilampi'  (2627,1620) (2628,1623) (2626,1630) (2624,1633) (2623,1639) (2629,1638) (2630,1635) (2630,1633) (2633,1619) (2629,1617) (2627,1620)
add_area 136118731 'vaha loyttyjarvi'  (2783,1810) (2784,1813) (2783,1815) (2782,1818) (2784,1818) (2786,1817) (2785,1813) (2789,1810) (2790,1806) (2788,1806) (2786,1807) (2784,1807) (2783,1810)
add_area 136118749 '-'  (2600,1535) (2604,1535) (2609,1526) (2609,1522) (2607,1522) (2605,1524) (2600,1531) (2600,1535)
add_area 136150042 'ahvenlammi'  (2686,2065) (2687,2067) (2686,2069) (2685,2072) (2685,2078) (2686,2079) (2690,2075) (2692,2071) (2692,2068) (2694,2066) (2691,2058) (2687,2062) (2686,2065)
add_area 136150043 'alinen rutalammi'  (2703,1895) (2705,1896) (2707,1896) (2709,1894) (2709,1892) (2707,1894) (2705,1894) (2704,1893) (2703,1895)
add_area 136150044 'keskinen rutalammi'  (2683,1928) (2684,1930) (2682,1932) (2685,1931) (2687,1929) (2684,1927) (2683,1928)
add_area 136150045 'kotajarvi'  (2829,1715) (2827,1720) (2825,1725) (2828,1727) (2835,1726) (2840,1721) (2843,1720) (2845,1721) (2848,1720) (2849,1719) (2854,1716) (2859,1717) (2865,1712) (2868,1709) (2873,1707) (2875,1704) (2875,1698) (2873,1698) (2869,1700) (2863,1699) (2856,1695) (2854,1695) (2848,1709) (2832,1712) (2829,1715)
add_area 136150046 'kukkarolammi'  (3071,1893) (3073,1895) (3076,1893) (3073,1891) (3071,1892) (3071,1893)
add_area 136150047 'lauttalampi'  (2418,1456) (2418,1464) (2426,1463) (2427,1467) (2431,1464) (2437,1462) (2437,1460) (2436,1458) (2437,1456) (2435,1455) (2432,1458) (2430,1457) (2432,1453) (2421,1451) (2418,1456)
add_area 136150048 'naarajarvi'  (2788,1940) (2778,1950) (2771,1966) (2770,1969) (2773,1971) (2778,1966) (2790,1952) (2796,1947) (2798,1942) (2813,1924) (2817,1917) (2818,1910) (2813,1908) (2804,1916) (2788,1940)
add_area 136150049 'pahalammi'  (3210,1467) (3212,1469) (3215,1467) (3219,1459) (3217,1459) (3211,1464) (3210,1467)
add_area 136150050 'paskolammi'  (2801,1753) (2803,1753) (2805,1752) (2805,1750) (2803,1749) (2801,1751) (2801,1753)
add_area 136150051 'pirttilammi'  (2701,1957) (2698,1957) (2696,1958) (2695,1962) (2687,1969) (2682,1977) (2681,1979) (2683,1980) (2685,1979) (2689,1975) (2691,1973) (2693,1970) (2699,1967) (2705,1962) (2705,1959) (2707,1957) (2708,1954) (2706,1954) (2701,1957)
add_area 136150052 'pitkajarvi'  (2617,1572) (2618,1573) (2624,1570) (2627,1568) (2634,1567) (2641,1561) (2642,1557) (2646,1552) (2649,1552) (2655,1547) (2659,1547) (2661,1547) (2663,1543) (2667,1541) (2670,1540) (2673,1537) (2674,1535) (2669,1535) (2668,1533) (2670,1530) (2674,1526) (2679,1524) (2690,1510) (2694,1507) (2699,1499) (2702,1496) (2701,1494) (2695,1495) (2691,1497) (2688,1501) (2686,1509) (2682,1516) (2675,1522) (2668,1526) (2663,1530) (2660,1531) (2657,1534) (2655,1537) (2652,1540) (2647,1547) (2639,1553) (2634,1555) (2630,1555) (2625,1562) (2622,1563) (2618,1568) (2617,1572)
add_area 136150053 'rapalammit'  (2472,1510) (2475,1510) (2478,1507) (2480,1507) (2486,1497) (2487,1492) (2486,1492) (2482,1495) (2479,1496) (2473,1502) (2471,1503) (2468,1505) (2467,1508) (2466,1509) (2467,1510) (2472,1510)
add_area 136150055 'valkamansaari'  (3182,1902) (3187,1907) (3201,1903) (3204,1899) (3204,1895) (3192,1891) (3185,1893) (3180,1898) (3182,1902)
add_area 136150056 'vehkajarvi'  (3038,1921) (3038,1923) (3044,1930) (3048,1931) (3059,1928) (3061,1926) (3063,1923) (3070,1915) (3070,1911) (3063,1913) (3049,1917) (3045,1916) (3042,1917) (3038,1921)
add_area 136150057 'vaha saares'  (2490,1435) (2476,1445) (2468,1445) (2463,1451) (2463,1449) (2458,1452) (2457,1449) (2454,1449) (2448,1456) (2449,1464) (2441,1479) (2435,1482) (2432,1487) (2430,1492) (2434,1495) (2432,1504) (2434,1507) (2437,1507) (2438,1510) (2439,1511) (2442,1509) (2443,1504) (2450,1501) (2447,1496) (2460,1481) (2466,1476) (2474,1479) (2492,1460) (2495,1454) (2506,1445) (2504,1457) (2513,1456) (2519,1459) (2527,1458) (2533,1463) (2538,1463) (2539,1459) (2537,1457) (2535,1456) (2531,1458) (2533,1452) (2532,1450) (2525,1455) (2518,1455) (2513,1449) (2515,1442) (2509,1442) (2508,1436) (2504,1436) (2501,1427) (2490,1435)
add_area 136150060 'ylinen rutalammi'  (2685,1941) (2687,1941) (2688,1939) (2688,1937) (2687,1937) (2684,1940) (2685,1941)
add_area 136150064 '-'  (2771,1478) (2773,1477) (2773,1475) (2771,1474) (2769,1478) (2771,1478)
add_area 136150065 '-'  (2794,1724) (2797,1723) (2799,1721) (2797,1721) (2795,1722) (2794,1724)
add_area 136150066 '-'  (2477,1520) (2476,1524) (2479,1526) (2482,1524) (2488,1520) (2489,1516) (2485,1514) (2483,1511) (2480,1514) (2477,1520)
add_area 136197000 'heikkionlampi'  (1120,2365) (1120,2367) (1122,2369) (1123,2369) (1125,2369) (1129,2368) (1136,2363) (1138,2361) (1132,2360) (1125,2361) (1121,2363) (1120,2365)
add_area 136197008 'kirkaslampi'  (1269,2442) (1269,2445) (1269,2446) (1263,2458) (1262,2461) (1263,2463) (1265,2465) (1268,2465) (1270,2466) (1272,2465) (1274,2464) (1275,2464) (1276,2463) (1281,2454) (1284,2451) (1287,2450) (1290,2449) (1291,2447) (1292,2445) (1292,2442) (1291,2440) (1289,2438) (1288,2438) (1286,2438) (1285,2437) (1284,2438) (1279,2439) (1276,2439) (1273,2439) (1271,2440) (1269,2442)
add_area 136197011 'koivistonlampi'  (1156,2387) (1156,2389) (1159,2389) (1163,2382) (1162,2382) (1161,2383) (1158,2383) (1156,2387)
add_area 136197012 'koverolampi'  (1318,2352) (1313,2352) (1313,2349) (1311,2348) (1308,2351) (1306,2358) (1307,2363) (1310,2365) (1312,2364) (1317,2356) (1318,2356) (1316,2363) (1311,2370) (1309,2374) (1310,2377) (1313,2378) (1315,2381) (1317,2380) (1319,2378) (1329,2377) (1330,2374) (1328,2372) (1328,2367) (1324,2368) (1329,2362) (1330,2356) (1332,2358) (1333,2361) (1337,2364) (1340,2364) (1340,2362) (1343,2356) (1341,2353) (1335,2354) (1334,2351) (1331,2350) (1331,2346) (1328,2345) (1330,2339) (1328,2338) (1321,2343) (1318,2352)
add_area 136197015 'kukkaroinen'  (764,3114) (762,3123) (762,3127) (764,3128) (766,3130) (773,3128) (776,3130) (776,3131) (777,3130) (781,3119) (782,3111) (792,3097) (787,3096) (781,3099) (776,3099) (773,3095) (771,3097) (771,3099) (769,3102) (767,3110) (764,3114)
add_area 136197025 'kaarmelammi'  (786,3172) (790,3179) (790,3188) (794,3187) (797,3186) (799,3184) (800,3180) (801,3172) (795,3168) (787,3167) (786,3172)
add_area 136197030 'lettolampi'  (1145,2326) (1147,2326) (1149,2325) (1149,2323) (1146,2324) (1145,2326)
add_area 136197033 'laiskioslampi'  (1075,2428) (1073,2431) (1070,2440) (1068,2446) (1070,2448) (1072,2448) (1075,2445) (1075,2439) (1079,2434) (1080,2430) (1077,2427) (1075,2428)
add_area 136197036 'mustalampi'  (774,3089) (771,3087) (764,3086) (759,3092) (755,3095) (752,3096) (749,3093) (749,3091) (752,3092) (753,3088) (755,3082) (754,3081) (752,3081) (745,3095) (745,3098) (748,3099) (750,3098) (755,3098) (763,3095) (769,3095) (771,3097) (773,3095) (771,3094) (774,3089)
add_area 136197040 'nevalampi'  (1114,2441) (1115,2444) (1117,2444) (1120,2443) (1122,2443) (1126,2442) (1128,2441) (1130,2439) (1129,2437) (1126,2437) (1122,2439) (1118,2439) (1114,2441)
add_area 136197041 'ojajarvi'  (1035,2639) (1039,2635) (1043,2636) (1047,2636) (1046,2645) (1044,2652) (1041,2653) (1033,2664) (1032,2671) (1028,2673) (1022,2680) (1017,2684) (1012,2690) (1001,2698) (996,2699) (992,2701) (981,2713) (978,2721) (974,2727) (970,2726) (949,2738) (946,2735) (936,2737) (934,2740) (934,2743) (937,2746) (941,2747) (941,2750) (939,2755) (950,2757) (964,2750) (965,2746) (963,2744) (963,2739) (968,2735) (979,2729) (989,2714) (997,2711) (1000,2710) (1008,2707) (1017,2700) (1024,2700) (1028,2698) (1032,2693) (1040,2688) (1042,2684) (1045,2684) (1048,2680) (1050,2672) (1047,2671) (1043,2672) (1042,2667) (1038,2665) (1049,2652) (1053,2643) (1052,2639) (1052,2629) (1052,2626) (1043,2627) (1041,2629) (1038,2628) (1030,2638) (1030,2640) (1035,2639)
add_area 136197049 'petajajarvi'  (754,3037) (759,3024) (764,3019) (777,3011) (786,2998) (788,2999) (798,2987) (799,2984) (797,2982) (802,2963) (809,2957) (807,2956) (807,2955) (802,2954) (799,2951) (804,2938) (811,2931) (813,2926) (812,2922) (805,2922) (806,2920) (800,2918) (798,2914) (800,2910) (799,2906) (804,2900) (803,2899) (799,2900) (800,2892) (794,2891) (777,2894) (773,2900) (765,2905) (752,2911) (748,2919) (749,2925) (752,2932) (744,2983) (747,2984) (743,2990) (746,2991) (748,2990) (754,2990) (756,2993) (754,2997) (756,2998) (757,2995) (761,2994) (760,2990) (762,2986) (764,2987) (767,2987) (768,2995) (762,3006) (755,3013) (753,3021) (744,3031) (738,3034) (719,3049) (718,3051) (719,3052) (715,3058) (717,3061) (721,3063) (725,3063) (725,3065) (733,3068) (737,3061) (738,3050) (742,3049) (747,3042) (750,3042) (752,3038) (754,3037)
add_area 136197053 'saunalammi'  (771,3143) (772,3148) (775,3150) (783,3150) (785,3150) (788,3147) (786,3144) (777,3144) (773,3142) (771,3143)
add_area 136197064 'vaha ojajarvi'  (961,2662) (967,2664) (974,2664) (980,2660) (987,2649) (984,2649) (979,2650) (969,2657) (963,2659) (961,2662)
add_area 136197067 'vaha petajajarvi'  (818,3005) (815,3010) (814,3014) (816,3015) (818,3019) (816,3026) (816,3028) (818,3027) (819,3030) (822,3031) (826,3030) (829,3027) (832,3026) (833,3024) (835,3023) (837,3019) (832,3016) (845,2999) (854,2992) (853,2990) (855,2987) (856,2984) (855,2982) (852,2981) (846,2982) (842,2987) (837,2989) (831,2994) (822,2997) (816,3001) (818,3005)
add_area 136197127 '-'  (1146,2359) (1147,2358) (1146,2356) (1145,2357) (1145,2358) (1141,2360) (1146,2359)
add_area 136197128 '-'  (1266,3007) (1267,3004) (1271,3003) (1269,3001) (1265,3004) (1266,3007)
add_area 136815006 'haapalammi'  (2119,294) (2123,294) (2125,298) (2126,301) (2132,300) (2137,296) (2143,294) (2145,298) (2166,288) (2170,285) (2168,283) (2157,288) (2149,291) (2140,288) (2135,285) (2128,285) (2118,291) (2119,294)
add_area 136815041 'survoslammi'  (2117,386) (2113,391) (2116,396) (2116,401) (2120,404) (2126,400) (2128,407) (2130,410) (2136,408) (2143,401) (2138,382) (2135,378) (2133,378) (2133,375) (2130,375) (2123,379) (2118,381) (2117,386)
add_area 136815044 'tyolajarvi'  (2139,323) (2135,328) (2130,333) (2115,342) (2115,345) (2120,346) (2128,346) (2136,341) (2139,342) (2144,340) (2151,345) (2155,344) (2158,341) (2170,336) (2173,332) (2177,331) (2183,326) (2189,324) (2192,322) (2194,318) (2190,317) (2192,311) (2197,305) (2204,304) (2209,305) (2211,302) (2214,285) (2211,284) (2211,280) (2208,279) (2196,294) (2193,302) (2188,308) (2169,317) (2158,325) (2148,325) (2143,323) (2139,323)
add_area 136815045 'virojarvi'  (2161,65) (2165,68) (2167,72) (2173,77) (2176,78) (2178,76) (2180,72) (2183,67) (2186,61) (2186,57) (2181,53) (2163,60) (2161,65)
add_area 136815046 'ylimys'  (2027,461) (2031,462) (2035,461) (2036,457) (2040,454) (2046,446) (2051,445) (2053,441) (2056,433) (2055,429) (2051,428) (2047,431) (2045,427) (2037,429) (2030,442) (2025,454) (2027,461)
add_area 136815059 '-'  (2326,267) (2326,269) (2331,268) (2334,262) (2333,260) (2327,265) (2326,267)
add_area 136815060 'karhelammi'  (2225,496) (2217,505) (2215,508) (2217,512) (2222,512) (2225,509) (2227,509) (2229,509) (2235,503) (2243,490) (2242,489) (2234,490) (2227,493) (2225,496)
add_area 136815061 '-'  (2376,199) (2374,203) (2374,205) (2375,205) (2378,205) (2380,202) (2385,198) (2386,194) (2384,191) (2379,194) (2376,199)
add_area 136815062 '-'  (2348,242) (2349,245) (2357,244) (2360,242) (2360,239) (2362,236) (2360,234) (2356,237) (2350,238) (2348,242)
add_area 136913784 'kivijarvi'  (2287,847) (2279,858) (2281,860) (2285,856) (2295,845) (2300,840) (2310,826) (2313,819) (2303,820) (2300,824) (2287,847)
add_area 136913785 'kolmiloppi'  (2352,722) (2344,734) (2327,752) (2327,754) (2332,752) (2338,746) (2345,741) (2356,720) (2363,712) (2364,708) (2363,707) (2366,701) (2372,696) (2376,697) (2380,696) (2386,690) (2389,684) (2398,678) (2413,662) (2417,657) (2417,654) (2416,653) (2418,648) (2418,645) (2409,646) (2396,651) (2388,660) (2385,668) (2371,684) (2354,691) (2347,696) (2338,694) (2332,691) (2328,683) (2326,683) (2322,685) (2315,699) (2320,708) (2324,711) (2334,714) (2342,711) (2348,712) (2354,716) (2352,722)
add_area 136913792 '-'  (2336,803) (2342,798) (2350,792) (2357,787) (2360,784) (2359,782) (2349,785) (2337,794) (2334,797) (2335,797) (2330,804) (2329,807) (2336,803)
add_area 136913793 'alinen luomajarvi'  (2078,707) (2081,706) (2097,697) (2102,695) (2105,693) (2107,690) (2108,689) (2109,687) (2108,687) (2101,688) (2098,690) (2095,690) (2087,691) (2078,697) (2071,700) (2069,705) (2078,707)
add_area 136913795 '-'  (2038,781) (2036,782) (2036,783) (2038,783) (2038,782) (2040,781) (2040,779) (2038,779) (2038,781)
add_area 136913796 '-'  (2492,512) (2488,517) (2488,520) (2493,515) (2495,509) (2492,512)
add_area 136913798 'ylinen tuohisurma'  (2176,838) (2176,839) (2175,840) (2176,842) (2177,842) (2179,842) (2182,840) (2184,836) (2185,834) (2184,833) (2182,833) (2176,836) (2176,838)
add_area 136913799 '-'  (2270,738) (2270,740) (2270,740) (2270,740) (2280,738) (2283,736) (2286,734) (2288,732) (2289,730) (2289,729) (2288,728) (2286,728) (2284,728) (2280,729) (2276,732) (2273,735) (2270,738)
add_area 136913800 '-'  (2344,649) (2348,650) (2354,647) (2358,640) (2356,634) (2353,630) (2349,632) (2344,649)
add_area 136913801 'lakkilammi'  (2332,932) (2328,933) (2332,937) (2337,939) (2338,938) (2334,936) (2335,933) (2334,927) (2332,932)
add_area 136913802 'kiimalammi'  (2441,937) (2443,937) (2448,940) (2447,940) (2449,944) (2450,943) (2449,939) (2448,939) (2447,938) (2448,937) (2449,933) (2446,932) (2444,930) (2441,930) (2438,935) (2441,937)
add_area 136913803 '-'  (2109,792) (2108,794) (2110,796) (2115,797) (2118,796) (2118,789) (2115,787) (2108,786) (2107,790) (2109,792)
add_area 144503426 'mokoro'  (4910,3846) (4912,3845) (4914,3844) (4915,3841) (4916,3840) (4915,3837) (4913,3837) (4910,3840) (4908,3844) (4908,3845) (4910,3846)
add_area 144503430 'riikansaari'  (4947,3773) (4948,3774) (4948,3776) (4948,3777) (4949,3777) (4950,3774) (4949,3774) (4950,3773) (4952,3772) (4953,3772) (4954,3771) (4955,3770) (4955,3768) (4955,3768) (4955,3767) (4954,3767) (4954,3766) (4955,3766) (4956,3766) (4955,3765) (4954,3764) (4953,3764) (4952,3766) (4950,3767) (4949,3769) (4944,3773) (4943,3774) (4944,3774) (4947,3773)
add_area 144503431 'haapasaari'  (5032,3662) (5039,3658) (5048,3652) (5049,3650) (5050,3646) (5049,3644) (5047,3641) (5045,3641) (5045,3640) (5048,3637) (5050,3632) (5053,3629) (5053,3627) (5052,3625) (5048,3625) (5040,3632) (5036,3634) (5025,3650) (5025,3652) (5023,3653) (5020,3655) (5020,3656) (5021,3656) (5022,3656) (5023,3657) (5022,3659) (5023,3662) (5025,3664) (5032,3662)
add_area 144503435 'sissinsaari'  (4796,3852) (4797,3852) (4803,3853) (4806,3854) (4812,3854) (4815,3855) (4816,3855) (4819,3852) (4819,3850) (4817,3848) (4817,3847) (4816,3845) (4814,3845) (4814,3844) (4815,3843) (4814,3842) (4811,3843) (4810,3843) (4811,3842) (4811,3840) (4809,3839) (4806,3838) (4803,3840) (4803,3842) (4799,3843) (4796,3844) (4793,3843) (4791,3843) (4785,3848) (4786,3849) (4788,3849) (4788,3850) (4796,3852)
add_area 144503438 'harkisaari'  (5040,3765) (5043,3764) (5044,3764) (5046,3764) (5047,3764) (5048,3763) (5049,3761) (5050,3756) (5052,3754) (5054,3753) (5056,3753) (5058,3753) (5059,3752) (5062,3752) (5063,3751) (5062,3749) (5061,3749) (5058,3752) (5055,3753) (5055,3752) (5052,3752) (5050,3754) (5049,3754) (5048,3753) (5046,3753) (5044,3755) (5042,3756) (5041,3758) (5040,3759) (5038,3761) (5038,3761) (5039,3761) (5040,3762) (5039,3763) (5039,3764) (5039,3765) (5040,3765)
add_area 144503442 'vasikkasaari'  (4900,3828) (4909,3824) (4911,3827) (4918,3826) (4922,3817) (4928,3811) (4924,3806) (4927,3804) (4928,3806) (4932,3804) (4934,3800) (4930,3797) (4924,3800) (4924,3796) (4920,3793) (4916,3793) (4917,3788) (4914,3791) (4909,3791) (4905,3795) (4905,3803) (4902,3805) (4899,3803) (4897,3804) (4895,3809) (4892,3807) (4881,3821) (4883,3822) (4887,3819) (4888,3820) (4887,3822) (4891,3824) (4890,3828) (4893,3826) (4896,3830) (4900,3828)
add_area 146158474 'kyntojarvi'  (2031,258) (2030,261) (2033,264) (2036,271) (2034,277) (2030,280) (2029,283) (2031,288) (2029,294) (2029,298) (2032,302) (2030,307) (2033,320) (2038,329) (2041,331) (2053,330) (2064,327) (2069,330) (2074,331) (2076,330) (2071,329) (2067,326) (2064,317) (2066,310) (2054,306) (2053,298) (2057,277) (2054,275) (2057,263) (2055,257) (2048,256) (2043,258) (2041,257) (2036,259) (2033,257) (2031,258)
add_area 146158479 'lehmijarvi'  (1925,237) (1932,234) (1937,234) (1943,237) (1949,233) (1951,234) (1951,238) (1947,246) (1948,251) (1951,253) (1952,255) (1949,258) (1949,260) (1952,260) (1954,257) (1957,252) (1956,248) (1955,244) (1958,235) (1965,226) (1965,220) (1962,218) (1956,220) (1953,218) (1940,226) (1936,223) (1931,224) (1927,228) (1923,234) (1925,237)
add_area 146245231 'onkimus'  (1923,399) (1924,401) (1923,406) (1918,413) (1925,418) (1934,411) (1944,400) (1950,396) (1954,398) (1957,393) (1960,392) (1962,385) (1960,384) (1955,386) (1953,388) (1951,389) (1933,393) (1923,399)
add_area 146245255 '-'  (1980,381) (1976,390) (1967,391) (1964,394) (1962,398) (1960,399) (1958,397) (1955,400) (1957,403) (1968,401) (1971,400) (1978,393) (1986,392) (1992,388) (1995,381) (1987,379) (1980,381)
add_area 146245256 'iso vironsaari'  (1680,176) (1683,176) (1688,177) (1701,173) (1707,166) (1711,163) (1715,162) (1720,159) (1724,153) (1722,152) (1721,150) (1722,149) (1722,146) (1719,148) (1720,150) (1719,151) (1718,151) (1713,152) (1707,159) (1701,162) (1690,164) (1681,171) (1678,175) (1680,176)
add_area 146245266 'pikkusaari'  (1776,181) (1780,178) (1778,177) (1775,180) (1776,181)
add_area 146245268 'pikkukari'  (1672,157) (1673,156) (1674,155) (1673,154) (1671,153) (1672,157)
add_area 146245269 'isokari'  (1673,164) (1677,164) (1680,162) (1680,161) (1678,160) (1675,162) (1673,164)
add_area 146245270 '-'  (1923,460) (1924,464) (1935,464) (1938,457) (1930,458) (1925,457) (1923,460)
add_area 146245271 '-'  (2025,375) (2021,381) (2022,382) (2029,382) (2032,380) (2036,372) (2035,369) (2029,369) (2025,375)
add_area 146245273 'vaha vironsaari'  (1692,142) (1690,144) (1687,147) (1686,149) (1684,150) (1684,153) (1686,153) (1694,151) (1695,152) (1696,152) (1699,146) (1698,143) (1695,143) (1694,142) (1692,142)
add_area 146397595 'vahajarvi'  (1866,680) (1863,683) (1858,691) (1856,695) (1863,694) (1874,686) (1877,682) (1875,679) (1870,678) (1866,680)
add_area 146397604 'ylinen hahkalammi'  (1927,1087) (1925,1090) (1924,1095) (1926,1098) (1929,1099) (1934,1104) (1934,1111) (1933,1117) (1934,1122) (1939,1125) (1943,1126) (1944,1121) (1939,1111) (1933,1095) (1934,1089) (1930,1087) (1927,1087)
add_area 146397645 '-'  (2131,754) (2128,753) (2126,755) (2131,754)
add_area 146397659 'kaiturinsaari'  (1712,1016) (1714,1018) (1718,1013) (1715,1012) (1712,1016)
add_area 146397660 'honkalammi'  (2039,976) (2041,972) (2037,971) (2037,973) (2039,976)
add_area 146397661 'pikkusaari'  (1510,937) (1511,936) (1513,935) (1513,934) (1511,935) (1509,937) (1510,937)
add_area 146397662 'alinen tervalammi'  (1862,1007) (1864,1010) (1865,1010) (1866,1003) (1864,1001) (1862,1007)
add_area 146397663 'alinen tuohisurma'  (2135,1013) (2149,1002) (2157,989) (2157,987) (2143,1000) (2131,1015) (2135,1013)
add_area 146397664 'ylinen tervalammi'  (1956,975) (1952,983) (1954,983) (1959,978) (1966,964) (1963,961) (1957,968) (1956,975)
add_area 146397665 'sorsalammi'  (1929,899) (1929,903) (1931,905) (1937,906) (1940,904) (1942,900) (1939,898) (1934,896) (1929,899)
add_area 146397666 'pannisaari'  (1542,923) (1543,925) (1546,925) (1548,923) (1550,919) (1548,916) (1546,917) (1542,923)
add_area 146397668 '-'  (1941,1133) (1933,1138) (1931,1137) (1931,1142) (1934,1143) (1935,1147) (1936,1147) (1943,1141) (1944,1135) (1943,1128) (1941,1133)
add_area 146653588 'kaukajarvi'  (1821,1275) (1819,1283) (1815,1292) (1809,1299) (1796,1316) (1783,1337) (1770,1349) (1768,1352) (1768,1355) (1769,1358) (1765,1366) (1759,1375) (1757,1379) (1750,1386) (1740,1395) (1733,1405) (1729,1413) (1710,1445) (1700,1450) (1694,1456) (1695,1459) (1694,1464) (1695,1466) (1699,1465) (1703,1463) (1706,1460) (1717,1440) (1730,1422) (1736,1420) (1744,1421) (1748,1418) (1750,1418) (1752,1416) (1753,1411) (1760,1400) (1758,1389) (1765,1381) (1773,1367) (1783,1350) (1792,1339) (1800,1332) (1810,1318) (1813,1312) (1818,1303) (1820,1295) (1822,1293) (1822,1290) (1826,1279) (1827,1273) (1824,1272) (1821,1273) (1821,1275)
add_area 146653589 'luutalahti'  (1939,1356) (1938,1358) (1944,1358) (1948,1361) (1959,1360) (1959,1363) (1956,1375) (1957,1378) (1964,1376) (1966,1374) (1968,1374) (1967,1376) (1971,1376) (1985,1372) (1988,1373) (1995,1369) (2000,1369) (1999,1372) (1993,1376) (1990,1382) (1990,1387) (1994,1390) (1996,1389) (1996,1387) (1999,1382) (1998,1376) (2002,1371) (2002,1367) (1992,1365) (1984,1366) (1975,1366) (1971,1368) (1967,1367) (1969,1363) (1987,1335) (1986,1331) (1984,1329) (1984,1326) (1982,1326) (1979,1327) (1975,1326) (1974,1324) (1968,1326) (1964,1329) (1959,1336) (1948,1351) (1940,1355) (1939,1356)
add_area 146653593 'majalampi'  (1793,1500) (1792,1505) (1783,1515) (1778,1523) (1770,1534) (1762,1542) (1760,1547) (1752,1557) (1752,1559) (1754,1559) (1755,1558) (1756,1556) (1765,1548) (1767,1545) (1767,1541) (1769,1538) (1775,1535) (1779,1530) (1783,1528) (1786,1523) (1787,1520) (1796,1508) (1799,1506) (1802,1506) (1804,1504) (1803,1501) (1801,1501) (1802,1498) (1804,1496) (1803,1495) (1800,1497) (1799,1496) (1798,1492) (1797,1492) (1793,1500)
add_area 146653594 'raittilanlampi'  (1441,1288) (1440,1293) (1441,1302) (1450,1305) (1463,1293) (1463,1289) (1458,1290) (1456,1288) (1449,1287) (1449,1283) (1444,1283) (1441,1288)
add_area 146653595 'vehkalampi'  (1676,1506) (1672,1516) (1666,1521) (1664,1525) (1664,1530) (1667,1539) (1668,1540) (1666,1544) (1666,1547) (1665,1561) (1670,1568) (1672,1568) (1674,1567) (1674,1566) (1673,1565) (1676,1561) (1677,1556) (1679,1553) (1681,1543) (1680,1542) (1683,1536) (1682,1525) (1678,1524) (1678,1520) (1676,1519) (1676,1517) (1677,1512) (1678,1504) (1676,1504) (1676,1506)
add_area 146653598 'vesajarvi'  (1842,1385) (1836,1389) (1834,1389) (1830,1392) (1828,1399) (1818,1411) (1810,1418) (1810,1419) (1810,1421) (1816,1422) (1821,1430) (1824,1430) (1828,1435) (1822,1442) (1824,1445) (1828,1444) (1835,1432) (1844,1423) (1845,1420) (1851,1412) (1856,1406) (1857,1403) (1860,1399) (1864,1391) (1873,1382) (1877,1375) (1886,1367) (1910,1338) (1912,1337) (1913,1335) (1920,1331) (1927,1322) (1927,1315) (1923,1313) (1919,1316) (1912,1323) (1907,1324) (1898,1331) (1887,1338) (1887,1343) (1880,1351) (1877,1358) (1877,1362) (1870,1371) (1870,1375) (1864,1382) (1862,1388) (1855,1393) (1853,1397) (1850,1400) (1847,1406) (1849,1411) (1841,1422) (1835,1426) (1835,1428) (1832,1429) (1831,1427) (1833,1423) (1831,1422) (1828,1423) (1828,1420) (1832,1412) (1839,1406) (1840,1403) (1836,1403) (1833,1405) (1831,1405) (1835,1398) (1844,1391) (1848,1382) (1845,1378) (1842,1385)
add_area 146653600 'vesanterin purakki'  (1711,1312) (1711,1314) (1714,1315) (1720,1313) (1724,1310) (1732,1307) (1742,1299) (1745,1295) (1746,1291) (1743,1289) (1738,1290) (1735,1293) (1727,1302) (1720,1305) (1711,1312)
add_area 146653601 'vaarajarvi'  (2271,1068) (2263,1079) (2265,1081) (2263,1085) (2259,1087) (2257,1087) (2258,1084) (2256,1083) (2252,1084) (2246,1091) (2238,1097) (2235,1104) (2230,1110) (2218,1114) (2216,1115) (2218,1116) (2219,1125) (2221,1127) (2223,1127) (2229,1123) (2236,1117) (2237,1113) (2246,1104) (2245,1103) (2240,1103) (2239,1102) (2244,1096) (2252,1090) (2254,1090) (2256,1091) (2261,1091) (2266,1092) (2271,1090) (2275,1085) (2275,1083) (2270,1080) (2271,1072) (2274,1068) (2276,1065) (2274,1065) (2271,1068)
add_area 146653612 'kamppilampi'  (2029,1536) (2025,1540) (2024,1544) (2024,1548) (2025,1549) (2029,1549) (2034,1545) (2037,1539) (2038,1535) (2035,1535) (2031,1535) (2029,1536)
add_area 146653616 'tervalampi'  (2173,1180) (2170,1186) (2164,1194) (2164,1196) (2162,1197) (2162,1198) (2165,1196) (2172,1187) (2182,1178) (2187,1172) (2190,1166) (2188,1165) (2185,1167) (2183,1167) (2179,1169) (2173,1180)
add_area 146653619 'pitka-purakki'  (1653,1344) (1651,1346) (1643,1347) (1644,1349) (1642,1350) (1640,1350) (1636,1352) (1634,1351) (1635,1353) (1644,1350) (1650,1347) (1654,1347) (1659,1347) (1662,1345) (1663,1341) (1660,1341) (1655,1345) (1653,1344)
add_area 146653620 'ympyriainen purakki'  (1623,1374) (1622,1378) (1621,1382) (1620,1387) (1616,1391) (1616,1393) (1620,1393) (1621,1396) (1622,1397) (1626,1395) (1629,1393) (1635,1385) (1635,1384) (1630,1386) (1627,1384) (1625,1380) (1626,1378) (1625,1375) (1625,1372) (1624,1371) (1623,1374)
add_area 146653633 'markkolanlampi'  (1422,1233) (1421,1235) (1424,1245) (1425,1247) (1428,1246) (1434,1238) (1435,1233) (1438,1231) (1438,1231) (1435,1232) (1430,1233) (1426,1231) (1422,1233)
add_area 146653638 'pikkulampi'  (2235,1081) (2235,1089) (2236,1090) (2238,1090) (2244,1086) (2243,1082) (2244,1079) (2243,1076) (2245,1076) (2248,1067) (2233,1079) (2235,1081)
add_area 146653639 'peralammi'  (2302,1022) (2302,1023) (2305,1024) (2305,1027) (2306,1026) (2307,1024) (2308,1023) (2308,1022) (2304,1021) (2302,1022)
add_area 146655577 'kaakkurilampi'  (1282,1425) (1279,1428) (1274,1441) (1271,1447) (1270,1450) (1272,1453) (1276,1454) (1278,1452) (1279,1449) (1285,1441) (1281,1439) (1282,1435) (1285,1432) (1286,1429) (1284,1425) (1282,1425)
add_area 146655581 'mustalampi'  (1307,1573) (1302,1575) (1300,1579) (1300,1585) (1307,1585) (1311,1591) (1310,1594) (1315,1593) (1318,1589) (1318,1584) (1319,1575) (1321,1572) (1321,1564) (1320,1564) (1313,1569) (1313,1571) (1307,1573)
add_area 146655585 'sisatonjarvi'  (1380,1490) (1378,1493) (1374,1494) (1370,1499) (1366,1508) (1360,1516) (1362,1518) (1368,1517) (1373,1512) (1376,1508) (1383,1506) (1384,1508) (1386,1506) (1396,1493) (1401,1490) (1417,1476) (1421,1471) (1422,1464) (1421,1464) (1414,1469) (1412,1469) (1401,1475) (1392,1478) (1380,1486) (1380,1490)
add_area 146655588 '-'  (1280,1790) (1283,1787) (1281,1785) (1278,1789) (1280,1790)
add_area 146655596 'riukulampi'  (1195,1694) (1192,1697) (1192,1701) (1193,1704) (1196,1703) (1204,1697) (1203,1695) (1198,1694) (1195,1694)
add_area 146812301 'takalampi'  (2237,1559) (2233,1569) (2232,1576) (2228,1581) (2226,1586) (2214,1594) (2212,1600) (2212,1604) (2215,1604) (2217,1602) (2221,1602) (2222,1599) (2226,1596) (2230,1591) (2234,1580) (2247,1571) (2248,1568) (2244,1568) (2242,1566) (2242,1550) (2238,1550) (2237,1559)
add_area 146812340 'harkoset'  (2184,1682) (2183,1685) (2178,1688) (2174,1688) (2169,1692) (2169,1695) (2173,1691) (2179,1690) (2188,1685) (2191,1681) (2188,1677) (2184,1680) (2184,1682)
add_area 146812343 'pikkulampi'  (2157,1719) (2160,1720) (2163,1717) (2160,1715) (2157,1719)
add_area 146812351 '-'  (2192,1633) (2188,1635) (2185,1641) (2187,1641) (2193,1635) (2197,1630) (2196,1629) (2192,1633)
add_area 146848061 'huhdanalanen'  (2319,1451) (2317,1455) (2313,1457) (2307,1458) (2303,1462) (2302,1466) (2300,1469) (2300,1470) (2303,1472) (2303,1476) (2305,1478) (2311,1477) (2313,1475) (2316,1473) (2318,1469) (2320,1464) (2327,1460) (2328,1455) (2326,1454) (2326,1446) (2325,1446) (2323,1448) (2321,1448) (2319,1451)
add_area 146848065 'jokijarvi'  (2357,1401) (2358,1402) (2357,1405) (2350,1407) (2348,1410) (2347,1414) (2349,1416) (2348,1418) (2347,1425) (2350,1426) (2352,1424) (2351,1423) (2351,1422) (2354,1423) (2354,1424) (2355,1426) (2356,1428) (2357,1427) (2358,1426) (2359,1424) (2360,1426) (2363,1422) (2367,1420) (2370,1422) (2373,1421) (2375,1419) (2376,1418) (2378,1420) (2380,1417) (2378,1411) (2378,1408) (2375,1408) (2368,1409) (2366,1408) (2363,1408) (2362,1405) (2360,1404) (2358,1400) (2357,1401)
add_area 146848075 'lehmalampi'  (2287,1517) (2286,1524) (2290,1528) (2294,1530) (2299,1528) (2301,1530) (2304,1528) (2309,1522) (2309,1519) (2306,1520) (2303,1522) (2302,1519) (2291,1517) (2291,1513) (2289,1514) (2287,1517)
add_area 146848077 'kaleton'  (2267,1626) (2260,1634) (2257,1639) (2257,1642) (2261,1644) (2267,1645) (2268,1648) (2277,1648) (2286,1640) (2287,1636) (2286,1633) (2281,1634) (2280,1633) (2281,1629) (2275,1623) (2267,1626)
add_area 146921885 'sydanlammit'  (2369,1654) (2368,1657) (2366,1658) (2364,1658) (2361,1660) (2355,1667) (2353,1677) (2349,1683) (2349,1686) (2353,1686) (2354,1683) (2353,1683) (2356,1678) (2365,1670) (2370,1668) (2376,1663) (2378,1658) (2376,1657) (2371,1661) (2369,1656) (2371,1654) (2370,1653) (2369,1654)
add_area 146922029 '-'  (2350,1616) (2347,1622) (2339,1632) (2339,1634) (2342,1633) (2341,1636) (2339,1639) (2339,1641) (2341,1641) (2344,1640) (2347,1631) (2354,1622) (2356,1618) (2364,1608) (2366,1604) (2363,1605) (2357,1610) (2352,1612) (2350,1616)
add_area 146922037 '-'  (2375,1652) (2375,1651) (2373,1651) (2372,1653) (2375,1652)
add_area 146922039 '-'  (2384,1693) (2383,1697) (2386,1698) (2396,1692) (2395,1690) (2392,1689) (2388,1689) (2384,1693)
add_area 146922044 '-'  (2310,1687) (2309,1688) (2311,1691) (2316,1690) (2316,1687) (2313,1687) (2311,1687) (2310,1687)
add_area 146922047 'myssylammit'  (2300,1689) (2300,1693) (2300,1694) (2302,1695) (2304,1693) (2306,1690) (2305,1689) (2302,1690) (2302,1688) (2300,1689)
add_area 146934233 'iso pahalammi'  (3036,1981) (3035,1985) (3032,1989) (3030,1993) (3033,1996) (3038,1994) (3043,1993) (3045,1991) (3046,1988) (3044,1986) (3043,1980) (3039,1979) (3036,1981)
add_area 146934238 'iso peurajarvi'  (2940,2313) (2937,2314) (2931,2318) (2928,2321) (2926,2325) (2922,2331) (2916,2335) (2914,2339) (2913,2344) (2906,2350) (2904,2353) (2905,2355) (2906,2356) (2908,2354) (2913,2348) (2923,2336) (2931,2328) (2934,2323) (2941,2315) (2942,2312) (2940,2313)
add_area 146934243 'iso-koukeri'  (2695,2156) (2685,2177) (2678,2185) (2671,2196) (2665,2203) (2657,2215) (2648,2223) (2645,2228) (2643,2233) (2648,2231) (2659,2224) (2665,2215) (2675,2204) (2682,2192) (2686,2190) (2690,2186) (2698,2179) (2702,2178) (2704,2175) (2702,2174) (2704,2169) (2708,2166) (2709,2167) (2708,2172) (2714,2169) (2721,2168) (2741,2153) (2741,2150) (2738,2149) (2738,2146) (2735,2145) (2729,2147) (2721,2148) (2716,2154) (2712,2155) (2710,2153) (2698,2153) (2695,2156)
add_area 146934282 '-'  (2640,2180) (2638,2184) (2635,2187) (2635,2190) (2640,2190) (2642,2189) (2645,2181) (2642,2183) (2640,2182) (2641,2180) (2640,2180)
add_area 146934291 'kaakkolammi'  (2878,2250) (2877,2252) (2879,2254) (2882,2250) (2886,2246) (2888,2244) (2887,2241) (2886,2237) (2884,2237) (2877,2238) (2875,2241) (2878,2250)
add_area 146934292 '-'  (2746,2105) (2745,2106) (2745,2111) (2746,2112) (2748,2110) (2752,2112) (2755,2110) (2756,2108) (2755,2106) (2753,2105) (2753,2103) (2750,2101) (2748,2101) (2746,2105)
add_area 146934315 'pikku peurajarvi'  (2962,2284) (2959,2288) (2959,2290) (2960,2292) (2964,2289) (2973,2279) (2969,2278) (2962,2284)
add_area 146934318 '-'  (2743,2117) (2744,2118) (2742,2118) (2738,2124) (2741,2124) (2750,2114) (2749,2113) (2744,2115) (2743,2117)
add_area 146934320 'pikku pahalammi'  (3049,2004) (3049,2006) (3051,2006) (3054,2005) (3055,2003) (3056,2000) (3054,1999) (3052,1999) (3050,2001) (3049,2004)
add_area 146978947 'kaitalammit'  (2583,2762) (2589,2756) (2590,2752) (2583,2755) (2583,2762)
add_area 146978948 'mustalammi'  (2537,2798) (2533,2806) (2533,2809) (2534,2811) (2534,2816) (2539,2817) (2546,2814) (2547,2811) (2545,2806) (2542,2805) (2541,2802) (2542,2797) (2540,2796) (2537,2798)
add_area 146978951 'sammalisto'  (2517,2663) (2515,2668) (2517,2670) (2517,2676) (2524,2676) (2532,2671) (2538,2656) (2533,2651) (2524,2647) (2515,2655) (2517,2663)
add_area 146978952 'tyotonjarvi'  (2766,2389) (2761,2389) (2752,2394) (2743,2403) (2738,2406) (2731,2407) (2713,2413) (2707,2406) (2700,2410) (2697,2415) (2694,2423) (2685,2434) (2674,2442) (2671,2447) (2659,2452) (2644,2459) (2634,2461) (2630,2463) (2632,2469) (2627,2476) (2616,2480) (2615,2475) (2620,2462) (2621,2457) (2619,2456) (2618,2456) (2613,2466) (2606,2477) (2606,2483) (2609,2485) (2612,2485) (2624,2480) (2632,2474) (2634,2469) (2639,2468) (2640,2471) (2647,2470) (2652,2466) (2655,2468) (2653,2472) (2656,2472) (2660,2471) (2661,2474) (2655,2477) (2650,2486) (2651,2488) (2655,2489) (2657,2487) (2665,2481) (2667,2483) (2666,2487) (2669,2491) (2672,2490) (2671,2486) (2675,2477) (2679,2472) (2679,2469) (2682,2468) (2689,2466) (2693,2462) (2696,2460) (2698,2456) (2696,2455) (2700,2451) (2702,2447) (2698,2444) (2700,2442) (2701,2439) (2716,2425) (2723,2422) (2728,2419) (2741,2414) (2754,2403) (2767,2398) (2773,2393) (2784,2389) (2789,2385) (2784,2380) (2766,2389)
add_area 146978957 'valkeajarvi'  (2528,2391) (2515,2412) (2512,2414) (2508,2422) (2505,2432) (2494,2447) (2493,2451) (2487,2458) (2485,2467) (2480,2476) (2477,2486) (2470,2497) (2474,2499) (2482,2491) (2487,2489) (2491,2485) (2495,2477) (2501,2472) (2509,2468) (2521,2455) (2524,2447) (2530,2440) (2534,2433) (2538,2429) (2538,2425) (2535,2424) (2530,2426) (2525,2424) (2522,2415) (2526,2406) (2534,2399) (2541,2389) (2539,2386) (2531,2387) (2528,2391)
add_area 146978961 'yla-ulpas'  (2639,2706) (2635,2710) (2636,2720) (2638,2724) (2638,2729) (2642,2735) (2644,2736) (2648,2733) (2650,2730) (2649,2725) (2646,2721) (2643,2712) (2640,2703) (2639,2706)
add_area 146978967 '-'  (2578,2756) (2580,2755) (2580,2748) (2576,2750) (2578,2756)
add_area 147173499 'alainen latvajarvi'  (1449,3099) (1446,3104) (1443,3107) (1441,3110) (1438,3114) (1436,3117) (1433,3122) (1425,3137) (1420,3149) (1416,3162) (1415,3171) (1421,3180) (1423,3181) (1423,3184) (1423,3186) (1425,3185) (1428,3180) (1432,3178) (1434,3173) (1438,3155) (1440,3149) (1443,3142) (1443,3140) (1447,3134) (1453,3119) (1452,3118) (1455,3111) (1457,3106) (1457,3105) (1456,3105) (1455,3103) (1457,3100) (1453,3100) (1453,3096) (1449,3099)
add_area 147173503 'luodejarvi'  (1563,3048) (1563,3052) (1552,3071) (1553,3074) (1551,3076) (1550,3087) (1554,3090) (1556,3089) (1557,3084) (1562,3078) (1568,3073) (1571,3068) (1571,3063) (1572,3062) (1575,3061) (1580,3054) (1579,3049) (1571,3049) (1572,3044) (1577,3039) (1576,3038) (1578,3029) (1575,3029) (1567,3040) (1561,3044) (1560,3047) (1563,3048)
add_area 147173506 'pahalammi'  (1199,3199) (1198,3200) (1198,3203) (1198,3207) (1199,3209) (1198,3219) (1201,3222) (1203,3220) (1204,3214) (1205,3198) (1200,3197) (1199,3199)
add_area 147173509 'vaaralammi'  (1400,3082) (1397,3087) (1397,3090) (1398,3090) (1398,3088) (1401,3084) (1404,3084) (1407,3082) (1410,3080) (1415,3078) (1417,3075) (1415,3074) (1408,3078) (1406,3080) (1404,3081) (1401,3081) (1400,3082)
add_area 147173512 'ylinen latvajarvi'  (1402,3222) (1398,3236) (1392,3250) (1390,3258) (1390,3265) (1390,3276) (1383,3288) (1370,3304) (1375,3304) (1384,3300) (1390,3295) (1392,3284) (1402,3268) (1404,3258) (1404,3250) (1405,3248) (1409,3236) (1410,3227) (1412,3214) (1410,3214) (1402,3222)
add_area 147173528 '-'  (1614,2997) (1611,3005) (1610,3006) (1609,3008) (1612,3009) (1613,3011) (1615,3011) (1616,3008) (1614,3007) (1615,3006) (1614,3004) (1616,3002) (1617,2998) (1616,2998) (1616,2996) (1615,2994) (1614,2997)
add_area 147173530 'lehtisaari'  (840,3233) (834,3238) (827,3242) (825,3247) (828,3249) (820,3254) (821,3254) (830,3248) (833,3247) (832,3250) (837,3251) (838,3253) (841,3252) (842,3249) (844,3246) (844,3239) (840,3237) (841,3233) (840,3233)
add_area 147173537 'vaha-valkeajarvi'  (1057,3202) (1053,3207) (1047,3211) (1047,3215) (1048,3218) (1047,3222) (1047,3225) (1051,3229) (1053,3229) (1056,3228) (1058,3229) (1057,3234) (1060,3235) (1062,3233) (1060,3226) (1061,3217) (1065,3210) (1065,3209) (1062,3209) (1061,3208) (1064,3205) (1067,3204) (1071,3204) (1074,3200) (1069,3195) (1057,3202)
add_area 147173570 'isosaari'  (1131,3169) (1131,3173) (1135,3170) (1140,3162) (1138,3161) (1136,3164) (1132,3166) (1131,3169)
add_area 147173581 'vahasaari'  (1059,3134) (1062,3135) (1063,3135) (1063,3133) (1064,3130) (1065,3129) (1064,3128) (1062,3128) (1059,3131) (1059,3134)
add_area 147173583 'ruuhisaari'  (854,3228) (850,3230) (848,3230) (847,3233) (848,3236) (851,3235) (855,3233) (862,3229) (862,3227) (859,3228) (857,3227) (854,3228)
add_area 147191976 'alinen teerilammi'  (2074,3745) (2078,3764) (2080,3766) (2081,3764) (2088,3763) (2090,3765) (2090,3767) (2094,3764) (2094,3758) (2097,3754) (2095,3750) (2090,3745) (2087,3745) (2085,3744) (2083,3741) (2079,3741) (2077,3739) (2074,3745)
add_area 147191977 'heinalammi'  (1559,3613) (1556,3616) (1552,3621) (1554,3622) (1558,3620) (1560,3621) (1560,3622) (1561,3622) (1564,3618) (1565,3615) (1567,3613) (1569,3610) (1572,3606) (1572,3604) (1570,3605) (1568,3608) (1565,3611) (1559,3613)
add_area 147191979 'kantolammi'  (1832,3330) (1829,3335) (1827,3339) (1820,3348) (1796,3386) (1795,3389) (1802,3393) (1803,3389) (1805,3385) (1807,3378) (1811,3375) (1816,3369) (1820,3365) (1821,3361) (1828,3349) (1836,3345) (1837,3345) (1838,3335) (1848,3324) (1848,3319) (1851,3316) (1855,3314) (1857,3315) (1857,3319) (1860,3319) (1865,3316) (1857,3313) (1853,3309) (1849,3309) (1836,3328) (1832,3330)
add_area 147191981 'lauttasjarvi'  (1820,3499) (1815,3502) (1812,3515) (1812,3519) (1817,3521) (1816,3525) (1819,3527) (1827,3525) (1834,3519) (1837,3518) (1839,3516) (1837,3506) (1833,3498) (1823,3494) (1820,3499)
add_area 147191982 'palolammi'  (1678,3533) (1672,3533) (1667,3539) (1656,3541) (1652,3544) (1652,3548) (1658,3548) (1659,3549) (1662,3548) (1676,3541) (1684,3538) (1688,3537) (1688,3535) (1689,3533) (1680,3535) (1678,3533)
add_area 147191984 'saarijarvi'  (1583,3467) (1582,3472) (1579,3482) (1574,3491) (1574,3496) (1577,3506) (1585,3509) (1586,3516) (1591,3514) (1594,3515) (1599,3512) (1606,3502) (1606,3498) (1600,3491) (1607,3478) (1606,3469) (1602,3466) (1598,3467) (1589,3464) (1583,3467)
add_area 147191987 'vehkosjarvi'  (1697,3613) (1698,3617) (1705,3614) (1713,3615) (1720,3615) (1723,3614) (1728,3607) (1732,3605) (1738,3607) (1738,3610) (1743,3611) (1756,3607) (1762,3606) (1769,3601) (1770,3599) (1767,3600) (1762,3598) (1757,3598) (1750,3598) (1743,3600) (1738,3601) (1733,3601) (1724,3605) (1720,3604) (1717,3604) (1711,3607) (1704,3606) (1700,3609) (1697,3613)
add_area 147192019 'vaha-riuttajarvi'  (2056,3670) (2063,3676) (2073,3675) (2077,3675) (2093,3671) (2097,3668) (2104,3663) (2105,3659) (2105,3657) (2102,3657) (2096,3659) (2091,3658) (2076,3660) (2059,3666) (2056,3670)
add_area 147192023 '-'  (2121,3427) (2123,3427) (2126,3427) (2129,3429) (2128,3426) (2123,3425) (2121,3427)
add_area 147192024 'kumpulammi'  (1868,3431) (1867,3435) (1871,3436) (1876,3434) (1881,3427) (1879,3426) (1871,3427) (1868,3431)
add_area 147305147 'janissaari'  (771,3615) (772,3621) (771,3627) (777,3629) (780,3625) (783,3624) (783,3628) (777,3637) (785,3637) (787,3638) (786,3642) (791,3652) (795,3648) (796,3648) (799,3646) (801,3647) (802,3644) (799,3642) (801,3631) (800,3627) (801,3621) (799,3621) (799,3619) (790,3616) (791,3612) (790,3612) (789,3614) (788,3614) (786,3612) (783,3610) (784,3608) (783,3607) (781,3610) (774,3612) (771,3615)
add_area 147305153 'korpisaari'  (809,3679) (806,3678) (805,3676) (804,3677) (802,3677) (799,3678) (799,3680) (794,3681) (793,3683) (792,3689) (789,3691) (790,3692) (794,3689) (796,3690) (800,3688) (804,3685) (805,3682) (808,3681) (809,3679)
add_area 147305159 'liikalammi'  (1213,3438) (1210,3444) (1205,3452) (1201,3454) (1185,3463) (1182,3466) (1184,3471) (1182,3476) (1180,3482) (1175,3486) (1171,3485) (1171,3487) (1174,3488) (1188,3484) (1192,3481) (1196,3476) (1198,3470) (1199,3465) (1204,3457) (1210,3452) (1222,3440) (1224,3436) (1222,3433) (1217,3434) (1213,3438)
add_area 147305170 'pitkajarvi'  (1187,3276) (1176,3291) (1169,3310) (1151,3329) (1131,3363) (1117,3378) (1113,3387) (1111,3398) (1107,3407) (1100,3413) (1059,3440) (1053,3447) (1044,3453) (1035,3456) (1033,3452) (1033,3448) (1030,3448) (1026,3453) (1024,3459) (1028,3462) (1031,3461) (1034,3463) (1037,3463) (1044,3461) (1044,3457) (1053,3451) (1056,3451) (1045,3477) (1034,3484) (1029,3490) (1023,3504) (1023,3509) (1019,3524) (1022,3526) (1026,3523) (1031,3523) (1033,3527) (1039,3527) (1041,3523) (1045,3521) (1048,3516) (1047,3513) (1050,3510) (1051,3511) (1050,3514) (1053,3516) (1070,3502) (1070,3498) (1073,3496) (1071,3493) (1075,3489) (1077,3484) (1072,3479) (1073,3472) (1079,3464) (1080,3457) (1083,3455) (1083,3451) (1093,3436) (1098,3425) (1113,3401) (1117,3397) (1120,3388) (1133,3368) (1139,3359) (1147,3358) (1150,3354) (1157,3350) (1162,3344) (1167,3333) (1175,3324) (1177,3318) (1176,3312) (1175,3311) (1172,3313) (1186,3294) (1192,3278) (1191,3274) (1187,3276)
add_area 147305173 'poykansaari'  (776,3722) (774,3724) (773,3726) (770,3729) (770,3735) (773,3740) (779,3738) (781,3735) (782,3737) (783,3734) (785,3733) (786,3735) (787,3731) (786,3726) (780,3724) (780,3719) (778,3720) (776,3722)
add_area 147305178 'sammakkolampi'  (979,3569) (977,3575) (980,3576) (986,3574) (989,3571) (992,3565) (987,3562) (979,3569)
add_area 147305257 'vuohisaari'  (816,3704) (818,3708) (818,3711) (820,3714) (824,3711) (827,3711) (828,3720) (836,3720) (838,3715) (837,3713) (840,3705) (833,3702) (823,3699) (816,3701) (816,3704)
add_area 147305260 'mustikkasaari'  (848,3760) (845,3764) (843,3770) (845,3771) (845,3775) (835,3787) (836,3788) (842,3785) (852,3773) (850,3771) (859,3766) (859,3761) (854,3763) (851,3763) (850,3760) (848,3760)
add_area 147305263 'syvasaari'  (813,3659) (813,3662) (815,3664) (826,3660) (826,3656) (834,3648) (836,3643) (844,3637) (847,3632) (848,3623) (846,3618) (842,3618) (840,3618) (835,3619) (832,3619) (825,3628) (825,3630) (824,3633) (826,3638) (820,3642) (820,3644) (817,3648) (815,3651) (812,3654) (813,3659)
add_area 147308959 'putkilammi'  (1249,3674) (1248,3682) (1256,3683) (1262,3681) (1271,3672) (1272,3669) (1270,3666) (1269,3661) (1265,3658) (1261,3658) (1257,3660) (1253,3665) (1249,3674)
add_area 147314133 'iso selkasaari'  (860,3488) (860,3490) (858,3491) (857,3490) (855,3490) (854,3496) (857,3503) (861,3504) (871,3501) (875,3495) (883,3491) (886,3487) (892,3483) (895,3478) (894,3477) (891,3478) (889,3482) (884,3484) (883,3485) (880,3486) (875,3485) (869,3488) (867,3491) (864,3491) (861,3488) (860,3488)
add_area 147314136 'vaha selkasaari'  (819,3501) (817,3499) (813,3501) (809,3500) (807,3500) (807,3498) (805,3498) (805,3503) (802,3507) (808,3508) (817,3506) (816,3508) (814,3509) (813,3512) (817,3513) (817,3518) (823,3519) (829,3518) (835,3514) (822,3509) (824,3506) (822,3504) (823,3500) (819,3501)
add_area 147314145 'jouhikkasaaret'  (841,3548) (839,3550) (842,3552) (844,3548) (844,3546) (846,3543) (844,3543) (843,3544) (842,3544) (841,3548)
add_area 147314172 'peurasaari'  (888,3420) (889,3421) (891,3420) (893,3415) (890,3416) (888,3420)
add_area 147314174 'paaskysaari'  (937,3413) (939,3416) (941,3417) (947,3414) (947,3413) (942,3413) (939,3412) (937,3413)
add_area 147669339 '-'  (3391,1728) (3393,1729) (3395,1727) (3396,1724) (3398,1722) (3398,1721) (3396,1721) (3391,1728)
add_area 147721927 'heittokari'  (3974,1349) (3972,1350) (3971,1352) (3970,1353) (3971,1354) (3972,1352) (3975,1352) (3975,1353) (3976,1353) (3977,1352) (3978,1352) (3980,1352) (3982,1350) (3982,1349) (3980,1348) (3977,1349) (3976,1348) (3975,1348) (3974,1349)
add_area 147721929 'koirakari'  (4095,1497) (4098,1497) (4099,1494) (4097,1493) (4095,1497)
add_area 147721930 'onniankari'  (4068,1456) (4069,1457) (4071,1455) (4075,1450) (4073,1451) (4069,1454) (4068,1456)
add_area 147721937 'honkasaari'  (3945,1512) (3945,1515) (3946,1517) (3953,1515) (3954,1516) (3959,1514) (3964,1508) (3964,1504) (3962,1501) (3962,1497) (3960,1497) (3957,1500) (3956,1499) (3954,1500) (3952,1500) (3947,1506) (3944,1510) (3945,1512)
add_area 147721951 'heinakari'  (3883,1553) (3882,1555) (3886,1554) (3891,1548) (3891,1547) (3884,1551) (3883,1553)
add_area 147731559 'muuraislammi'  (3641,1587) (3642,1583) (3644,1581) (3644,1578) (3640,1579) (3636,1585) (3629,1589) (3626,1595) (3627,1596) (3629,1597) (3633,1595) (3636,1596) (3640,1593) (3643,1589) (3641,1587)
add_area 147731655 '-'  (3500,1730) (3501,1730) (3503,1728) (3502,1726) (3499,1727) (3500,1730)
add_area 147731656 '-'  (3557,1550) (3556,1552) (3557,1553) (3556,1555) (3557,1554) (3558,1553) (3559,1551) (3560,1550) (3559,1548) (3557,1550)
add_area 147954675 'kukkosaari'  (4061,1289) (4061,1291) (4063,1293) (4064,1295) (4061,1297) (4051,1310) (4050,1314) (4045,1321) (4046,1322) (4048,1322) (4049,1322) (4055,1319) (4057,1320) (4060,1319) (4060,1317) (4065,1314) (4070,1309) (4071,1303) (4072,1300) (4075,1297) (4076,1292) (4075,1291) (4076,1289) (4075,1286) (4074,1285) (4074,1283) (4074,1281) (4075,1279) (4075,1277) (4075,1275) (4075,1273) (4073,1272) (4072,1272) (4069,1275) (4068,1277) (4067,1280) (4064,1282) (4061,1285) (4060,1288) (4061,1289)
add_area 147954678 'paaskynsaari'  (4028,1124) (4026,1129) (4029,1128) (4030,1129) (4029,1132) (4031,1133) (4032,1132) (4034,1128) (4035,1123) (4031,1123) (4028,1124)
add_area 147954682 'liljansaari'  (4048,993) (4045,994) (4043,997) (4042,996) (4041,997) (4040,997) (4040,994) (4038,994) (4036,995) (4034,997) (4032,1001) (4038,997) (4039,997) (4038,1000) (4034,1002) (4033,1005) (4035,1005) (4037,1008) (4038,1007) (4041,1007) (4040,1009) (4043,1008) (4043,1009) (4046,1007) (4048,1005) (4046,1004) (4047,1003) (4049,1003) (4050,1003) (4049,1002) (4050,1001) (4051,1001) (4054,999) (4056,998) (4062,989) (4062,986) (4060,985) (4049,991) (4048,993)
add_area 147954720 'kanasaari'  (4052,1294) (4052,1296) (4052,1297) (4055,1295) (4057,1290) (4056,1289) (4055,1290) (4052,1294)
add_area 147958793 'sakarinkarit'  (3990,831) (3983,836) (3981,842) (3981,843) (3983,842) (3983,840) (3984,839) (3987,838) (3987,836) (3989,834) (3990,834) (3988,837) (3988,838) (3989,837) (3992,832) (3992,832) (3992,831) (3990,831)
add_area 147958794 'pitkonsaari'  (3998,893) (3992,900) (3991,902) (3991,905) (3993,904) (3994,902) (3999,898) (4000,897) (4002,896) (4002,897) (4004,897) (4004,896) (4003,895) (4006,891) (4006,890) (4006,888) (4005,887) (3998,891) (3998,893)
add_area 147961804 'rohkosaari'  (4111,622) (4115,622) (4116,626) (4124,626) (4129,620) (4131,619) (4133,616) (4134,614) (4136,613) (4136,611) (4137,610) (4136,609) (4134,611) (4134,610) (4133,610) (4132,611) (4124,612) (4119,616) (4117,616) (4111,620) (4111,622)
add_area 148168952 'iso-vesassalo'  (4032,434) (4025,435) (4018,440) (4017,444) (4013,449) (4011,457) (4009,462) (4004,466) (4002,465) (4000,467) (4001,469) (3997,473) (3997,475) (4002,473) (4003,473) (4002,476) (4007,478) (4006,482) (4011,486) (4020,485) (4026,489) (4040,494) (4047,489) (4049,489) (4049,487) (4050,485) (4052,483) (4054,477) (4053,471) (4050,465) (4049,458) (4046,450) (4047,446) (4044,441) (4045,436) (4042,437) (4036,435) (4034,433) (4032,434)
add_area 148168953 'kontusaari'  (4291,308) (4287,310) (4282,311) (4276,312) (4273,315) (4272,317) (4268,320) (4270,321) (4266,326) (4277,339) (4279,338) (4281,333) (4286,328) (4291,323) (4293,317) (4296,313) (4296,311) (4297,309) (4296,307) (4292,306) (4291,308)
add_area 148168954 'koppasaari'  (4431,267) (4430,268) (4430,270) (4428,271) (4428,274) (4423,280) (4423,284) (4424,289) (4422,293) (4424,293) (4427,291) (4428,289) (4426,288) (4426,285) (4431,282) (4435,279) (4436,274) (4434,271) (4431,270) (4431,267)
add_area 148168955 'lehtisaari'  (4315,311) (4312,313) (4310,315) (4313,316) (4315,319) (4312,324) (4306,328) (4301,334) (4300,337) (4304,337) (4303,340) (4308,338) (4312,340) (4317,337) (4320,337) (4330,330) (4339,331) (4338,335) (4340,337) (4345,334) (4354,334) (4356,336) (4370,330) (4369,323) (4369,311) (4372,309) (4373,303) (4363,305) (4353,309) (4345,307) (4340,301) (4336,299) (4326,301) (4313,310) (4315,311)
add_area 148168956 'vasikkasaari'  (4604,154) (4595,158) (4588,159) (4586,162) (4586,164) (4578,174) (4576,182) (4579,183) (4578,185) (4581,185) (4592,179) (4593,179) (4594,181) (4596,180) (4597,178) (4599,176) (4601,172) (4606,167) (4611,167) (4614,168) (4617,167) (4619,163) (4624,159) (4628,153) (4629,151) (4625,151) (4621,151) (4615,155) (4613,155) (4610,150) (4609,150) (4604,154)
add_area 148168957 'vaha-vesassalo'  (4123,358) (4114,363) (4110,366) (4110,367) (4107,371) (4103,378) (4104,381) (4101,386) (4100,392) (4093,398) (4090,400) (4089,402) (4086,405) (4085,407) (4089,409) (4089,413) (4087,415) (4089,415) (4091,413) (4094,411) (4099,412) (4102,414) (4107,414) (4110,412) (4116,405) (4118,400) (4121,396) (4122,390) (4125,383) (4124,380) (4123,374) (4131,367) (4134,367) (4144,363) (4143,359) (4141,357) (4142,351) (4141,348) (4129,353) (4123,358)
add_area 148168959 '-'  (4534,268) (4533,270) (4534,270) (4534,272) (4531,272) (4530,275) (4533,274) (4539,267) (4540,266) (4539,264) (4536,266) (4534,268)
add_area 148168961 '-'  (4313,302) (4317,302) (4319,301) (4319,299) (4316,298) (4313,302)
add_area 148168962 '-'  (4568,238) (4569,240) (4573,239) (4574,238) (4569,237) (4568,238)
add_area 148168963 '-'  (4302,285) (4300,287) (4303,288) (4306,285) (4305,281) (4302,282) (4302,285)
add_area 148168965 '-'  (4290,302) (4291,304) (4295,304) (4295,303) (4294,302) (4295,300) (4293,300) (4290,302)
add_area 148169133 '-'  (4613,189) (4617,189) (4619,186) (4615,186) (4613,189)
add_area 148169134 '-'  (4620,204) (4625,202) (4625,200) (4619,203) (4620,204)
add_area 150098176 'ahvenjarvi'  (4123,886) (4123,888) (4125,889) (4130,887) (4138,881) (4149,875) (4156,868) (4172,857) (4180,853) (4182,848) (4181,845) (4173,849) (4167,855) (4153,860) (4152,859) (4146,862) (4141,867) (4128,882) (4123,886)
add_area 150098178 'ruutanalammi'  (4409,200) (4411,202) (4413,206) (4415,206) (4419,203) (4419,200) (4416,195) (4413,194) (4410,198) (4409,200)
add_area 150098182 'vaha kurjenjarvi'  (4529,733) (4526,735) (4520,742) (4519,747) (4521,748) (4526,747) (4527,750) (4529,751) (4529,755) (4530,757) (4535,755) (4542,750) (4553,744) (4556,740) (4555,738) (4553,737) (4538,741) (4532,741) (4532,735) (4529,733)
add_area 150098187 '-'  (5251,784) (5249,785) (5249,786) (5250,787) (5248,788) (5248,789) (5251,789) (5256,784) (5254,784) (5252,783) (5251,784)
add_area 150098191 '-'  (4445,527) (4443,529) (4443,536) (4444,539) (4447,540) (4449,539) (4452,536) (4454,530) (4454,528) (4447,526) (4445,527)
add_area 150098193 '-'  (5005,1055) (5003,1058) (5001,1060) (5002,1063) (5005,1063) (5008,1063) (5014,1064) (5017,1062) (5019,1058) (5018,1055) (5017,1053) (5012,1054) (5008,1053) (5005,1055)
add_area 150098199 '-'  (4683,163) (4679,167) (4678,173) (4675,176) (4670,178) (4665,181) (4664,185) (4664,190) (4665,191) (4664,193) (4666,193) (4668,193) (4672,192) (4678,187) (4682,183) (4691,181) (4698,176) (4703,167) (4703,164) (4690,161) (4683,163)
add_area 150098209 '-'  (5403,671) (5404,674) (5407,674) (5410,671) (5408,669) (5405,669) (5403,671)
add_area 150098216 '-'  (4591,369) (4591,373) (4592,372) (4593,371) (4595,370) (4598,366) (4594,366) (4591,369)
add_area 150111882 'karvalammi'  (4410,1489) (4413,1493) (4415,1493) (4416,1491) (4413,1486) (4410,1488) (4410,1489)
add_area 150114469 'ristisaari'  (4486,1627) (4490,1629) (4494,1629) (4498,1624) (4501,1616) (4503,1613) (4500,1612) (4497,1614) (4491,1614) (4488,1616) (4483,1621) (4481,1627) (4486,1627)
add_area 150262693 'palosaari'  (4864,3877) (4863,3878) (4861,3880) (4860,3881) (4858,3883) (4858,3884) (4857,3885) (4856,3887) (4854,3890) (4854,3890) (4854,3891) (4855,3892) (4856,3892) (4858,3892) (4860,3893) (4861,3893) (4863,3893) (4864,3894) (4865,3895) (4866,3895) (4867,3896) (4868,3895) (4867,3895) (4866,3894) (4867,3894) (4867,3892) (4868,3890) (4868,3889) (4868,3886) (4867,3885) (4867,3884) (4868,3882) (4868,3881) (4869,3879) (4869,3878) (4870,3877) (4870,3876) (4869,3874) (4868,3874) (4867,3874) (4866,3875) (4865,3876) (4864,3877)
add_area 150262695 'heikinsaari'  (4879,3839) (4877,3844) (4873,3844) (4863,3852) (4856,3855) (4856,3859) (4862,3860) (4864,3865) (4875,3867) (4891,3848) (4890,3847) (4883,3849) (4883,3836) (4879,3839)
add_area 150268676 'solleronsaaret'  (4680,3857) (4679,3857) (4679,3858) (4679,3858) (4679,3859) (4678,3860) (4678,3861) (4678,3862) (4678,3862) (4679,3863) (4679,3863) (4681,3860) (4682,3859) (4683,3858) (4683,3857) (4683,3857) (4683,3856) (4682,3856) (4682,3856) (4682,3856) (4681,3856) (4680,3856) (4680,3857)
add_area 150374539 'isso'  (5094,3711) (5094,3711) (5094,3712) (5095,3713) (5095,3714) (5095,3715) (5096,3715) (5097,3715) (5098,3715) (5099,3715) (5099,3714) (5100,3714) (5100,3713) (5101,3713) (5101,3713) (5101,3712) (5101,3712) (5101,3711) (5101,3710) (5100,3709) (5099,3709) (5098,3710) (5097,3710) (5097,3710) (5096,3709) (5095,3710) (5095,3710) (5094,3711)
add_area 150374540 'eeden'  (5112,3709) (5111,3710) (5111,3710) (5111,3711) (5111,3712) (5111,3712) (5110,3712) (5110,3713) (5109,3713) (5109,3714) (5110,3714) (5110,3714) (5111,3714) (5112,3714) (5114,3713) (5115,3713) (5116,3713) (5117,3713) (5118,3713) (5120,3713) (5121,3712) (5122,3712) (5123,3710) (5123,3709) (5124,3707) (5123,3706) (5122,3706) (5121,3706) (5120,3706) (5119,3706) (5118,3706) (5118,3706) (5117,3706) (5115,3706) (5114,3708) (5112,3709) (5112,3709)
add_area 150374541 'kummeli'  (5138,3665) (5138,3665) (5137,3666) (5137,3667) (5137,3667) (5136,3668) (5136,3669) (5136,3670) (5136,3670) (5135,3672) (5135,3673) (5136,3673) (5137,3673) (5138,3673) (5138,3673) (5138,3673) (5139,3673) (5139,3674) (5138,3674) (5138,3675) (5137,3675) (5137,3676) (5137,3676) (5137,3676) (5138,3677) (5138,3677) (5139,3677) (5139,3677) (5140,3676) (5140,3674) (5140,3673) (5139,3673) (5140,3672) (5140,3670) (5140,3669) (5140,3667) (5140,3666) (5139,3665) (5138,3665)
add_area 150374542 'kauha'  (5156,3761) (5156,3762) (5155,3762) (5154,3763) (5154,3764) (5153,3764) (5152,3765) (5151,3766) (5150,3767) (5150,3767) (5149,3768) (5150,3768) (5151,3768) (5152,3767) (5153,3767) (5154,3767) (5155,3767) (5155,3767) (5155,3768) (5156,3768) (5157,3767) (5157,3767) (5157,3768) (5158,3768) (5159,3767) (5159,3766) (5160,3766) (5161,3764) (5161,3763) (5161,3763) (5161,3762) (5161,3761) (5161,3760) (5160,3760) (5160,3760) (5159,3760) (5158,3760) (5158,3760) (5158,3760) (5158,3759) (5157,3759) (5157,3759) (5156,3760) (5156,3761)
add_area 150374543 'mantysaari'  (5174,3612) (5173,3613) (5172,3614) (5171,3615) (5170,3617) (5169,3617) (5168,3618) (5168,3619) (5167,3620) (5167,3622) (5166,3623) (5167,3624) (5167,3624) (5168,3624) (5168,3625) (5169,3624) (5170,3624) (5171,3624) (5172,3624) (5172,3624) (5172,3624) (5173,3623) (5174,3622) (5175,3622) (5176,3621) (5177,3621) (5178,3620) (5179,3619) (5179,3618) (5180,3617) (5180,3616) (5181,3614) (5181,3613) (5181,3613) (5181,3612) (5181,3612) (5180,3612) (5180,3611) (5179,3610) (5179,3611) (5178,3611) (5178,3610) (5178,3610) (5177,3610) (5176,3610) (5176,3611) (5175,3611) (5174,3612) (5174,3612)
add_area 150374544 'latosaaret'  (5130,3648) (5129,3648) (5129,3649) (5129,3650) (5129,3650) (5129,3650) (5128,3651) (5129,3651) (5129,3651) (5130,3651) (5130,3651) (5131,3651) (5132,3650) (5132,3650) (5133,3649) (5134,3649) (5135,3648) (5136,3648) (5137,3647) (5139,3645) (5140,3644) (5140,3644) (5141,3643) (5141,3643) (5141,3643) (5141,3642) (5141,3642) (5142,3641) (5142,3640) (5144,3639) (5144,3637) (5145,3636) (5147,3635) (5147,3634) (5148,3633) (5147,3633) (5146,3633) (5145,3634) (5144,3634) (5142,3635) (5141,3637) (5141,3637) (5141,3638) (5141,3639) (5140,3640) (5139,3640) (5139,3640) (5138,3641) (5137,3641) (5136,3642) (5135,3643) (5134,3644) (5133,3644) (5133,3644) (5132,3645) (5132,3645) (5132,3646) (5131,3646) (5131,3647) (5131,3647) (5130,3647) (5130,3648)
add_area 150386582 'vuollesaaret'  (5213,3573) (5213,3574) (5212,3575) (5212,3576) (5212,3577) (5212,3577) (5213,3578) (5214,3578) (5214,3579) (5214,3580) (5213,3581) (5213,3581) (5213,3582) (5213,3582) (5214,3581) (5214,3581) (5215,3580) (5216,3580) (5218,3579) (5219,3577) (5220,3576) (5220,3574) (5220,3573) (5219,3572) (5217,3572) (5216,3571) (5215,3572) (5214,3573) (5213,3573)
add_area 150386585 'torkonsaari'  (5326,3434) (5326,3435) (5326,3436) (5326,3438) (5326,3439) (5325,3440) (5325,3442) (5325,3443) (5325,3444) (5326,3444) (5327,3445) (5328,3445) (5329,3444) (5331,3443) (5332,3443) (5333,3443) (5333,3443) (5334,3443) (5335,3442) (5337,3441) (5337,3440) (5338,3440) (5338,3440) (5337,3440) (5336,3440) (5336,3439) (5336,3437) (5336,3436) (5335,3436) (5336,3435) (5336,3434) (5336,3433) (5336,3433) (5335,3433) (5334,3433) (5333,3434) (5333,3435) (5331,3435) (5330,3435) (5330,3434) (5329,3433) (5328,3433) (5327,3433) (5327,3433) (5326,3434)
add_area 150403329 'sarkijarvi'  (4104,1795) (4103,1804) (4104,1808) (4103,1812) (4108,1819) (4110,1827) (4122,1837) (4129,1837) (4131,1840) (4139,1838) (4147,1836) (4152,1838) (4167,1838) (4174,1833) (4185,1822) (4194,1815) (4197,1813) (4194,1812) (4189,1817) (4184,1819) (4170,1823) (4157,1830) (4144,1830) (4143,1825) (4140,1824) (4132,1826) (4124,1819) (4115,1804) (4116,1795) (4113,1789) (4109,1790) (4104,1795)
add_area 150824772 'konisaari'  (4704,3227) (4704,3228) (4704,3229) (4704,3230) (4705,3230) (4706,3230) (4707,3230) (4708,3228) (4709,3227) (4709,3226) (4708,3226) (4707,3226) (4706,3225) (4706,3225) (4705,3225) (4705,3226) (4704,3227)
add_area 150824773 'tuhkasaari'  (4701,3236) (4700,3236) (4700,3237) (4699,3238) (4698,3239) (4697,3241) (4697,3242) (4697,3242) (4697,3243) (4698,3244) (4698,3244) (4700,3245) (4701,3245) (4701,3244) (4702,3244) (4702,3242) (4703,3242) (4704,3241) (4705,3239) (4705,3238) (4705,3238) (4705,3237) (4705,3236) (4705,3235) (4706,3235) (4706,3235) (4705,3234) (4705,3234) (4705,3235) (4704,3235) (4703,3235) (4702,3235) (4702,3236) (4701,3236)
add_area 150836979 'reppukari'  (4663,3178) (4663,3179) (4663,3180) (4664,3181) (4665,3181) (4665,3182) (4666,3183) (4667,3183) (4668,3183) (4669,3183) (4670,3183) (4670,3182) (4671,3181) (4671,3181) (4670,3180) (4670,3180) (4669,3180) (4668,3179) (4668,3178) (4667,3177) (4666,3177) (4665,3177) (4665,3177) (4664,3178) (4663,3178)
add_area 150840828 'kuurninsaari'  (4736,3242) (4725,3246) (4721,3256) (4716,3265) (4722,3264) (4723,3266) (4731,3265) (4734,3263) (4740,3263) (4753,3250) (4755,3250) (4754,3244) (4750,3245) (4742,3239) (4736,3242)
add_area 150840842 'hoyhiot'  (4852,3147) (4849,3152) (4848,3157) (4851,3166) (4850,3170) (4841,3181) (4834,3188) (4832,3192) (4834,3192) (4839,3188) (4850,3171) (4858,3165) (4859,3158) (4853,3153) (4857,3147) (4852,3147)
add_area 150840853 'rooppaansaari'  (4818,3191) (4818,3191) (4818,3192) (4818,3193) (4818,3194) (4819,3194) (4819,3195) (4819,3196) (4820,3196) (4821,3196) (4822,3195) (4823,3194) (4823,3193) (4823,3191) (4823,3190) (4822,3189) (4822,3189) (4821,3189) (4820,3189) (4819,3189) (4818,3190) (4818,3191)
add_area 150840881 'lieransaari'  (4777,3250) (4777,3251) (4777,3251) (4778,3251) (4779,3252) (4779,3253) (4779,3253) (4779,3253) (4780,3253) (4780,3254) (4781,3254) (4781,3254) (4782,3254) (4783,3254) (4784,3254) (4785,3254) (4785,3254) (4785,3253) (4785,3252) (4786,3251) (4786,3250) (4786,3249) (4786,3248) (4786,3247) (4785,3247) (4785,3246) (4785,3245) (4784,3245) (4783,3245) (4782,3246) (4781,3246) (4781,3247) (4781,3248) (4780,3248) (4779,3248) (4778,3248) (4777,3249) (4777,3250) (4777,3250)
add_area 150840883 'korpisaari'  (4729,3226) (4729,3227) (4729,3229) (4729,3230) (4730,3232) (4730,3233) (4732,3234) (4732,3235) (4734,3235) (4735,3235) (4736,3235) (4737,3234) (4738,3233) (4739,3232) (4740,3230) (4740,3229) (4739,3229) (4739,3228) (4739,3228) (4739,3227) (4740,3226) (4740,3225) (4740,3225) (4740,3224) (4739,3225) (4738,3224) (4737,3224) (4736,3224) (4735,3224) (4735,3224) (4734,3223) (4734,3224) (4734,3224) (4733,3224) (4731,3225) (4731,3225) (4730,3225) (4729,3225) (4729,3226)
add_area 150845346 'ykspetaja'  (4883,3133) (4882,3134) (4883,3134) (4883,3134) (4884,3134) (4885,3133) (4885,3132) (4885,3132) (4885,3132) (4884,3132) (4883,3132) (4883,3133) (4883,3133)
add_area 150845347 'ulonsaari'  (4752,3144) (4747,3149) (4728,3158) (4725,3162) (4729,3167) (4728,3171) (4742,3173) (4750,3167) (4758,3167) (4780,3159) (4783,3155) (4787,3155) (4788,3153) (4789,3149) (4800,3136) (4800,3131) (4797,3129) (4788,3130) (4773,3134) (4752,3144)
add_area 150845354 'siltasaari'  (4751,3176) (4744,3182) (4734,3186) (4711,3191) (4704,3191) (4679,3195) (4672,3203) (4667,3217) (4664,3220) (4666,3225) (4668,3226) (4669,3231) (4670,3232) (4683,3228) (4698,3215) (4707,3216) (4725,3212) (4736,3213) (4746,3206) (4752,3199) (4755,3198) (4756,3199) (4759,3198) (4760,3199) (4765,3193) (4767,3186) (4755,3185) (4754,3183) (4755,3179) (4753,3175) (4751,3176)
add_area 150845363 'lohisaari'  (4917,3104) (4917,3105) (4917,3106) (4917,3106) (4917,3106) (4918,3107) (4918,3106) (4919,3106) (4920,3105) (4921,3106) (4922,3106) (4923,3105) (4924,3105) (4925,3103) (4925,3103) (4924,3102) (4923,3101) (4923,3101) (4922,3102) (4921,3102) (4919,3103) (4918,3103) (4917,3104)
add_area 159353722 'alainen-haaponen'  (2089,3875) (2084,3882) (2084,3888) (2090,3894) (2094,3894) (2098,3899) (2101,3900) (2103,3898) (2102,3894) (2105,3894) (2108,3890) (2109,3885) (2105,3881) (2102,3875) (2094,3870) (2089,3875)
add_area 159353726 'haaponen'  (2143,3823) (2132,3825) (2125,3825) (2115,3826) (2113,3829) (2108,3830) (2105,3834) (2105,3839) (2108,3841) (2113,3839) (2113,3841) (2110,3847) (2113,3848) (2115,3851) (2118,3851) (2121,3848) (2123,3845) (2127,3843) (2134,3843) (2143,3841) (2155,3844) (2159,3841) (2163,3841) (2167,3836) (2167,3834) (2169,3832) (2169,3829) (2167,3829) (2166,3826) (2160,3826) (2148,3821) (2143,3823)
add_area 159353732 'lakkolammi'  (1561,3829) (1561,3832) (1560,3835) (1565,3838) (1571,3837) (1571,3833) (1572,3831) (1584,3823) (1584,3822) (1566,3827) (1562,3827) (1561,3829)
add_area 159353739 'likolammi'  (1614,3880) (1615,3891) (1619,3895) (1621,3894) (1622,3893) (1621,3888) (1621,3881) (1620,3872) (1618,3868) (1615,3869) (1614,3872) (1614,3880)
add_area 159353740 'pihlajalammi'  (1921,4004) (1920,4006) (1919,4014) (1920,4016) (1923,4016) (1930,4010) (1930,4007) (1923,4003) (1921,4004)
add_area 159353755 'taivaljarvi'  (1626,3906) (1623,3906) (1619,3908) (1618,3911) (1621,3917) (1619,3926) (1616,3930) (1616,3932) (1617,3935) (1623,3935) (1633,3923) (1634,3917) (1640,3902) (1640,3901) (1637,3902) (1634,3905) (1631,3904) (1626,3906)
add_area 159353759 'ylinen teerilammi'  (2055,3817) (2054,3817) (2053,3818) (2054,3819) (2052,3820) (2052,3821) (2051,3823) (2050,3823) (2046,3827) (2041,3833) (2035,3835) (2026,3846) (2025,3848) (2027,3849) (2032,3850) (2036,3849) (2043,3842) (2044,3839) (2046,3834) (2051,3830) (2061,3823) (2063,3821) (2062,3817) (2056,3816) (2055,3817)
add_area 159353760 'yla-antinalainen'  (1491,3821) (1490,3822) (1487,3830) (1487,3837) (1488,3844) (1489,3845) (1491,3845) (1495,3843) (1497,3841) (1496,3834) (1498,3827) (1495,3821) (1491,3821)
add_area 159353816 'pitamalammi'  (1424,3711) (1424,3714) (1427,3722) (1424,3728) (1428,3725) (1446,3725) (1458,3722) (1461,3716) (1460,3712) (1456,3712) (1456,3710) (1441,3705) (1434,3705) (1429,3706) (1424,3711)
add_area 159353820 '-'  (2007,3559) (2008,3558) (2009,3557) (2009,3556) (2007,3556) (2006,3557) (2007,3559)
add_area 159353822 '-'  (1550,3682) (1552,3686) (1553,3691) (1555,3693) (1557,3700) (1554,3705) (1556,3709) (1559,3709) (1561,3707) (1569,3704) (1573,3703) (1575,3700) (1575,3696) (1572,3695) (1568,3692) (1563,3691) (1561,3685) (1562,3681) (1561,3676) (1556,3669) (1552,3677) (1550,3682)
add_area 159374484 'alinen lapinjarvi'  (1401,4219) (1398,4228) (1394,4231) (1393,4235) (1393,4236) (1392,4240) (1392,4243) (1400,4244) (1400,4247) (1397,4250) (1395,4252) (1392,4258) (1393,4258) (1397,4257) (1400,4258) (1400,4263) (1396,4267) (1395,4277) (1387,4294) (1387,4299) (1394,4298) (1403,4288) (1404,4284) (1404,4277) (1408,4268) (1410,4255) (1406,4255) (1404,4253) (1400,4252) (1399,4250) (1404,4246) (1412,4244) (1414,4246) (1421,4244) (1430,4241) (1432,4233) (1431,4231) (1425,4228) (1421,4223) (1424,4218) (1424,4204) (1410,4209) (1401,4219)
add_area 159374496 'lakkarijarvi'  (1427,4260) (1429,4262) (1441,4255) (1442,4253) (1444,4252) (1448,4244) (1446,4244) (1445,4242) (1442,4243) (1439,4241) (1436,4244) (1432,4247) (1427,4260)
add_area 159374499 'lylyjarvi'  (1907,4394) (1907,4396) (1903,4397) (1902,4395) (1904,4392) (1901,4391) (1901,4388) (1900,4388) (1898,4384) (1898,4382) (1897,4382) (1896,4384) (1898,4393) (1897,4397) (1894,4401) (1892,4406) (1881,4419) (1866,4435) (1856,4445) (1848,4455) (1849,4455) (1858,4448) (1865,4440) (1874,4433) (1879,4427) (1881,4424) (1894,4412) (1900,4408) (1911,4396) (1914,4391) (1917,4390) (1920,4387) (1915,4388) (1913,4390) (1912,4391) (1910,4391) (1908,4392) (1907,4394)
add_area 159374507 'pahalammi'  (1750,3815) (1749,3812) (1746,3810) (1744,3808) (1741,3809) (1740,3812) (1737,3814) (1740,3818) (1745,3820) (1752,3820) (1754,3826) (1759,3825) (1763,3821) (1764,3817) (1766,3815) (1765,3813) (1761,3814) (1758,3817) (1754,3818) (1750,3815)
add_area 159374516 'sammakkojarvi'  (1372,4169) (1369,4173) (1371,4177) (1370,4179) (1372,4182) (1367,4187) (1366,4189) (1372,4191) (1386,4181) (1394,4180) (1399,4177) (1410,4173) (1427,4164) (1438,4160) (1440,4156) (1432,4154) (1413,4158) (1401,4163) (1396,4168) (1391,4166) (1380,4166) (1372,4169)
add_area 159374518 'tiejarvi'  (1412,4093) (1410,4098) (1406,4104) (1394,4112) (1393,4117) (1396,4120) (1401,4120) (1404,4115) (1411,4112) (1418,4104) (1421,4104) (1423,4107) (1440,4108) (1442,4106) (1435,4100) (1430,4088) (1425,4085) (1419,4086) (1412,4093)
add_area 159374524 'vehkoslammi'  (1502,4115) (1501,4120) (1506,4122) (1505,4125) (1511,4122) (1518,4114) (1515,4110) (1508,4110) (1502,4115)
add_area 159374526 'vahajarvi'  (1680,4060) (1677,4063) (1675,4069) (1672,4073) (1667,4075) (1660,4083) (1659,4092) (1663,4100) (1667,4098) (1668,4099) (1665,4106) (1664,4112) (1666,4113) (1670,4112) (1682,4103) (1685,4102) (1695,4098) (1702,4093) (1706,4085) (1704,4074) (1697,4075) (1690,4076) (1687,4072) (1691,4066) (1691,4062) (1685,4058) (1680,4060)
add_area 159374620 'ruuhilammi'  (1435,4199) (1436,4200) (1437,4200) (1439,4199) (1442,4203) (1440,4209) (1442,4207) (1445,4202) (1442,4201) (1440,4198) (1442,4193) (1440,4193) (1437,4195) (1435,4199)
add_area 159374621 'teerijarvi'  (1270,4199) (1268,4204) (1265,4206) (1268,4206) (1280,4205) (1285,4207) (1291,4203) (1298,4194) (1296,4192) (1293,4193) (1290,4191) (1281,4193) (1276,4191) (1270,4199)
add_area 159374634 'naalulammi'  (2007,4061) (2006,4064) (2015,4064) (2015,4058) (2009,4058) (2007,4061)
add_area 159374636 'pohjalammi'  (1345,4012) (1352,4020) (1354,4016) (1348,4005) (1345,4008) (1345,4012)
add_area 159374639 '-'  (1835,4148) (1833,4148) (1833,4149) (1839,4149) (1843,4146) (1838,4147) (1835,4146) (1835,4148)
add_area 159374643 'kumpulampi'  (1578,3974) (1582,3975) (1587,3971) (1594,3969) (1592,3968) (1587,3968) (1578,3971) (1578,3974)
add_area 159374645 '-'  (1937,4368) (1938,4368) (1943,4362) (1945,4361) (1945,4359) (1942,4358) (1935,4359) (1933,4364) (1934,4368) (1932,4369) (1932,4371) (1931,4371) (1930,4371) (1930,4372) (1929,4371) (1929,4371) (1929,4370) (1928,4372) (1928,4373) (1928,4373) (1929,4372) (1930,4373) (1927,4376) (1926,4380) (1925,4380) (1923,4384) (1930,4379) (1931,4376) (1933,4375) (1932,4371) (1932,4371) (1933,4370) (1934,4369) (1937,4368)
add_area 159535864 'heina-ruoke'  (1413,4494) (1409,4495) (1403,4495) (1402,4496) (1402,4497) (1401,4498) (1400,4499) (1399,4500) (1399,4501) (1397,4503) (1398,4505) (1397,4509) (1396,4509) (1395,4510) (1390,4513) (1390,4514) (1391,4515) (1394,4516) (1394,4517) (1391,4520) (1390,4526) (1391,4528) (1395,4527) (1405,4521) (1405,4517) (1406,4515) (1412,4514) (1416,4512) (1418,4511) (1419,4509) (1430,4500) (1432,4496) (1441,4488) (1444,4485) (1445,4483) (1443,4482) (1440,4483) (1438,4484) (1431,4486) (1425,4492) (1424,4493) (1413,4496) (1413,4494)
add_area 159535892 '-'  (1584,4370) (1585,4372) (1585,4371) (1587,4370) (1587,4368) (1585,4368) (1584,4370)
add_area 159535893 '-'  (1583,4382) (1585,4385) (1587,4386) (1589,4384) (1590,4382) (1587,4381) (1584,4381) (1583,4382)
add_area 159556590 'alainen-ruoke'  (1521,4510) (1523,4511) (1529,4509) (1531,4510) (1534,4509) (1537,4507) (1540,4507) (1545,4505) (1547,4502) (1546,4500) (1555,4491) (1556,4487) (1550,4493) (1540,4497) (1530,4502) (1517,4502) (1512,4505) (1509,4510) (1511,4511) (1513,4510) (1521,4510)
add_area 159627761 'alinen neulalampi'  (796,4397) (796,4400) (802,4401) (799,4409) (801,4411) (806,4410) (808,4406) (816,4404) (820,4409) (822,4410) (825,4411) (827,4408) (829,4397) (824,4396) (818,4396) (811,4395) (803,4395) (796,4397)
add_area 159627762 'isosaari'  (990,4591) (989,4597) (985,4601) (983,4601) (981,4603) (982,4604) (985,4602) (989,4604) (994,4600) (996,4594) (996,4592) (997,4589) (995,4585) (990,4591)
add_area 159627763 'kartiskasaari'  (612,4183) (609,4185) (606,4185) (605,4183) (607,4178) (606,4178) (605,4180) (600,4182) (598,4185) (600,4187) (599,4189) (596,4190) (595,4191) (596,4194) (595,4195) (593,4193) (586,4202) (582,4206) (583,4207) (593,4198) (595,4199) (588,4207) (589,4208) (589,4209) (591,4208) (592,4208) (592,4211) (594,4211) (595,4212) (594,4214) (590,4217) (594,4217) (597,4212) (599,4213) (602,4206) (605,4204) (606,4199) (608,4196) (609,4193) (611,4191) (615,4185) (612,4183)
add_area 159627766 'kivijarvi'  (1041,3959) (1038,3959) (1031,3964) (1029,3968) (1023,3972) (1016,3974) (1011,3978) (1001,3985) (997,3986) (993,3991) (991,3999) (993,4008) (998,4006) (1005,4010) (1013,4009) (1019,4005) (1025,4004) (1029,4002) (1032,4003) (1032,4011) (1030,4016) (1037,4019) (1062,4003) (1066,4004) (1073,3999) (1092,3980) (1098,3962) (1095,3955) (1086,3956) (1079,3958) (1067,3959) (1054,3966) (1048,3967) (1049,3963) (1051,3958) (1046,3956) (1041,3959)
add_area 159627768 'lokansaaret'  (658,4080) (660,4082) (664,4080) (665,4077) (663,4076) (654,4080) (658,4080)
add_area 159627769 'paskolampi'  (894,4133) (891,4133) (888,4136) (891,4137) (896,4137) (901,4148) (912,4153) (915,4146) (919,4139) (911,4136) (905,4131) (895,4134) (894,4133)
add_area 159627770 'pikku aijajarvi'  (616,4427) (613,4428) (604,4438) (605,4443) (610,4445) (616,4441) (624,4432) (618,4427) (616,4427)
add_area 159627771 'poikelisjarvi'  (1012,4318) (1006,4329) (995,4348) (991,4351) (982,4363) (976,4367) (963,4384) (950,4395) (950,4398) (949,4400) (943,4401) (932,4410) (928,4418) (917,4427) (907,4435) (902,4436) (887,4454) (885,4459) (870,4470) (857,4496) (851,4505) (846,4507) (841,4514) (844,4525) (847,4526) (851,4523) (853,4519) (857,4515) (862,4514) (876,4507) (894,4489) (901,4477) (905,4471) (905,4467) (912,4464) (923,4452) (923,4448) (928,4449) (931,4446) (935,4448) (944,4441) (949,4434) (956,4424) (956,4422) (955,4420) (956,4418) (955,4415) (950,4416) (951,4414) (954,4412) (952,4410) (982,4380) (1013,4353) (1011,4349) (1007,4351) (1011,4347) (1014,4339) (1011,4337) (1014,4334) (1019,4327) (1029,4310) (1026,4308) (1021,4308) (1017,4310) (1012,4318)
add_area 159627776 'vaha mustajarvi'  (882,4258) (874,4263) (868,4262) (868,4261) (872,4257) (872,4256) (865,4258) (859,4254) (857,4256) (856,4256) (858,4251) (860,4247) (857,4245) (853,4245) (849,4248) (841,4262) (836,4265) (830,4274) (821,4275) (801,4272) (791,4265) (792,4259) (779,4253) (764,4245) (764,4245) (763,4246) (763,4253) (758,4258) (758,4268) (760,4278) (768,4284) (771,4285) (777,4282) (780,4279) (781,4279) (779,4288) (777,4290) (780,4295) (796,4293) (802,4292) (805,4295) (811,4297) (816,4296) (825,4295) (829,4298) (834,4296) (835,4299) (844,4302) (845,4307) (850,4309) (853,4308) (852,4305) (857,4299) (853,4294) (855,4291) (863,4284) (871,4279) (884,4269) (897,4264) (898,4265) (913,4265) (918,4264) (925,4257) (926,4251) (918,4251) (913,4245) (901,4243) (895,4249) (890,4249) (885,4251) (882,4252) (882,4258)
add_area 159627783 'pikkulammi'  (1144,4471) (1144,4473) (1150,4476) (1152,4475) (1155,4473) (1155,4472) (1153,4472) (1150,4470) (1150,4467) (1145,4468) (1144,4471)
add_area 159627784 'multasaari'  (619,4164) (619,4166) (620,4166) (621,4164) (623,4163) (622,4162) (623,4159) (626,4155) (630,4152) (631,4153) (630,4154) (630,4156) (631,4156) (633,4152) (632,4151) (633,4149) (631,4149) (630,4146) (629,4149) (628,4151) (620,4158) (617,4162) (619,4164)
add_area 159627785 'kiisonsaari'  (476,4443) (473,4445) (471,4450) (477,4450) (482,4447) (489,4440) (495,4433) (492,4434) (493,4431) (490,4431) (481,4437) (476,4443)
add_area 159627787 'vehkoslampi'  (888,3985) (887,3985) (885,3988) (885,3990) (888,3990) (893,3987) (898,3992) (907,3990) (911,3987) (913,3987) (917,3984) (919,3982) (925,3979) (930,3971) (931,3970) (936,3962) (936,3957) (927,3953) (925,3953) (924,3952) (921,3952) (918,3953) (916,3956) (915,3956) (914,3957) (913,3956) (915,3954) (910,3955) (899,3964) (894,3969) (883,3974) (884,3978) (887,3977) (888,3978) (886,3980) (887,3981) (887,3981) (888,3980) (888,3979) (894,3972) (896,3969) (897,3969) (897,3970) (897,3972) (889,3980) (888,3982) (889,3983) (888,3985)
add_area 159627801 'akkalammi'  (903,4204) (900,4205) (899,4208) (900,4208) (909,4203) (910,4202) (903,4202) (903,4204)
add_area 159627804 'soppalammi'  (856,4548) (859,4552) (864,4551) (865,4548) (861,4538) (860,4538) (855,4544) (856,4548)
add_area 159697544 'iso tervajarvi'  (438,4573) (440,4585) (443,4588) (446,4593) (450,4598) (459,4603) (461,4603) (460,4604) (458,4606) (458,4605) (455,4606) (454,4609) (454,4614) (461,4614) (460,4610) (464,4604) (468,4600) (471,4593) (474,4590) (477,4586) (477,4585) (458,4585) (454,4583) (448,4570) (443,4572) (439,4571) (438,4573)
add_area 159697577 'ylinen neulalampi'  (628,4582) (623,4587) (621,4590) (621,4595) (623,4597) (625,4604) (624,4607) (620,4614) (630,4614) (632,4608) (631,4601) (635,4597) (639,4591) (640,4587) (637,4582) (632,4582) (630,4581) (628,4582)
add_area 159697644 'pahalammi'  (1025,4281) (1028,4278) (1037,4275) (1038,4273) (1038,4271) (1035,4269) (1033,4269) (1029,4270) (1025,4275) (1023,4280) (1025,4281)
add_area 159699461 'hirsilammi'  (1054,4143) (1057,4144) (1059,4142) (1058,4141) (1059,4138) (1057,4137) (1055,4138) (1054,4143)
add_area 159699462 'iso vehkoslammi'  (1309,3929) (1308,3932) (1299,3944) (1307,3939) (1310,3935) (1317,3929) (1320,3922) (1322,3916) (1327,3909) (1326,3907) (1330,3902) (1326,3901) (1315,3915) (1311,3918) (1306,3926) (1309,3929)
add_area 159699468 'koukerolammit'  (1329,3968) (1329,3971) (1327,3977) (1329,3979) (1332,3976) (1332,3972) (1331,3971) (1332,3966) (1330,3966) (1329,3968)
add_area 159699471 'pikku vehkoslammi'  (1262,3929) (1263,3932) (1267,3930) (1267,3932) (1266,3933) (1262,3933) (1261,3936) (1263,3940) (1268,3939) (1270,3939) (1272,3941) (1276,3940) (1280,3940) (1283,3942) (1285,3940) (1288,3934) (1287,3933) (1279,3936) (1278,3935) (1279,3931) (1277,3927) (1272,3928) (1267,3927) (1264,3927) (1262,3929)
add_area 159699475 '-'  (1036,4138) (1038,4135) (1037,4134) (1033,4137) (1036,4138)
add_area 159699476 '-'  (1336,3976) (1338,3981) (1341,3979) (1339,3978) (1339,3973) (1337,3975) (1336,3976)
add_area 160386111 'isosaari'  (2904,3668) (2906,3665) (2906,3663) (2902,3665) (2900,3664) (2898,3665) (2895,3667) (2883,3672) (2877,3676) (2875,3678) (2872,3681) (2870,3686) (2871,3688) (2868,3692) (2860,3699) (2855,3706) (2852,3710) (2851,3717) (2850,3723) (2855,3722) (2856,3725) (2860,3723) (2862,3724) (2867,3722) (2873,3716) (2876,3713) (2877,3712) (2878,3712) (2877,3714) (2879,3714) (2880,3712) (2879,3710) (2882,3705) (2887,3702) (2890,3696) (2897,3694) (2901,3696) (2905,3696) (2905,3700) (2905,3701) (2906,3703) (2905,3707) (2908,3706) (2915,3703) (2927,3687) (2938,3672) (2941,3664) (2939,3662) (2932,3657) (2928,3658) (2921,3657) (2916,3657) (2919,3658) (2919,3660) (2908,3668) (2906,3669) (2904,3668)
add_area 160386133 'penikka'  (2792,3791) (2795,3790) (2798,3787) (2797,3786) (2793,3787) (2792,3791)
add_area 160386137 '-'  (2366,4237) (2370,4238) (2371,4235) (2370,4233) (2367,4234) (2366,4237)
add_area 160386139 'soidinsaari'  (2973,3682) (2976,3681) (2980,3676) (2980,3674) (2974,3678) (2971,3680) (2973,3682)
add_area 160386140 'koppisaari'  (2991,3576) (2993,3577) (2996,3575) (2998,3572) (2998,3570) (2997,3570) (2993,3571) (2991,3576)
add_area 160398082 '-'  (2718,3352) (2720,3354) (2721,3356) (2727,3354) (2735,3353) (2736,3348) (2731,3347) (2728,3341) (2724,3340) (2722,3342) (2721,3348) (2718,3352)
add_area 160398083 'kuppilammi'  (2871,3470) (2874,3472) (2879,3473) (2880,3472) (2880,3471) (2881,3469) (2883,3468) (2885,3468) (2884,3466) (2879,3469) (2878,3471) (2877,3471) (2875,3467) (2873,3466) (2871,3470)
add_area 160398084 '-'  (3235,3522) (3235,3524) (3232,3526) (3230,3530) (3229,3530) (3229,3528) (3228,3527) (3225,3529) (3226,3533) (3228,3534) (3230,3532) (3231,3531) (3230,3533) (3232,3532) (3235,3526) (3239,3522) (3239,3520) (3236,3520) (3235,3522)
add_area 160398085 '-'  (3054,3498) (3058,3499) (3059,3496) (3055,3496) (3054,3498)
add_area 160398086 'rapalammi'  (3200,3573) (3204,3573) (3205,3569) (3199,3569) (3200,3573)
add_area 160398087 '-'  (3190,3611) (3192,3608) (3191,3607) (3189,3607) (3188,3609) (3190,3611)
add_area 160406452 'pahalammi'  (3266,3697) (3271,3694) (3269,3692) (3266,3695) (3266,3697)
add_area 160406453 '-'  (3369,3408) (3370,3409) (3373,3405) (3371,3404) (3369,3408)
add_area 160406457 'teerenlammi'  (3251,3467) (3253,3466) (3255,3464) (3253,3463) (3251,3464) (3251,3467)
add_area 160406458 'sammakkolammi'  (3144,3871) (3142,3871) (3140,3873) (3140,3874) (3142,3875) (3145,3874) (3147,3872) (3147,3871) (3146,3870) (3144,3871)
add_area 160481201 'isosaari'  (3424,3793) (3420,3795) (3416,3800) (3414,3803) (3412,3806) (3412,3807) (3416,3806) (3421,3803) (3426,3795) (3426,3792) (3425,3792) (3424,3793)
add_area 160481202 'pikku-kovero'  (4033,3266) (4032,3268) (4033,3271) (4031,3277) (4021,3288) (4021,3290) (4023,3289) (4027,3285) (4031,3278) (4034,3275) (4036,3272) (4037,3266) (4035,3265) (4033,3266)
add_area 160481206 'helvetinjarven kansallispuisto'  (3673,3691) (3673,3692) (3675,3692) (3676,3692) (3676,3691) (3675,3690) (3674,3690) (3673,3691)
add_area 160481225 '-'  (3893,3346) (3891,3349) (3888,3354) (3888,3354) (3892,3351) (3896,3344) (3895,3344) (3893,3346)
add_area 160498575 'vehkalammi'  (3818,3613) (3811,3616) (3806,3621) (3803,3625) (3799,3627) (3797,3630) (3799,3630) (3806,3628) (3818,3618) (3820,3615) (3818,3613)
add_area 160498601 'saukkolammi'  (3972,3521) (3971,3519) (3967,3521) (3963,3530) (3963,3533) (3967,3531) (3971,3524) (3972,3521)
add_area 160501852 'hollonjarvi'  (4067,3192) (4065,3194) (4067,3195) (4069,3194) (4072,3190) (4071,3190) (4071,3189) (4074,3187) (4078,3181) (4077,3180) (4074,3182) (4070,3188) (4068,3189) (4067,3192)
add_area 160501859 '-'  (3875,3085) (3878,3084) (3881,3081) (3877,3080) (3873,3082) (3875,3085)
add_area 160501860 '-'  (4132,3165) (4132,3166) (4135,3166) (4136,3164) (4136,3162) (4134,3162) (4132,3165)
add_area 160501863 'pikkulammi'  (3895,3239) (3894,3240) (3894,3241) (3896,3240) (3897,3237) (3896,3236) (3895,3236) (3895,3239)
add_area 161465078 'kanervakari'  (2891,4467) (2898,4462) (2898,4460) (2888,4465) (2891,4467)
add_area 161465090 'kanasaaret'  (2798,4489) (2802,4491) (2806,4487) (2808,4484) (2807,4482) (2803,4483) (2798,4487) (2798,4489)
add_area 161465092 'pourunsaari'  (2939,4440) (2942,4440) (2948,4437) (2956,4429) (2957,4426) (2953,4427) (2943,4434) (2939,4440)
add_area 161684501 'aittosaari'  (3239,4502) (3229,4515) (3237,4518) (3242,4517) (3247,4509) (3256,4506) (3259,4504) (3257,4502) (3258,4499) (3252,4498) (3247,4494) (3240,4498) (3239,4502)
add_area 161684502 'kortesaaret'  (3227,4569) (3229,4570) (3233,4569) (3236,4566) (3232,4564) (3227,4567) (3227,4569)
add_area 161684503 'riihisaari'  (3238,4453) (3238,4458) (3242,4461) (3248,4456) (3249,4451) (3243,4449) (3238,4453)
add_area 161684511 'kuorekari'  (3247,4428) (3244,4429) (3243,4434) (3244,4435) (3247,4433) (3247,4431) (3249,4430) (3249,4427) (3252,4423) (3247,4424) (3247,4428)
add_area 161684517 'konikari'  (3272,4444) (3276,4439) (3275,4438) (3270,4442) (3272,4444)
add_area 161684527 'susisaari'  (3237,4551) (3235,4553) (3239,4554) (3249,4551) (3247,4548) (3243,4547) (3237,4551)
add_area 161684529 'limppusaari'  (3258,4540) (3263,4537) (3265,4534) (3265,4533) (3263,4532) (3260,4533) (3257,4537) (3258,4540)
add_area 161684531 'pimeittensaari'  (3220,4546) (3219,4549) (3220,4552) (3223,4551) (3227,4552) (3226,4549) (3229,4544) (3225,4544) (3221,4545) (3220,4546)
add_area 162763321 'jouttikari'  (3155,4499) (3157,4501) (3159,4500) (3161,4498) (3157,4498) (3155,4499)
add_area 162763330 'lintustensaaret'  (3063,4568) (3066,4568) (3069,4568) (3073,4566) (3071,4565) (3066,4566) (3063,4568)
add_area 163602338 'hirsisaari'  (873,3370) (876,3369) (877,3366) (879,3363) (878,3363) (873,3366) (873,3370)
add_area 163602339 'iso-tirakka'  (766,3443) (769,3441) (770,3437) (762,3443) (766,3443)
add_area 163602341 'korkeasaari'  (829,3296) (826,3298) (827,3300) (835,3301) (840,3297) (842,3290) (844,3289) (844,3288) (841,3288) (833,3292) (832,3292) (829,3294) (829,3296)
add_area 163602342 'kukkulasaari'  (537,4266) (532,4269) (533,4273) (530,4278) (538,4274) (540,4269) (542,4266) (539,4264) (537,4266)
add_area 163602343 'likosaari'  (670,3795) (671,3793) (669,3792) (667,3795) (670,3795)
add_area 163602344 'lokansaaret'  (838,3345) (841,3349) (839,3355) (845,3356) (848,3353) (844,3348) (846,3346) (844,3339) (840,3339) (838,3345)
add_area 163602346 'mustikkasaari'  (512,4298) (520,4298) (523,4295) (524,4290) (521,4291) (519,4294) (513,4294) (512,4298)
add_area 163602347 'pikku-siikamo'  (690,3972) (692,3970) (691,3969) (690,3971) (690,3972)
add_area 163602348 'riihisaari'  (700,3463) (710,3466) (712,3470) (722,3468) (725,3463) (730,3460) (733,3456) (737,3457) (744,3455) (743,3451) (733,3452) (731,3450) (733,3445) (740,3445) (741,3430) (737,3434) (734,3433) (729,3438) (709,3447) (700,3460) (700,3463)
add_area 163602349 'siikamo'  (669,3967) (666,3968) (665,3978) (667,3978) (676,3971) (684,3960) (681,3961) (683,3958) (681,3957) (688,3947) (684,3946) (676,3951) (669,3967)
add_area 163602350 'susisaaret'  (721,3696) (723,3700) (729,3698) (727,3694) (723,3692) (721,3696)
add_area 163602351 'tytonsaaret'  (667,3862) (668,3864) (665,3874) (668,3875) (675,3863) (668,3860) (667,3862)
add_area 163602352 'vaha-tirakka'  (752,3398) (758,3396) (758,3395) (754,3395) (752,3398)
add_area 163682249 'alinen loytolampi'  (1182,2027) (1185,2030) (1188,2029) (1187,2027) (1189,2012) (1185,2009) (1182,2027)
add_area 163682250 'haukilampi'  (996,2010) (991,2013) (989,2016) (990,2018) (991,2019) (995,2018) (997,2020) (1000,2020) (1005,2016) (1012,2004) (1013,2000) (1004,2003) (996,2010)
add_area 163682251 'keskinenlampi'  (1220,2003) (1219,2008) (1225,2010) (1227,2012) (1231,2011) (1232,2008) (1230,2000) (1224,1997) (1220,2003)
add_area 163682260 'onkilampi'  (745,2772) (740,2774) (735,2777) (731,2776) (729,2777) (727,2778) (723,2782) (720,2784) (712,2795) (713,2799) (726,2808) (731,2807) (736,2798) (755,2783) (760,2774) (762,2769) (759,2768) (753,2770) (746,2775) (745,2772)
add_area 163682262 'sydanmaanlampi'  (1276,1980) (1282,1979) (1289,1975) (1290,1973) (1285,1974) (1282,1972) (1276,1977) (1276,1980)
add_area 163682263 'vaarajarvi'  (820,2551) (827,2545) (831,2547) (840,2543) (842,2541) (833,2542) (823,2541) (822,2539) (817,2539) (816,2542) (820,2551)
add_area 163682265 'ylinen loytolampi'  (1129,2145) (1129,2147) (1125,2149) (1128,2168) (1132,2169) (1134,2169) (1134,2167) (1137,2163) (1136,2162) (1137,2161) (1139,2161) (1141,2160) (1143,2153) (1147,2148) (1146,2146) (1142,2144) (1135,2144) (1132,2141) (1130,2136) (1132,2132) (1145,2118) (1144,2116) (1138,2117) (1132,2121) (1130,2120) (1128,2118) (1125,2120) (1122,2122) (1123,2126) (1124,2127) (1124,2132) (1121,2139) (1118,2141) (1119,2144) (1124,2148) (1129,2145)
add_area 163682268 'ylinenlampi'  (1170,2204) (1159,2225) (1160,2225) (1168,2215) (1172,2209) (1176,2207) (1180,2204) (1181,2201) (1172,2202) (1170,2204)
add_area 163682290 'nuottasaari'  (1209,1902) (1211,1902) (1213,1899) (1213,1898) (1210,1900) (1209,1902)
add_area 163682291 '-'  (1245,1923) (1246,1923) (1248,1922) (1249,1918) (1247,1918) (1245,1923)
add_area 163739841 '-'  (2209,1661) (2209,1662) (2211,1662) (2213,1661) (2211,1661) (2210,1659) (2209,1661)
add_area 170718861 '-'  (0,4415) (213,4209) (119,4245) (104,4260) (87,4294) (86,4306) (73,4311) (66,4300) (57,4300) (2,4271) (15,4250) (0,4236) (0,4415)
add_area 175774653 'pikkulampi'  (1079,1590) (1077,1590) (1075,1590) (1074,1590) (1072,1589) (1070,1590) (1069,1591) (1069,1593) (1070,1595) (1073,1595) (1079,1596) (1080,1596) (1084,1596) (1086,1594) (1087,1592) (1087,1591) (1086,1590) (1084,1590) (1083,1590) (1082,1589) (1079,1590)
add_area 175774659 '-'  (1128,1512) (1129,1512) (1130,1513) (1131,1513) (1131,1512) (1131,1511) (1132,1510) (1131,1510) (1130,1510) (1129,1509) (1130,1508) (1129,1507) (1128,1508) (1128,1509) (1127,1510) (1127,1511) (1127,1512) (1128,1512)
add_area 176994959 'isojarvi'  (1939,665) (1942,666) (1945,665) (1948,661) (1950,661) (1950,659) (1949,659) (1949,657) (1949,656) (1951,653) (1951,651) (1952,647) (1952,646) (1952,645) (1953,644) (1952,642) (1952,641) (1953,639) (1953,638) (1954,636) (1954,635) (1955,633) (1956,632) (1956,630) (1957,629) (1957,628) (1957,626) (1958,625) (1958,624) (1958,623) (1958,622) (1958,621) (1959,620) (1959,618) (1959,617) (1960,616) (1960,615) (1961,614) (1962,613) (1962,612) (1962,611) (1961,610) (1960,610) (1959,611) (1958,612) (1956,613) (1955,613) (1954,614) (1954,614) (1948,616) (1946,617) (1945,618) (1943,619) (1942,620) (1941,622) (1940,623) (1939,625) (1938,626) (1937,627) (1936,628) (1935,629) (1933,631) (1932,632) (1931,633) (1930,635) (1929,636) (1928,637) (1928,637) (1927,638) (1926,640) (1924,643) (1925,647) (1924,650) (1928,652) (1933,656) (1933,659) (1938,662) (1939,665)
add_area 177680625 '-'  (6645,1167) (6590,1133) (6512,1085) (6144,1335) (6701,1446) (6701,1103) (6645,1167)
add_area 187409205 '-'  (105,4479) (159,4517) (162,4528) (175,4614) (392,4614) (213,4209) (105,4479)
add_area 187409207 '-'  (828,2724) (1180,2521) (1329,2483) (1381,2461) (1396,2444) (1420,2442) (1479,2413) (1523,2402) (1533,2389) (1562,2379) (1590,2337) (1613,2345) (1626,2366) (1648,2364) (1653,2353) (1683,2338) (1693,2311) (1724,2280) (1712,2246) (1720,2189) (1741,2171) (1783,2176) (1846,2042) (1834,2041) (1871,1963) (1841,1959) (1853,1878) (1937,1890) (1970,1835) (2093,1901) (2146,1779) (2234,1766) (2328,1824) (2359,1778) (2260,1718) (2322,1653) (2634,1695) (2638,1682) (2679,1683) (2836,1275) (2505,1219) (2436,1197) (2400,1212) (2374,1205) (2131,1247) (2097,1175) (1944,1184) (1947,1130) (1862,1010) (1789,924) (1792,764) (1810,741) (1760,789) (1740,823) (1733,815) (1717,825) (1721,830) (1661,876) (1615,888) (1595,705) (1739,672) (1797,617) (1639,459) (1611,442) (1585,451) (1527,493) (1479,492) (1447,523) (1422,527) (1326,579) (1157,329) (828,2724)
add_area 187409208 '-'  (2061,4110) (1334,4603) (1307,4614) (1442,4614) (2216,4225) (2061,4110)
add_area 190101997 '-'  (5107,3176) (5107,3176) (5108,3176) (5109,3175) (5110,3175) (5110,3174) (5111,3171) (5111,3170) (5111,3170) (5110,3168) (5111,3167) (5112,3166) (5112,3165) (5112,3165) (5111,3165) (5111,3165) (5111,3165) (5112,3164) (5112,3164) (5111,3164) (5110,3165) (5109,3165) (5109,3165) (5109,3166) (5107,3167) (5106,3167) (5106,3167) (5104,3167) (5104,3168) (5104,3168) (5103,3169) (5103,3168) (5103,3169) (5103,3169) (5102,3170) (5103,3171) (5103,3171) (5104,3173) (5104,3174) (5105,3175) (5105,3175) (5106,3175) (5107,3176)
add_area 190101998 '-'  (5236,3232) (5238,3232) (5240,3231) (5240,3230) (5242,3229) (5244,3227) (5243,3226) (5242,3224) (5243,3223) (5244,3222) (5245,3221) (5248,3222) (5250,3221) (5256,3218) (5260,3215) (5261,3214) (5260,3213) (5259,3213) (5257,3214) (5253,3215) (5250,3216) (5249,3215) (5248,3214) (5248,3213) (5248,3211) (5251,3206) (5253,3201) (5258,3191) (5259,3189) (5262,3187) (5265,3185) (5270,3182) (5272,3181) (5274,3179) (5273,3176) (5273,3173) (5275,3168) (5275,3166) (5276,3160) (5275,3157) (5275,3157) (5273,3158) (5272,3161) (5269,3165) (5268,3169) (5264,3176) (5262,3180) (5257,3186) (5255,3190) (5255,3191) (5255,3192) (5254,3193) (5253,3195) (5252,3197) (5251,3199) (5250,3200) (5246,3205) (5241,3214) (5240,3216) (5239,3218) (5235,3223) (5235,3225) (5234,3226) (5234,3228) (5233,3231) (5234,3232) (5236,3232)
add_area 190273504 '-'  (3566,3764) (3591,3725) (3624,3726) (3626,3719) (3603,3716) (3665,3704) (3669,3678) (3638,3672) (3654,3631) (3796,3455) (4010,3303) (3987,3339) (3769,3513) (3741,3563) (3869,3435) (3958,3365) (4006,3362) (4052,3290) (4037,3332) (4089,3281) (4046,3243) (4064,3224) (3764,3269) (3777,3239) (3838,3215) (3880,3169) (3858,3178) (3804,3114) (3677,3099) (3724,3008) (3681,2950) (3607,3049) (3597,3041) (3344,3322) (3284,3335) (3259,3374) (3138,3420) (3062,3467) (3024,3514) (2983,3516) (2970,3492) (2956,3504) (2950,3551) (2768,3772) (2683,3793) (2617,3884) (2678,3923) (2724,3871) (2747,3887) (2771,3870) (2881,3929) (2951,3862) (2928,3930) (2863,3984) (2793,4011) (2794,4035) (2762,4059) (2773,4081) (2791,4071) (2792,4126) (2814,4125) (2817,4195) (2842,4209) (2872,4129) (2859,4121) (2985,4068) (3044,4003) (3134,4000) (3208,3909) (3118,3892) (3379,3796) (3566,3764)
add_area 191071075 '-'  (4607,3179) (4608,3180) (4605,3182) (4611,3189) (4612,3188) (4613,3188) (4614,3188) (4616,3187) (4618,3186) (4618,3185) (4619,3184) (4620,3182) (4621,3182) (4622,3182) (4615,3174) (4607,3178) (4607,3179)
add_area 191927701 '-'  (3295,3766) (3416,3678) (3429,3700) (3518,3646) (3584,3561) (3658,3545) (3669,3499) (3630,3502) (3628,3500) (3625,3497) (3614,3498) (3611,3500) (3599,3502) (3596,3509) (3576,3509) (3547,3541) (3502,3527) (3461,3515) (3426,3443) (3402,3469) (3366,3553) (3360,3557) (3357,3557) (3347,3567) (3333,3571) (3331,3570) (3325,3572) (3323,3574) (3319,3572) (3313,3578) (3309,3584) (3309,3586) (3304,3593) (3301,3594) (3298,3594) (3299,3592) (3295,3589) (3291,3588) (3291,3585) (3288,3584) (3284,3585) (3278,3581) (3276,3582) (3276,3581) (3278,3580) (3279,3577) (3285,3572) (3283,3569) (3277,3571) (3273,3570) (3255,3581) (3250,3589) (3247,3592) (3246,3593) (3237,3597) (3236,3600) (3231,3603) (3228,3610) (3226,3611) (3226,3614) (3228,3614) (3227,3616) (3227,3618) (3039,3697) (3072,3775) (3163,3727) (3185,3756) (3241,3719) (3258,3718) (3295,3766)
add_area 195004089 '-'  (1262,2113) (1264,2114) (1268,2108) (1266,2107) (1262,2113)
add_area 198613858 'isosilma'  (6022,1303) (6027,1310) (6028,1309) (6030,1306) (6030,1301) (6025,1298) (6022,1300) (6022,1303)
add_area 199094771 'loukkulammi'  (6118,882) (6122,883) (6126,883) (6127,881) (6123,880) (6121,881) (6119,880) (6118,882)
add_area 199094772 'rimminlammi'  (6229,839) (6224,844) (6225,844) (6226,845) (6231,840) (6233,839) (6234,837) (6231,834) (6219,838) (6229,839)
add_area 199094773 'sammallammi'  (6009,1149) (6011,1151) (6014,1150) (6016,1148) (6013,1147) (6011,1149) (6009,1149)
add_area 199094784 '-'  (5884,1140) (5879,1141) (5878,1142) (5876,1142) (5874,1144) (5873,1145) (5876,1147) (5877,1147) (5882,1145) (5888,1143) (5889,1145) (5887,1152) (5877,1161) (5877,1163) (5882,1162) (5890,1157) (5893,1151) (5894,1147) (5894,1143) (5891,1137) (5892,1132) (5891,1131) (5889,1133) (5884,1140)
add_area 199094789 '-'  (5921,1203) (5922,1205) (5924,1204) (5922,1200) (5921,1201) (5921,1203)
add_area 199094790 '-'  (5834,1170) (5833,1173) (5834,1177) (5836,1178) (5840,1176) (5841,1171) (5835,1169) (5834,1170)
add_area 199146993 'viipperalammi'  (6380,828) (6378,829) (6376,832) (6377,835) (6379,835) (6384,831) (6385,829) (6384,828) (6380,828)
add_area 199147002 '-'  (6376,851) (6376,850) (6373,849) (6373,851) (6376,851)
add_area 199147004 '-'  (6323,859) (6324,867) (6327,867) (6328,865) (6329,856) (6324,856) (6323,859)
add_area 199250466 '-'  (6061,628) (6062,623) (6059,627) (6061,628)
add_area 199250471 '-'  (6277,844) (6279,843) (6277,842) (6276,844) (6277,844)
add_area 199250473 'pehkulammi'  (6027,627) (6031,629) (6032,626) (6028,625) (6027,627)
add_area 199250476 '-'  (6441,666) (6444,666) (6445,662) (6441,659) (6436,657) (6441,666)
add_area 199382620 '-'  (5684,937) (5685,941) (5685,942) (5685,943) (5687,944) (5689,943) (5687,940) (5686,940) (5685,938) (5686,938) (5686,937) (5684,936) (5684,937)
add_area 199382621 '-'  (5827,835) (5827,836) (5828,836) (5829,833) (5828,832) (5827,835)
add_area 199382622 '-'  (5879,798) (5883,799) (5884,795) (5881,792) (5879,793) (5879,798)
add_area 199382623 '-'  (5883,749) (5885,750) (5888,747) (5887,746) (5886,748) (5884,748) (5883,749)
add_area 199382624 '-'  (5913,739) (5917,739) (5919,736) (5919,733) (5916,732) (5913,733) (5912,737) (5911,740) (5913,739)
add_area 199390703 '-'  (5625,876) (5626,878) (5628,879) (5630,879) (5629,876) (5630,872) (5628,872) (5625,876)
add_area 199469541 '-'  (5969,528) (5972,524) (5971,523) (5971,521) (5968,524) (5969,528)
add_area 199469542 '-'  (5965,542) (5968,541) (5969,539) (5968,537) (5965,539) (5965,542)
add_area 199469543 '-'  (5942,654) (5941,660) (5944,661) (5947,658) (5947,651) (5945,650) (5942,654)
add_area 199469544 '-'  (5908,545) (5912,546) (5920,544) (5921,542) (5914,543) (5910,542) (5907,542) (5908,545)
add_area 199475550 '-'  (5499,3218) (5500,3218) (5501,3217) (5501,3216) (5502,3216) (5502,3215) (5504,3214) (5505,3213) (5508,3209) (5508,3208) (5509,3207) (5510,3206) (5510,3206) (5509,3206) (5508,3207) (5507,3208) (5504,3212) (5501,3215) (5499,3217) (5499,3217) (5499,3218)
add_area 199477539 'helvettilammi'  (5465,1093) (5465,1094) (5467,1095) (5469,1096) (5472,1096) (5474,1095) (5475,1093) (5475,1092) (5473,1092) (5471,1092) (5470,1091) (5469,1090) (5467,1090) (5466,1091) (5465,1093)
add_area 199477540 '-'  (5505,1142) (5507,1151) (5510,1152) (5514,1147) (5509,1143) (5507,1137) (5505,1139) (5505,1142)
add_area 199477542 '-'  (5393,1088) (5395,1089) (5397,1088) (5399,1086) (5401,1085) (5403,1084) (5401,1082) (5398,1082) (5393,1088)
add_area 199484804 'heittolammi'  (6184,72) (6181,73) (6180,75) (6180,78) (6175,81) (6173,81) (6166,90) (6165,95) (6167,96) (6170,94) (6169,90) (6171,87) (6174,86) (6177,84) (6178,81) (6185,77) (6187,77) (6193,73) (6195,70) (6187,68) (6184,72)
add_area 199484805 'risteyslammi'  (6121,101) (6119,105) (6114,113) (6109,115) (6105,121) (6106,122) (6110,122) (6111,124) (6114,123) (6119,121) (6123,116) (6126,114) (6128,111) (6125,105) (6126,100) (6123,99) (6121,101)
add_area 199484806 'majalammi'  (6161,322) (6163,324) (6163,326) (6166,327) (6168,326) (6171,321) (6169,318) (6170,311) (6168,310) (6165,313) (6161,322)
add_area 199484812 'pitkalammi'  (6033,466) (6037,469) (6039,469) (6041,444) (6039,446) (6033,466)
add_area 199484815 'pikku riuttalammi'  (6111,359) (6111,364) (6112,364) (6114,361) (6112,359) (6111,359)
add_area 199484816 'siitinlampi'  (6285,42) (6290,44) (6292,42) (6287,37) (6283,40) (6285,42)
add_area 199484823 'silmakelammi'  (6166,340) (6168,340) (6170,338) (6168,336) (6167,337) (6166,340)
add_area 199484824 '-'  (6000,279) (6006,281) (6008,280) (6008,274) (6006,268) (5998,274) (6000,279)
add_area 199484826 'lukkarisaari'  (6073,250) (6075,251) (6078,247) (6076,247) (6076,245) (6074,246) (6073,250)
add_area 199484829 'valilammi'  (5965,181) (5969,186) (5972,185) (5974,181) (5973,175) (5967,176) (5965,181)
add_area 199484831 'paskolammi'  (5931,479) (5930,484) (5932,484) (5936,481) (5938,474) (5935,473) (5931,479)
add_area 199484833 'purakkolammi'  (5972,202) (5974,202) (5977,201) (5983,195) (5981,194) (5973,199) (5972,202)
add_area 199484836 'pikkulammi'  (6021,448) (6022,451) (6021,456) (6023,457) (6026,453) (6026,445) (6022,445) (6021,448)
add_area 199484841 'moisiolammi'  (5923,240) (5924,244) (5934,244) (5942,241) (5942,239) (5936,239) (5929,238) (5923,240)
add_area 199484844 'rokaslammi'  (6052,170) (6056,169) (6060,170) (6064,167) (6064,164) (6063,162) (6056,162) (6051,165) (6052,170)
add_area 199484846 'niminmiehensaari'  (6227,137) (6226,146) (6231,146) (6235,141) (6236,137) (6233,136) (6233,134) (6228,135) (6227,137)
add_area 199484847 'iililammi'  (6117,165) (6121,166) (6126,164) (6128,159) (6127,153) (6124,154) (6121,157) (6120,161) (6117,165)
add_area 199484849 'kaukolahti'  (6006,267) (6002,259) (5995,257) (5991,252) (5987,253) (5986,262) (5994,267) (5997,273) (6006,267)
add_area 199505332 'aukeenlammit'  (6122,71) (6123,75) (6129,76) (6135,73) (6136,74) (6139,71) (6138,66) (6129,69) (6125,68) (6122,71)
add_area 199505342 '-'  (6152,54) (6147,58) (6152,59) (6153,57) (6158,56) (6162,53) (6164,51) (6162,49) (6154,50) (6152,54)
add_area 199505343 'untavansaaret'  (6472,27) (6471,32) (6474,34) (6476,37) (6481,37) (6482,33) (6480,30) (6478,30) (6476,26) (6472,27)
add_area 199520132 'alainen pitkajarvi'  (5913,143) (5916,140) (5921,123) (5924,114) (5927,98) (5927,91) (5929,85) (5933,72) (5938,64) (5940,57) (5939,53) (5935,53) (5932,52) (5923,56) (5918,60) (5916,63) (5919,66) (5923,70) (5925,83) (5920,96) (5920,103) (5915,112) (5914,121) (5913,125) (5910,141) (5911,144) (5913,143)
add_area 199520133 'matinjarvi'  (5981,153) (5986,155) (5990,154) (5994,154) (5997,154) (6005,149) (6006,146) (6004,140) (5994,141) (5989,146) (5978,150) (5977,153) (5981,153)
add_area 199520134 'nuijajarvi'  (6648,162) (6651,164) (6654,163) (6655,155) (6657,151) (6656,150) (6657,145) (6658,144) (6658,142) (6652,139) (6651,136) (6652,133) (6649,133) (6641,140) (6638,142) (6632,141) (6619,144) (6612,145) (6609,147) (6607,152) (6604,154) (6610,156) (6619,153) (6625,149) (6633,152) (6636,157) (6636,163) (6639,165) (6648,162)
add_area 199520136 'ahvenlammi'  (6439,229) (6434,229) (6422,235) (6417,241) (6418,243) (6426,240) (6430,238) (6436,235) (6441,234) (6440,231) (6439,229)
add_area 199520139 'pikku-miekka'  (6565,96) (6557,99) (6550,104) (6548,111) (6551,113) (6560,107) (6570,105) (6578,98) (6581,98) (6586,90) (6586,86) (6589,79) (6565,96)
add_area 199520145 '-'  (6609,104) (6609,107) (6607,109) (6607,110) (6609,108) (6612,104) (6615,103) (6613,101) (6609,104)
add_area 199634361 'rajalammi'  (5844,255) (5851,254) (5857,249) (5859,243) (5855,240) (5840,253) (5837,259) (5844,255)
add_area 199634416 'likolammi'  (6383,496) (6385,498) (6389,497) (6392,494) (6389,492) (6385,494) (6383,496)
add_area 199707280 'tapiojarvi'  (5637,88) (5632,91) (5628,96) (5628,98) (5635,105) (5636,109) (5640,111) (5643,110) (5646,107) (5648,100) (5646,88) (5637,88)
add_area 199707292 '-'  (5395,805) (5394,808) (5394,809) (5396,808) (5395,806) (5397,802) (5395,802) (5395,805)
add_area 199707294 '-'  (5462,345) (5462,348) (5457,364) (5458,367) (5459,369) (5462,368) (5467,342) (5465,341) (5463,342) (5462,345)
add_area 199707296 '-'  (5491,292) (5491,296) (5492,297) (5495,298) (5499,295) (5501,290) (5499,289) (5494,290) (5491,292)
add_area 199843677 'haukilammi'  (5211,103) (5204,107) (5199,109) (5195,114) (5195,123) (5197,125) (5204,122) (5212,116) (5215,112) (5218,109) (5220,105) (5220,99) (5219,98) (5211,103)
add_area 199843679 'iso riihilammi'  (5219,33) (5218,36) (5218,39) (5217,41) (5216,50) (5219,53) (5227,52) (5230,48) (5231,42) (5234,33) (5231,31) (5222,31) (5219,33)
add_area 199843773 '-'  (5216,65) (5214,65) (5212,66) (5212,67) (5210,69) (5214,75) (5217,75) (5221,72) (5221,69) (5218,66) (5216,65)
add_area 199843774 'tuohikotanen'  (5208,886) (5206,886) (5205,887) (5203,887) (5201,890) (5201,892) (5201,894) (5204,894) (5205,893) (5207,891) (5210,887) (5211,886) (5214,886) (5217,884) (5219,882) (5219,880) (5220,879) (5219,877) (5216,877) (5213,879) (5210,884) (5208,886)
add_area 199843777 '-'  (5234,156) (5234,161) (5236,166) (5240,165) (5245,160) (5246,157) (5245,154) (5242,152) (5237,154) (5234,156)
add_area 199895927 'kaakkolammi'  (5761,8) (5753,20) (5748,35) (5744,39) (5742,42) (5745,43) (5750,37) (5751,32) (5757,27) (5766,14) (5765,6) (5761,8)
add_area 202811048 'lusikkalampi'  (188,4183) (184,4188) (183,4190) (183,4192) (185,4191) (186,4188) (190,4185) (190,4182) (188,4182) (188,4183)
add_area 203793332 '-'  (1974,322) (1976,322) (1978,321) (1979,319) (1974,321) (1974,322)
add_area 203866312 '-'  (1920,816) (1918,817) (1918,820) (1920,821) (1922,821) (1923,819) (1921,816) (1920,816)
add_area 210579648 'kiisonlampi'  (395,4440) (396,4440) (395,4445) (386,4457) (384,4458) (381,4461) (382,4462) (388,4460) (390,4462) (394,4460) (395,4458) (394,4454) (398,4445) (397,4442) (398,4440) (398,4438) (396,4438) (395,4440)
add_area 210579649 'patoonlampi'  (331,4163) (327,4166) (328,4169) (329,4170) (329,4171) (330,4171) (329,4168) (330,4166) (331,4166) (331,4165) (333,4165) (334,4162) (332,4162) (331,4163)
add_area 210968286 'paskolampi'  (4934,4359) (4936,4360) (4939,4358) (4938,4357) (4935,4356) (4933,4357) (4934,4359)
add_area 210968330 '-'  (4892,4302) (4893,4299) (4891,4298) (4888,4300) (4887,4302) (4889,4303) (4892,4302)
add_area 210980295 '-'  (5057,4246) (5059,4247) (5059,4243) (5058,4243) (5057,4244) (5057,4246)
add_area 211439452 'heinasaaret'  (4880,3205) (4877,3207) (4876,3209) (4880,3210) (4883,3208) (4889,3209) (4890,3205) (4886,3206) (4886,3203) (4882,3203) (4880,3205)
add_area 211461683 'soukonsaari'  (5462,3027) (5462,3029) (5461,3032) (5461,3035) (5463,3036) (5463,3037) (5465,3037) (5468,3036) (5471,3035) (5474,3034) (5477,3032) (5479,3029) (5481,3025) (5484,3019) (5485,3015) (5485,3013) (5484,3012) (5473,3019) (5463,3025) (5462,3027)
add_area 211461684 '-'  (4727,3629) (4727,3631) (4724,3633) (4724,3634) (4728,3631) (4733,3629) (4733,3628) (4731,3628) (4732,3627) (4730,3626) (4728,3627) (4727,3629)
add_area 211461688 '-'  (4735,3630) (4739,3628) (4739,3626) (4737,3626) (4735,3628) (4734,3628) (4733,3629) (4735,3630)
add_area 211476064 'impinsaari'  (5374,3080) (5372,3084) (5372,3085) (5374,3085) (5379,3082) (5379,3078) (5378,3077) (5378,3076) (5377,3075) (5374,3080) (5374,3080)
add_area 211476069 'isoniemensaari'  (5277,3075) (5278,3078) (5282,3079) (5287,3078) (5290,3073) (5288,3070) (5285,3069) (5279,3073) (5277,3075)
add_area 211476072 'pajukari'  (5310,3066) (5312,3064) (5310,3063) (5309,3064) (5309,3066) (5310,3066)
add_area 211476075 'pispansaari'  (5539,2826) (5541,2824) (5543,2822) (5544,2819) (5542,2817) (5539,2817) (5538,2821) (5539,2823) (5539,2826)
add_area 211476097 'rokkasaari'  (5570,2797) (5575,2788) (5576,2778) (5574,2775) (5570,2779) (5566,2778) (5565,2774) (5563,2775) (5563,2780) (5559,2783) (5558,2795) (5549,2806) (5546,2807) (5545,2810) (5550,2809) (5552,2807) (5557,2806) (5564,2807) (5569,2802) (5570,2797)
add_area 211476100 'siikasaari'  (5525,2727) (5527,2727) (5530,2725) (5531,2719) (5528,2719) (5524,2723) (5525,2727)
add_area 211476103 'tervasaari'  (5338,2997) (5339,2998) (5341,2997) (5342,2998) (5349,2995) (5351,2998) (5354,2997) (5357,2994) (5362,2990) (5364,2987) (5363,2985) (5357,2987) (5352,2990) (5348,2991) (5346,2993) (5338,2997)
add_area 211581388 'kaakkosaari'  (3526,4611) (3521,4609) (3513,4614) (3524,4614) (3526,4611)
add_area 212226357 'varpusjarvi'  (3772,4562) (3773,4562) (3777,4559) (3784,4553) (3786,4550) (3784,4548) (3782,4548) (3778,4552) (3775,4559) (3772,4562)
add_area 212448518 '-'  (3922,4244) (3920,4246) (3923,4246) (3923,4244) (3923,4242) (3923,4242) (3922,4244)
add_area 212448520 '-'  (3983,4300) (3984,4302) (3987,4301) (3990,4301) (3988,4299) (3987,4299) (3987,4300) (3985,4300) (3984,4298) (3983,4300)
add_area 212762577 'rapalammi'  (3016,3216) (3017,3217) (3020,3219) (3021,3217) (3021,3216) (3020,3214) (3018,3214) (3016,3215) (3016,3216)
add_area 213207502 'hangaslammi'  (5725,2353) (5723,2356) (5700,2374) (5696,2378) (5685,2385) (5685,2386) (5687,2386) (5695,2380) (5700,2378) (5712,2372) (5724,2365) (5730,2357) (5732,2351) (5729,2349) (5725,2353)
add_area 213207504 'mustalammi'  (5856,2187) (5859,2191) (5864,2194) (5869,2186) (5874,2175) (5873,2173) (5864,2173) (5859,2174) (5857,2175) (5857,2176) (5855,2177) (5854,2179) (5856,2187)
add_area 213207505 'pajulammi'  (5911,2079) (5906,2081) (5904,2083) (5904,2085) (5906,2087) (5915,2088) (5924,2086) (5931,2082) (5932,2079) (5934,2078) (5937,2075) (5936,2073) (5936,2073) (5934,2073) (5933,2074) (5934,2073) (5936,2072) (5935,2071) (5925,2073) (5924,2074) (5917,2077) (5911,2079)
add_area 213207506 'silmapaalammit'  (5832,2098) (5834,2099) (5836,2099) (5839,2096) (5840,2094) (5838,2093) (5837,2092) (5833,2094) (5832,2098)
add_area 213207507 'valkealammi'  (5882,2193) (5883,2195) (5885,2194) (5885,2192) (5887,2191) (5889,2191) (5890,2192) (5893,2190) (5895,2183) (5894,2180) (5892,2180) (5890,2183) (5888,2185) (5884,2189) (5882,2193)
add_area 213207511 '-'  (5796,2353) (5796,2355) (5795,2356) (5795,2357) (5796,2356) (5796,2357) (5795,2358) (5796,2359) (5798,2356) (5800,2355) (5801,2357) (5804,2357) (5804,2357) (5803,2356) (5803,2354) (5801,2353) (5799,2355) (5798,2354) (5798,2352) (5798,2350) (5796,2353)
add_area 213207513 '-'  (5824,2330) (5826,2333) (5825,2334) (5824,2332) (5823,2334) (5824,2335) (5827,2335) (5828,2338) (5830,2338) (5835,2335) (5836,2333) (5833,2334) (5833,2333) (5835,2330) (5834,2328) (5831,2330) (5830,2330) (5833,2324) (5830,2324) (5827,2325) (5824,2330)
add_area 213207528 '-'  (5863,2084) (5862,2086) (5861,2088) (5867,2088) (5867,2087) (5868,2086) (5864,2084) (5863,2084)
add_area 213207529 '-'  (5719,2074) (5720,2078) (5721,2079) (5726,2078) (5727,2076) (5727,2074) (5726,2071) (5722,2070) (5720,2072) (5719,2074)
add_area 213207531 '-'  (5820,2366) (5820,2367) (5819,2369) (5819,2371) (5820,2371) (5823,2370) (5825,2367) (5827,2366) (5830,2363) (5829,2358) (5825,2361) (5821,2364) (5818,2365) (5818,2366) (5820,2366)
add_area 214308777 'piikainlammi'  (5960,1942) (5963,1942) (5969,1946) (5975,1942) (5977,1935) (5974,1933) (5972,1933) (5968,1934) (5967,1936) (5960,1939) (5959,1941) (5960,1942)
add_area 215393437 'utukkalammi'  (4727,3020) (4726,3021) (4726,3022) (4726,3023) (4727,3023) (4729,3023) (4730,3022) (4734,3018) (4737,3016) (4741,3013) (4742,3011) (4743,3010) (4744,3008) (4744,3006) (4745,3003) (4744,3002) (4744,3002) (4743,3002) (4742,3003) (4741,3003) (4739,3005) (4737,3008) (4737,3010) (4736,3010) (4734,3012) (4731,3015) (4731,3016) (4730,3016) (4729,3017) (4729,3018) (4728,3019) (4727,3018) (4727,3019) (4727,3019) (4727,3020)
add_area 215393745 'koukkulammi'  (4746,3011) (4746,3015) (4745,3020) (4744,3024) (4743,3027) (4744,3028) (4744,3029) (4743,3029) (4739,3031) (4732,3035) (4727,3037) (4722,3041) (4720,3043) (4719,3045) (4718,3047) (4719,3048) (4720,3049) (4721,3049) (4721,3049) (4723,3047) (4726,3046) (4730,3045) (4732,3044) (4736,3043) (4737,3041) (4742,3037) (4747,3033) (4748,3031) (4749,3028) (4751,3027) (4753,3026) (4754,3026) (4755,3026) (4760,3023) (4762,3021) (4765,3019) (4767,3018) (4767,3016) (4768,3015) (4767,3014) (4765,3014) (4763,3014) (4761,3014) (4759,3015) (4757,3017) (4755,3019) (4754,3020) (4754,3018) (4755,3016) (4754,3014) (4754,3011) (4757,3005) (4758,3003) (4759,3001) (4757,3000) (4753,3000) (4750,3001) (4748,3003) (4747,3005) (4746,3007) (4746,3011)
add_area 215394382 'nahkurinlammi'  (4777,3014) (4779,3014) (4782,3015) (4784,3016) (4785,3015) (4786,3014) (4788,3011) (4788,3007) (4788,3005) (4788,3004) (4786,3004) (4782,3006) (4779,3007) (4776,3009) (4774,3011) (4774,3012) (4773,3013) (4774,3014) (4777,3014)
add_area 215394597 'kaleton'  (4832,3007) (4833,3007) (4836,3006) (4839,3006) (4841,3005) (4842,3003) (4843,3001) (4844,3000) (4843,2999) (4842,2998) (4841,2997) (4839,2997) (4837,2998) (4834,2999) (4833,3000) (4832,3000) (4831,3001) (4830,3003) (4831,3003) (4831,3004) (4830,3005) (4830,3006) (4832,3007)
add_area 215394598 'pikku-kaleton'  (4862,2977) (4863,2976) (4864,2975) (4864,2976) (4863,2977) (4862,2977) (4862,2978) (4861,2978) (4863,2979) (4863,2980) (4863,2980) (4862,2979) (4861,2979) (4860,2979) (4860,2978) (4860,2977) (4860,2977) (4860,2978) (4859,2979) (4859,2979) (4860,2980) (4861,2981) (4863,2982) (4863,2983) (4863,2982) (4863,2981) (4863,2981) (4864,2981) (4865,2981) (4866,2980) (4867,2980) (4868,2978) (4868,2978) (4869,2977) (4869,2977) (4869,2979) (4869,2980) (4870,2981) (4870,2980) (4870,2978) (4870,2976) (4870,2975) (4870,2974) (4870,2973) (4869,2972) (4868,2972) (4868,2972) (4867,2972) (4866,2973) (4865,2974) (4863,2975) (4862,2976) (4861,2976) (4862,2977)
add_area 215397736 'kautun kanava'  (4967,2783) (4966,2785) (4966,2787) (4970,2788) (4970,2788) (4971,2788) (4971,2789) (4978,2792) (4978,2791) (4979,2790) (4967,2783)
add_area 215472458 'ryovarinkuopan luonnonsuojelualue'  (5667,1868) (5666,1871) (5666,1872) (5659,1879) (5665,1907) (5666,1907) (5669,1900) (5672,1895) (5675,1891) (5677,1887) (5679,1878) (5681,1873) (5681,1872) (5686,1867) (5689,1866) (5695,1864) (5697,1864) (5681,1859) (5667,1868)
add_area 215576303 'palosaari'  (4625,2510) (4623,2515) (4619,2519) (4619,2522) (4616,2524) (4613,2527) (4611,2531) (4613,2530) (4615,2529) (4617,2527) (4618,2528) (4618,2531) (4621,2531) (4623,2527) (4625,2523) (4628,2521) (4626,2518) (4629,2516) (4633,2513) (4639,2509) (4643,2503) (4648,2496) (4651,2492) (4653,2491) (4654,2491) (4654,2495) (4652,2499) (4654,2499) (4656,2499) (4656,2496) (4657,2495) (4659,2495) (4661,2493) (4664,2490) (4665,2487) (4666,2484) (4666,2482) (4664,2482) (4661,2482) (4662,2481) (4660,2480) (4658,2483) (4655,2483) (4651,2482) (4651,2480) (4651,2476) (4651,2474) (4652,2470) (4652,2468) (4650,2467) (4650,2466) (4651,2464) (4649,2464) (4648,2468) (4643,2470) (4639,2474) (4635,2478) (4633,2482) (4634,2484) (4633,2487) (4628,2493) (4624,2497) (4625,2498) (4627,2498) (4628,2498) (4629,2501) (4628,2504) (4625,2510)
add_area 215576304 '-'  (4696,2351) (4694,2357) (4692,2365) (4690,2367) (4693,2368) (4695,2369) (4697,2370) (4696,2375) (4692,2385) (4694,2384) (4694,2386) (4691,2389) (4687,2393) (4682,2399) (4679,2404) (4676,2409) (4704,2392) (4720,2350) (4696,2351)
add_area 215578349 'tervasaari'  (4656,2424) (4658,2422) (4660,2420) (4662,2417) (4663,2416) (4663,2415) (4663,2414) (4660,2415) (4658,2416) (4657,2417) (4657,2418) (4654,2421) (4653,2423) (4653,2424) (4654,2426) (4656,2424)
add_area 215582530 'lamminjarvi'  (5361,2140) (5360,2144) (5358,2147) (5357,2149) (5359,2150) (5361,2151) (5364,2150) (5369,2148) (5371,2144) (5375,2141) (5378,2139) (5378,2133) (5377,2128) (5377,2123) (5376,2121) (5375,2118) (5374,2117) (5370,2120) (5367,2124) (5363,2129) (5360,2133) (5360,2135) (5361,2140)
add_area 220993097 'kaakkolammit'  (1663,4319) (1662,4321) (1660,4326) (1661,4335) (1665,4337) (1669,4335) (1671,4330) (1679,4321) (1680,4319) (1679,4317) (1674,4318) (1664,4315) (1663,4319)
add_area 220993105 '-'  (1662,4344) (1664,4345) (1667,4343) (1667,4340) (1662,4343) (1662,4344)
add_area 223375173 'lammasniemi'  (3512,1452) (3518,1477) (3542,1449) (3546,1441) (3545,1440) (3547,1436) (3559,1421) (3558,1421) (3555,1425) (3551,1426) (3538,1438) (3531,1442) (3525,1443) (3515,1440) (3513,1441) (3510,1441) (3512,1452)
add_area 236091172 '-'  (1546,2535) (1548,2536) (1551,2534) (1550,2531) (1546,2532) (1546,2535)
add_area 240424041 'kalantinlampi'  (880,2180) (878,2186) (880,2188) (882,2188) (887,2180) (886,2175) (880,2180)
add_area 240424045 'susilampi'  (986,2199) (988,2199) (989,2197) (986,2197) (986,2199)
add_area 240424046 'teerilampi'  (938,2146) (938,2148) (936,2152) (936,2157) (931,2165) (929,2173) (927,2174) (926,2181) (926,2184) (929,2185) (933,2183) (934,2180) (934,2174) (939,2165) (944,2154) (944,2148) (949,2144) (948,2141) (940,2144) (938,2146)
add_area 240424047 'ylinen niittulampi'  (893,2231) (894,2234) (898,2233) (900,2231) (899,2228) (894,2229) (893,2231)
add_area 286405703 'siikaneva soidensuojelualue'  (5405,1354) (5406,1365) (5430,1368) (5479,1353) (5493,1362) (5486,1382) (5520,1351) (5550,1345) (5534,1360) (5565,1351) (5565,1362) (5588,1338) (5562,1441) (5577,1446) (5573,1462) (5602,1474) (5618,1447) (5624,1462) (5646,1436) (5664,1434) (5718,1447) (5724,1461) (5692,1472) (5677,1493) (5679,1511) (5706,1498) (5681,1542) (5616,1592) (5646,1603) (5640,1612) (5670,1641) (5759,1531) (5798,1517) (5813,1481) (5875,1431) (5894,1426) (5912,1443) (5975,1455) (6001,1430) (6002,1419) (5987,1413) (5990,1397) (6023,1359) (6003,1309) (5923,1294) (5943,1256) (5936,1237) (5874,1284) (5829,1276) (5913,1213) (5908,1191) (5800,1270) (5740,1259) (5792,1223) (5779,1206) (5710,1252) (5720,1255) (5696,1296) (5707,1253) (5680,1247) (5770,1188) (5788,1145) (5780,1150) (5835,1080) (5771,1119) (5739,1080) (5728,1086) (5669,1145) (5626,1223) (5587,1228) (5579,1194) (5562,1195) (5553,1221) (5532,1228) (5498,1275) (5507,1283) (5500,1293) (5455,1324) (5462,1336) (5405,1354)
add_area 288591050 '-'  (2000,3568) (2001,3568) (2001,3568) (2003,3565) (2001,3565) (2000,3568)
add_area 292942981 'kaitasaari'  (1595,166) (1604,165) (1610,164) (1617,168) (1619,164) (1623,160) (1621,157) (1616,158) (1612,155) (1597,154) (1585,167) (1588,171) (1595,166)
add_area 306636962 'vittaskarit'  (4700,3821) (4701,3821) (4702,3820) (4705,3818) (4706,3814) (4706,3812) (4707,3808) (4708,3808) (4709,3809) (4710,3808) (4709,3807) (4708,3808) (4707,3807) (4706,3807) (4703,3810) (4703,3812) (4701,3815) (4699,3817) (4698,3818) (4697,3818) (4696,3818) (4696,3821) (4700,3820) (4700,3821)
add_area 306636963 'vaarahongansaari'  (4704,3870) (4710,3870) (4715,3870) (4721,3865) (4720,3861) (4721,3858) (4724,3856) (4724,3854) (4721,3855) (4720,3853) (4715,3852) (4713,3854) (4711,3855) (4713,3857) (4716,3857) (4716,3860) (4710,3865) (4707,3865) (4703,3869) (4704,3870)
add_area 306675370 'konttisaari'  (4919,3028) (4919,3030) (4929,3026) (4941,3024) (4944,3026) (4951,3023) (4951,3021) (4948,3020) (4945,3023) (4939,3020) (4936,3021) (4930,3020) (4921,3026) (4919,3028)
add_area 306675372 'puukkosaari'  (5145,3006) (5144,3012) (5140,3015) (5139,3019) (5142,3020) (5152,3008) (5148,3005) (5145,3006)
add_area 306675373 'rasusaari'  (5026,2853) (5026,2855) (5028,2858) (5031,2858) (5035,2856) (5036,2854) (5034,2854) (5032,2851) (5028,2851) (5026,2853)
add_area 307527320 '-'  (1647,4395) (1644,4397) (1644,4398) (1642,4400) (1640,4401) (1638,4403) (1636,4406) (1634,4407) (1635,4408) (1636,4408) (1637,4407) (1641,4405) (1643,4403) (1644,4403) (1643,4406) (1645,4405) (1646,4404) (1646,4408) (1649,4406) (1651,4404) (1650,4403) (1649,4401) (1651,4397) (1652,4396) (1650,4394) (1647,4395)
add_area 307527323 'kotajarvet'  (1620,4407) (1629,4406) (1628,4402) (1626,4401) (1619,4402) (1616,4405) (1620,4407)
add_area 307527324 'pahalammi'  (1390,4582) (1390,4583) (1397,4582) (1398,4580) (1396,4580) (1395,4580) (1390,4581) (1390,4582)
add_area 307527325 'salmi-ruoke'  (1330,4605) (1328,4607) (1327,4607) (1320,4611) (1317,4612) (1317,4609) (1319,4608) (1321,4604) (1319,4602) (1313,4603) (1311,4605) (1308,4605) (1305,4608) (1297,4611) (1295,4614) (1325,4614) (1329,4609) (1332,4603) (1330,4605)
add_area 307671307 '-'  (1083,4085) (1085,4083) (1084,4083) (1083,4084) (1083,4085)
add_area 307671310 'ryppylammi'  (1066,4402) (1063,4404) (1064,4405) (1065,4403) (1066,4402) (1068,4400) (1066,4400) (1066,4402)
add_area 307671312 'sivinlammit'  (1090,4075) (1091,4075) (1091,4078) (1093,4078) (1094,4076) (1097,4073) (1096,4072) (1091,4073) (1090,4075)
add_area 307671314 'sarkijarvi'  (1036,4241) (1035,4243) (1034,4245) (1036,4247) (1043,4247) (1052,4245) (1064,4248) (1069,4247) (1081,4246) (1085,4245) (1087,4242) (1086,4241) (1086,4238) (1074,4238) (1071,4233) (1068,4232) (1064,4234) (1053,4236) (1047,4241) (1045,4240) (1040,4241) (1036,4240) (1036,4241)
add_area 307671316 'ylinen lapinjarvi'  (1362,4326) (1357,4326) (1351,4332) (1342,4339) (1336,4342) (1331,4349) (1327,4353) (1321,4355) (1317,4357) (1308,4359) (1305,4363) (1306,4364) (1310,4362) (1313,4364) (1310,4367) (1306,4371) (1302,4372) (1301,4375) (1297,4378) (1298,4379) (1304,4376) (1307,4376) (1309,4377) (1306,4381) (1301,4384) (1300,4386) (1303,4388) (1306,4388) (1313,4381) (1316,4378) (1321,4377) (1330,4368) (1337,4361) (1338,4356) (1337,4351) (1341,4346) (1345,4343) (1353,4338) (1359,4333) (1364,4329) (1369,4324) (1370,4320) (1362,4326)
add_area 307672544 '-'  (1519,3685) (1517,3687) (1517,3688) (1518,3688) (1520,3683) (1519,3683) (1519,3685)
add_area 307672545 '-'  (1520,3686) (1519,3688) (1520,3688) (1521,3686) (1522,3686) (1522,3685) (1520,3686)
add_area 307672547 'iso aijajarvi'  (649,4388) (650,4390) (643,4398) (644,4404) (650,4401) (659,4392) (656,4386) (652,4385) (649,4388)
add_area 307672549 'silmakelammit'  (1522,3696) (1524,3695) (1525,3693) (1524,3691) (1523,3692) (1522,3696) (1522,3696)
add_area 307705611 '-'  (1544,4413) (1546,4414) (1548,4413) (1549,4412) (1547,4411) (1544,4412) (1544,4413)
add_area 307771080 'pudotuslampi'  (959,2075) (957,2078) (961,2077) (963,2077) (963,2076) (962,2075) (961,2074) (959,2075)
add_area 310249531 'kyynarlampi'  (1344,825) (1333,834) (1331,841) (1336,843) (1338,846) (1340,847) (1346,847) (1356,843) (1362,824) (1361,820) (1362,816) (1359,812) (1351,816) (1344,825)
add_area 310268277 '-'  (1385,800) (1385,801) (1387,799) (1387,799) (1386,798) (1385,799) (1385,800)
add_area 310268281 'myllylampi'  (1373,808) (1377,807) (1376,805) (1373,804) (1372,803) (1371,802) (1371,802) (1372,802) (1374,793) (1377,791) (1376,786) (1375,786) (1374,788) (1373,787) (1373,781) (1373,780) (1372,781) (1371,782) (1369,786) (1366,791) (1364,796) (1364,797) (1366,796) (1367,799) (1367,804) (1370,804) (1371,808) (1373,808)
add_area 320048830 '-'  (1101,1734) (1100,1735) (1099,1736) (1099,1738) (1098,1739) (1098,1741) (1099,1740) (1099,1738) (1102,1735) (1102,1737) (1103,1737) (1103,1735) (1102,1733) (1101,1734)
add_area 322304650 '-'  (2571,2325) (2573,2325) (2575,2321) (2573,2321) (2571,2325)
add_area 322304652 '-'  (2457,2740) (2458,2741) (2460,2736) (2459,2736) (2457,2740)
add_area 332632671 '-'  (1214,3075) (1219,3068) (1213,3070) (1210,3074) (1214,3075)
add_area 332807170 '-'  (975,2860) (977,2859) (977,2857) (978,2856) (975,2855) (973,2860) (975,2860)
add_area 335902813 '-'  (3579,151) (3578,149) (3577,149) (3576,150) (3577,151) (3577,154) (3579,151)
add_area 336703374 '-'  (3114,708) (3116,706) (3115,705) (3113,707) (3114,708)
add_area 336895560 'hankalan pikkulammi'  (3339,774) (3342,776) (3343,778) (3338,783) (3331,796) (3336,806) (3334,810) (3336,808) (3343,804) (3345,797) (3342,792) (3343,790) (3343,788) (3345,783) (3349,780) (3346,780) (3347,777) (3349,776) (3352,776) (3356,770) (3353,770) (3349,774) (3348,774) (3345,775) (3340,773) (3339,774)
add_area 336895562 'tervasaari'  (3461,843) (3458,844) (3454,842) (3452,846) (3454,849) (3461,851) (3463,849) (3461,845) (3461,843)
add_area 337415067 '-'  (3631,1111) (3631,1109) (3630,1109) (3629,1112) (3631,1111)
add_area 337415070 '-'  (3551,1128) (3555,1125) (3555,1122) (3554,1121) (3547,1126) (3551,1128)
add_area 337442904 '-'  (3264,1214) (3267,1213) (3266,1210) (3263,1212) (3264,1214)
add_area 337525725 '-'  (3367,993) (3367,994) (3369,994) (3370,994) (3368,994) (3368,993) (3365,992) (3364,992) (3367,993)
add_area 337741622 '-'  (3334,1415) (3333,1415) (3330,1418) (3330,1418) (3334,1415)
add_area 337741644 '-'  (3411,1327) (3411,1328) (3413,1328) (3414,1328) (3413,1326) (3411,1327)
add_area 337851596 '-'  (3344,1466) (3345,1465) (3347,1464) (3346,1462) (3343,1464) (3343,1467) (3344,1466)
add_area 338165073 'kyrasselka'  (3738,1490) (3740,1492) (3743,1491) (3746,1488) (3745,1486) (3747,1480) (3742,1480) (3738,1490)
add_area 338165245 '-'  (3702,1460) (3707,1461) (3710,1460) (3711,1456) (3706,1453) (3702,1460)
add_area 338165246 '-'  (3722,1467) (3724,1468) (3724,1470) (3725,1470) (3738,1460) (3739,1455) (3732,1454) (3728,1459) (3726,1458) (3722,1467)
add_area 338165438 '-'  (3752,1485) (3751,1486) (3756,1485) (3756,1487) (3757,1491) (3763,1492) (3770,1489) (3771,1487) (3770,1486) (3767,1487) (3763,1485) (3763,1482) (3757,1484) (3752,1485)
add_area 338165439 '-'  (3732,1514) (3733,1516) (3731,1518) (3733,1519) (3731,1522) (3732,1523) (3737,1517) (3733,1513) (3732,1514)
add_area 338165440 '-'  (3726,1516) (3723,1520) (3722,1519) (3723,1517) (3717,1518) (3722,1526) (3726,1522) (3728,1516) (3726,1516)
add_area 338258673 '-'  (3559,1735) (3560,1730) (3562,1729) (3561,1728) (3559,1728) (3557,1728) (3558,1730) (3558,1735) (3559,1735)
add_area 338357084 'honkisaari'  (3539,1853) (3541,1855) (3546,1852) (3547,1847) (3542,1848) (3541,1850) (3539,1853)
add_area 338434647 'saapaslammi'  (3279,1672) (3277,1672) (3277,1674) (3279,1672)
add_area 338532141 '-'  (2610,1187) (2610,1185) (2606,1186) (2607,1188) (2610,1187)
add_area 338532146 'lymylampi'  (2741,1318) (2741,1318) (2744,1316) (2743,1315) (2742,1317) (2741,1318)
add_area 338652720 'mulkkulammi'  (2885,828) (2886,828) (2887,827) (2886,827) (2887,826) (2884,827) (2884,828) (2885,828)
add_area 338745689 '-'  (2323,1139) (2326,1136) (2325,1135) (2322,1136) (2320,1139) (2321,1139) (2323,1139)
add_area 338745694 'kangaslammit'  (2301,1156) (2302,1153) (2301,1153) (2299,1154) (2299,1156) (2301,1156)
add_area 338813386 '-'  (2920,310) (2919,309) (2917,312) (2917,313) (2920,310)
add_area 338848685 '-'  (2733,549) (2731,548) (2728,550) (2730,551) (2733,549)
add_area 338848686 '-'  (2716,555) (2717,554) (2718,553) (2717,553) (2716,554) (2716,555)
add_area 338848687 '-'  (2713,561) (2714,557) (2715,557) (2716,555) (2712,557) (2711,559) (2713,561)
add_area 417913885 'isojarvi'  (4947,2100) (4954,2095) (4962,2082) (4966,2073) (4977,2062) (4986,2052) (4989,2035) (5002,2023) (5011,2024) (5016,2039) (5020,2046) (5020,2047) (5020,2052) (5028,2052) (5027,2055) (5032,2054) (5033,2049) (5038,2045) (5045,2044) (5050,2040) (5049,2038) (5054,2032) (5065,2027) (5068,2017) (5074,2016) (5078,2010) (5077,2006) (5080,2000) (5077,1994) (5072,1995) (5066,2000) (5057,2002) (5052,1997) (5062,1983) (5064,1978) (5061,1972) (5063,1968) (5068,1962) (5075,1952) (5067,1940) (5061,1945) (5056,1947) (5055,1944) (5049,1944) (5051,1939) (5061,1922) (5056,1923) (5046,1935) (5044,1941) (5039,1944) (5027,1946) (5014,1953) (5008,1960) (5006,1972) (5001,1981) (5003,1988) (5002,1995) (5003,2000) (4999,2007) (4989,2017) (4970,2046) (4963,2055) (4955,2071) (4950,2076) (4948,2086) (4941,2101) (4947,2100)
add_area 484038989 'saarikonlammi'  (5285,18) (5284,20) (5290,25) (5299,23) (5302,20) (5299,17) (5288,17) (5285,18)
add_area 484394383 'kinnaslammi'  (5846,127) (5848,129) (5853,128) (5861,120) (5862,115) (5861,111) (5857,110) (5846,115) (5842,120) (5840,124) (5846,127)
add_area 484545123 'iso-vasu'  (6388,150) (6392,152) (6397,151) (6402,148) (6404,144) (6420,141) (6447,130) (6451,129) (6451,134) (6467,131) (6467,131) (6468,129) (6465,127) (6462,124) (6456,125) (6449,119) (6444,126) (6415,138) (6403,139) (6401,137) (6394,140) (6384,141) (6372,151) (6374,154) (6388,150)
add_area 484545124 'hanhilammi'  (6313,161) (6318,161) (6322,160) (6327,157) (6331,156) (6336,154) (6339,154) (6341,153) (6343,150) (6342,143) (6340,141) (6337,144) (6336,145) (6337,146) (6339,144) (6340,145) (6337,149) (6335,148) (6328,150) (6326,155) (6316,156) (6309,160) (6304,158) (6302,159) (6301,161) (6303,162) (6313,161)
add_area 484545127 'pikku-niska'  (6289,251) (6290,254) (6294,256) (6304,255) (6310,256) (6320,253) (6322,251) (6306,244) (6297,245) (6296,242) (6286,248) (6289,251)
add_area 484545132 'huhtisaari'  (6420,82) (6418,85) (6420,88) (6422,89) (6426,88) (6429,89) (6437,87) (6445,84) (6447,82) (6444,79) (6445,77) (6442,75) (6428,77) (6420,82)
add_area 484545136 'hanhisaari'  (6322,100) (6317,106) (6314,111) (6311,112) (6312,115) (6320,113) (6324,111) (6328,110) (6333,105) (6330,105) (6330,100) (6335,97) (6335,95) (6332,95) (6331,92) (6323,97) (6322,100)
add_area 484677983 'kolonlammi'  (6155,1215) (6158,1216) (6161,1215) (6163,1212) (6156,1212) (6155,1215)
add_area 484677985 'siikajarvenlakkari'  (6164,1170) (6168,1172) (6172,1168) (6173,1165) (6163,1157) (6164,1170)
add_area 484677994 'vaarajarvi'  (6443,387) (6446,389) (6449,388) (6449,387) (6447,388) (6446,387) (6447,386) (6446,385) (6443,386) (6443,387)
add_area 484678009 'norojarvi'  (6311,480) (6315,483) (6321,482) (6328,490) (6333,490) (6337,493) (6341,490) (6339,482) (6331,475) (6318,475) (6311,480)
add_area 484678011 '-'  (6474,356) (6477,354) (6476,352) (6474,353) (6475,354) (6473,356) (6474,356)
add_area 484678012 'koppelolammit'  (6459,364) (6468,361) (6469,359) (6465,358) (6464,360) (6459,362) (6459,364)
add_area 484678014 'vitelijarvet'  (6405,326) (6407,327) (6411,325) (6417,320) (6422,311) (6443,297) (6447,293) (6448,290) (6440,289) (6440,288) (6440,286) (6448,280) (6450,276) (6448,276) (6439,279) (6434,284) (6430,286) (6425,292) (6422,298) (6414,303) (6413,305) (6418,310) (6417,316) (6415,319) (6409,322) (6405,326)
add_area 484678021 'routtu'  (6295,343) (6293,342) (6293,341) (6297,337) (6296,332) (6292,329) (6288,331) (6285,338) (6280,341) (6280,343) (6284,343) (6287,343) (6287,346) (6282,352) (6276,352) (6275,355) (6279,357) (6277,364) (6278,366) (6280,366) (6282,362) (6295,346) (6295,343)
add_area 484678024 'routtunlammit'  (6250,335) (6251,333) (6248,333) (6247,334) (6246,336) (6250,335)
add_area 484693104 '-'  (5682,1615) (5682,1616) (5679,1619) (5673,1625) (5674,1627) (5667,1634) (5663,1638) (5665,1640) (5674,1630) (5673,1629) (5674,1628) (5677,1627) (5676,1624) (5680,1623) (5686,1616) (5688,1614) (5692,1609) (5691,1608) (5689,1610) (5689,1608) (5690,1607) (5689,1606) (5682,1615)
add_area 484693105 'kilpilammit'  (5672,1604) (5672,1605) (5670,1607) (5668,1609) (5667,1611) (5663,1615) (5662,1615) (5661,1616) (5662,1617) (5664,1617) (5669,1612) (5674,1608) (5677,1602) (5681,1598) (5680,1597) (5675,1600) (5672,1604)
add_area 484693106 'kilpilampi'  (5679,1574) (5680,1574) (5683,1572) (5684,1571) (5687,1570) (5687,1566) (5685,1566) (5683,1567) (5679,1574)
add_area 484693130 '-'  (5826,1250) (5825,1250) (5825,1251) (5826,1251) (5827,1251) (5829,1251) (5832,1250) (5834,1249) (5835,1248) (5833,1248) (5832,1247) (5826,1249) (5826,1250)
add_area 484693131 '-'  (5874,1213) (5875,1211) (5874,1211) (5872,1213) (5874,1213)
add_area 484693132 '-'  (5905,1235) (5904,1234) (5903,1235) (5904,1236) (5905,1235)
add_area 484693133 '-'  (5964,1296) (5965,1294) (5962,1293) (5961,1294) (5961,1296) (5964,1296)
add_area 484702981 'lapinjarvet'  (5476,1618) (5474,1620) (5474,1621) (5477,1620) (5476,1622) (5478,1623) (5481,1621) (5481,1619) (5480,1619) (5478,1618) (5480,1616) (5477,1615) (5476,1618)
add_area 484702982 '-'  (5499,1615) (5499,1617) (5501,1616) (5502,1614) (5504,1613) (5502,1612) (5499,1613) (5499,1615)
add_area 484702983 'pikku-iimas'  (5329,1796) (5326,1807) (5324,1810) (5325,1811) (5328,1809) (5333,1801) (5332,1797) (5331,1795) (5333,1792) (5332,1792) (5329,1796)
add_area 484723515 'hanhosenjarvi'  (5112,1934) (5108,1942) (5108,1944) (5110,1943) (5111,1941) (5114,1938) (5120,1937) (5124,1934) (5133,1924) (5134,1919) (5137,1913) (5136,1913) (5130,1917) (5125,1922) (5118,1926) (5112,1934)
add_area 484723523 'sourunjarvi'  (5128,1796) (5127,1793) (5125,1794) (5118,1807) (5117,1812) (5114,1815) (5112,1824) (5111,1825) (5113,1825) (5115,1823) (5128,1796)
add_area 484870215 '-'  (4996,2108) (4997,2107) (4999,2107) (5000,2105) (4997,2104) (4995,2108) (4996,2108)
add_area 484870228 'kompajarvi'  (4833,2126) (4834,2128) (4838,2129) (4848,2127) (4854,2128) (4859,2136) (4862,2137) (4867,2136) (4871,2137) (4883,2132) (4883,2129) (4877,2126) (4867,2125) (4867,2124) (4860,2123) (4857,2124) (4852,2122) (4853,2121) (4850,2120) (4847,2121) (4842,2120) (4839,2120) (4835,2122) (4833,2126)
add_area 484870229 'vahajarvi'  (4908,2132) (4906,2136) (4910,2139) (4915,2150) (4919,2151) (4920,2154) (4925,2151) (4924,2131) (4925,2121) (4922,2120) (4908,2132)
add_area 485051363 'ruskalammi'  (4463,2829) (4464,2829) (4467,2828) (4475,2823) (4474,2822) (4470,2822) (4465,2824) (4464,2826) (4463,2829)
add_area 485051364 'paarlammi'  (4444,2815) (4446,2818) (4447,2818) (4446,2821) (4445,2824) (4442,2827) (4445,2829) (4444,2832) (4440,2837) (4435,2840) (4433,2845) (4441,2846) (4457,2836) (4457,2834) (4455,2832) (4451,2833) (4447,2836) (4446,2835) (4447,2834) (4451,2830) (4453,2824) (4457,2819) (4458,2816) (4464,2806) (4465,2803) (4463,2802) (4458,2804) (4451,2809) (4446,2812) (4444,2815)
add_area 485051365 '-'  (4405,2899) (4407,2899) (4408,2895) (4405,2895) (4405,2899)
add_area 485201836 'pahalammi'  (4139,2480) (4145,2478) (4149,2474) (4146,2474) (4140,2475) (4137,2479) (4139,2480)
add_area 485201842 '-'  (4000,2589) (4001,2586) (3998,2585) (3994,2590) (3994,2592) (4000,2589)
add_area 485201848 'myllylammi'  (4183,2481) (4184,2481) (4186,2479) (4187,2479) (4188,2479) (4193,2478) (4200,2479) (4203,2477) (4202,2476) (4195,2473) (4195,2472) (4191,2470) (4190,2469) (4187,2471) (4184,2474) (4182,2480) (4183,2481)
add_area 485393467 'pahalammi'  (3925,2014) (3934,2015) (3937,2013) (3938,2012) (3933,2009) (3927,2009) (3922,2011) (3925,2014)
add_area 485541085 '-'  (3043,2294) (3042,2296) (3041,2298) (3041,2298) (3044,2296) (3047,2294) (3047,2292) (3046,2291) (3043,2294)
add_area 485557851 '-'  (3242,2332) (3241,2334) (3241,2335) (3239,2336) (3239,2338) (3242,2338) (3243,2337) (3242,2335) (3244,2332) (3242,2332)
add_area 486416614 'kaakkolammi'  (897,2869) (900,2867) (899,2866) (900,2865) (901,2865) (902,2862) (901,2862) (901,2863) (898,2865) (898,2866) (896,2869) (897,2869)
add_area 486416619 'haisulampi'  (625,2953) (625,2955) (626,2957) (627,2955) (625,2953) (625,2953)
add_area 490159787 '-'  (1355,1893) (1356,1892) (1353,1892) (1353,1893) (1355,1893)
add_area 588475971 'vohlisaari'  (4567,2108) (4567,2101) (4563,2099) (4554,2103) (4548,2103) (4542,2104) (4537,2115) (4537,2132) (4542,2133) (4548,2129) (4553,2128) (4567,2108)
add_area 588864185 'vaajasaari'  (4266,2125) (4265,2131) (4266,2131) (4271,2128) (4273,2125) (4272,2123) (4269,2122) (4266,2125)
add_area 588864187 'pellavasaari'  (4236,2185) (4238,2185) (4241,2184) (4242,2180) (4241,2179) (4238,2180) (4235,2182) (4236,2185)
add_area 588864188 'paljahainen'  (4291,2171) (4289,2173) (4291,2174) (4295,2172) (4300,2171) (4310,2166) (4313,2164) (4309,2163) (4304,2164) (4301,2166) (4300,2165) (4297,2168) (4291,2171)
add_area 588864193 'karisaari'  (4238,2370) (4235,2373) (4235,2375) (4239,2374) (4240,2372) (4241,2368) (4243,2367) (4243,2366) (4241,2365) (4240,2368) (4238,2370)
add_area 588864196 'leppasaari'  (4727,2757) (4725,2760) (4724,2760) (4722,2761) (4724,2763) (4722,2768) (4727,2768) (4732,2765) (4730,2760) (4731,2757) (4728,2755) (4727,2757)
add_area 588864198 'jatkasaari'  (4725,2737) (4722,2740) (4721,2743) (4718,2745) (4713,2752) (4714,2754) (4710,2762) (4711,2763) (4715,2762) (4720,2758) (4725,2751) (4727,2744) (4725,2743) (4727,2741) (4726,2737) (4725,2737)
add_area 588864206 'petajasaari'  (4569,2632) (4564,2635) (4563,2640) (4567,2640) (4575,2634) (4582,2630) (4583,2629) (4580,2628) (4569,2630) (4569,2632)
add_area 588864210 'hauranen'  (4629,2452) (4630,2455) (4630,2457) (4626,2457) (4624,2459) (4622,2464) (4623,2467) (4623,2467) (4624,2464) (4629,2460) (4632,2461) (4634,2465) (4638,2464) (4643,2458) (4642,2456) (4644,2454) (4642,2450) (4638,2453) (4635,2451) (4632,2452) (4632,2450) (4630,2450) (4629,2452)
add_area 588864211 'majasaari'  (4615,2428) (4614,2428) (4614,2428) (4613,2429) (4613,2432) (4615,2432) (4618,2428) (4616,2428) (4615,2428)
add_area 588864215 'tanelinsaari'  (4391,2306) (4392,2307) (4395,2306) (4398,2304) (4394,2303) (4392,2305) (4391,2306)
add_area 588885313 'iivarinsaari'  (4469,1797) (4468,1799) (4470,1801) (4476,1799) (4478,1797) (4477,1794) (4474,1796) (4471,1796) (4469,1797)
add_area 588885323 'karhusaari'  (4454,2013) (4454,2014) (4455,2014) (4456,2016) (4467,2006) (4465,2005) (4468,2003) (4464,2004) (4457,2011) (4454,2013)
add_area 588885326 'pahalammi'  (4334,1761) (4337,1763) (4340,1765) (4342,1766) (4340,1762) (4334,1761) (4334,1761)
add_area 588936487 '-'  (4602,2908) (4603,2908) (4604,2905) (4606,2904) (4606,2903) (4605,2903) (4602,2908)
add_area 588936489 '-'  (4606,2902) (4607,2901) (4609,2898) (4606,2900) (4605,2902) (4606,2902)
add_area 588936506 'pukkisaari'  (4614,2854) (4617,2852) (4618,2847) (4612,2846) (4609,2849) (4607,2853) (4614,2854)
add_area 635774085 '-'  (1534,3792) (1533,3791) (1532,3790) (1531,3791) (1532,3793) (1534,3792)
add_area 635885486 '-'  (1677,3144) (1678,3145) (1680,3143) (1681,3141) (1677,3143) (1677,3144)
add_area 637069642 'vahasaari'  (1159,3155) (1157,3155) (1156,3156) (1156,3156) (1157,3157) (1158,3159) (1161,3154) (1160,3154) (1159,3155)
add_area 637113141 '-'  (1334,3066) (1334,3064) (1332,3065) (1331,3067) (1334,3066)
add_area 637130215 '-'  (1980,4264) (1981,4262) (1979,4261) (1977,4263) (1979,4265) (1980,4264)
add_area 637383416 'juurakkolampi'  (2400,3686) (2405,3682) (2409,3676) (2409,3671) (2404,3672) (2400,3676) (2399,3680) (2400,3684) (2399,3685) (2400,3686)
add_area 637618190 '-'  (3576,3518) (3576,3519) (3577,3518) (3578,3517) (3576,3516) (3576,3518)
add_area 637618191 '-'  (3630,3454) (3633,3453) (3639,3446) (3643,3444) (3645,3445) (3650,3440) (3653,3434) (3653,3433) (3655,3431) (3656,3432) (3659,3431) (3666,3427) (3673,3421) (3676,3418) (3671,3417) (3676,3414) (3681,3413) (3689,3406) (3688,3405) (3683,3405) (3683,3404) (3689,3400) (3689,3398) (3687,3399) (3689,3396) (3685,3395) (3630,3454)
add_area 637618192 '-'  (3730,3348) (3694,3386) (3694,3386) (3696,3386) (3697,3386) (3698,3382) (3700,3382) (3700,3381) (3704,3376) (3710,3374) (3711,3371) (3714,3371) (3715,3368) (3713,3368) (3714,3367) (3717,3366) (3719,3366) (3723,3363) (3724,3362) (3725,3361) (3727,3360) (3728,3359) (3727,3358) (3730,3356) (3728,3355) (3729,3354) (3731,3353) (3733,3352) (3730,3352) (3733,3348) (3736,3347) (3739,3349) (3742,3348) (3746,3347) (3750,3343) (3750,3339) (3755,3334) (3759,3332) (3760,3330) (3759,3328) (3755,3330) (3746,3322) (3745,3318) (3743,3318) (3730,3348)
add_area 637618193 '-'  (3786,3218) (3790,3218) (3792,3220) (3795,3213) (3799,3209) (3801,3204) (3799,3203) (3798,3197) (3796,3197) (3797,3194) (3796,3194) (3786,3218)
add_area 637618194 '-'  (3901,3339) (3903,3339) (3917,3325) (3919,3323) (3922,3322) (3925,3319) (3926,3318) (3925,3316) (3923,3316) (3921,3317) (3915,3320) (3912,3325) (3909,3327) (3906,3333) (3898,3340) (3893,3346) (3891,3349) (3888,3354) (3888,3354) (3892,3351) (3896,3344) (3901,3339)
add_area 637618195 'helvetinjarven kansallispuisto'  (3754,3621) (3752,3620) (3746,3620) (3747,3618) (3743,3614) (3745,3607) (3747,3606) (3749,3605) (3751,3603) (3754,3599) (3760,3592) (3765,3590) (3762,3589) (3762,3584) (3734,3590) (3732,3591) (3732,3593) (3728,3596) (3720,3598) (3718,3599) (3722,3608) (3723,3609) (3721,3613) (3723,3613) (3728,3608) (3730,3608) (3731,3609) (3719,3623) (3717,3625) (3712,3625) (3711,3627) (3715,3632) (3710,3641) (3708,3642) (3706,3642) (3705,3640) (3705,3641) (3706,3643) (3705,3646) (3701,3649) (3734,3629) (3756,3624) (3754,3621)
add_area 637618196 'helvetinjarven kansallispuisto'  (3707,3669) (3710,3670) (3716,3667) (3719,3663) (3730,3658) (3754,3642) (3756,3642) (3761,3638) (3761,3637) (3707,3653) (3707,3667) (3707,3669)
add_area 637618197 'helvetinjarven kansallispuisto'  (3730,3665) (3722,3670) (3719,3674) (3709,3679) (3706,3681) (3704,3682) (3700,3682) (3697,3683) (3694,3683) (3684,3687) (3683,3689) (3685,3692) (3680,3699) (3678,3700) (3677,3702) (3682,3702) (3688,3699) (3697,3697) (3700,3698) (3706,3697) (3711,3699) (3718,3697) (3721,3694) (3723,3694) (3725,3695) (3737,3691) (3740,3689) (3730,3665)
add_area 637711729 '-'  (2759,3822) (2759,3822) (2762,3821) (2764,3822) (2781,3801) (2778,3800) (2775,3796) (2771,3793) (2766,3797) (2758,3820) (2759,3822)
add_area 638583978 '-'  (4126,3739) (4128,3738) (4129,3737) (4129,3736) (4125,3737) (4126,3739)
add_area 638583979 '-'  (4125,3738) (4125,3737) (4124,3737) (4124,3738) (4125,3738)
add_area 638583980 '-'  (4130,3728) (4137,3727) (4137,3724) (4130,3725) (4129,3726) (4130,3728)
add_area 638583981 '-'  (4128,3728) (4128,3727) (4125,3727) (4125,3729) (4128,3728)
add_area 638583982 '-'  (4124,3729) (4124,3728) (4121,3728) (4121,3730) (4124,3729)
add_area 638583983 '-'  (4118,3732) (4119,3731) (4120,3728) (4119,3728) (4118,3732)
add_area 638583984 '-'  (4125,3735) (4119,3736) (4119,3736) (4118,3737) (4118,3736) (4117,3736) (4117,3738) (4120,3737) (4128,3736) (4129,3734) (4125,3735)
add_area 638583985 '-'  (4132,3735) (4133,3735) (4133,3736) (4132,3737) (4135,3735) (4134,3732) (4132,3733) (4132,3735)
add_area 638583986 '-'  (4133,3732) (4132,3729) (4130,3729) (4132,3732) (4133,3732)
add_area 638583987 '-'  (4130,3737) (4131,3737) (4132,3736) (4132,3735) (4130,3736) (4130,3737)
add_area 638583988 '-'  (4130,3735) (4131,3734) (4131,3733) (4129,3734) (4130,3735)
add_area 638583989 '-'  (4131,3732) (4129,3730) (4128,3731) (4129,3733) (4131,3732)
add_area 638583990 '-'  (4128,3731) (4128,3730) (4125,3730) (4125,3731) (4128,3731)
add_area 638583991 '-'  (4124,3732) (4124,3730) (4121,3731) (4120,3732) (4119,3733) (4124,3732)
add_area 638583992 '-'  (4128,3734) (4128,3732) (4125,3732) (4124,3734) (4128,3734)
add_area 638583993 '-'  (4123,3734) (4124,3732) (4118,3733) (4118,3732) (4117,3733) (4117,3735) (4123,3734)
add_area 647458622 'paskolammi'  (5171,442) (5171,442) (5171,442) (5172,442) (5173,442) (5173,442) (5173,442) (5174,442) (5174,442) (5174,442) (5175,442) (5175,442) (5175,442) (5175,442) (5176,441) (5176,441) (5176,441) (5177,440) (5177,440) (5177,440) (5177,440) (5177,439) (5176,439) (5176,439) (5176,439) (5176,439) (5176,439) (5176,439) (5175,440) (5174,441) (5174,441) (5174,441) (5173,441) (5173,441) (5172,441) (5172,441) (5171,442)
add_area 750205110 'uasjarvi'  (5593,414) (5593,416) (5595,416) (5612,403) (5619,402) (5622,406) (5623,407) (5635,399) (5654,391) (5670,380) (5674,374) (5674,372) (5667,371) (5653,378) (5630,385) (5600,406) (5593,414)
add_area 778019537 '-'  (2581,167) (2581,167) (2579,171) (2580,171) (2581,169) (2581,169) (2583,167) (2581,165) (2581,167)
add_area 778019539 '-'  (2583,187) (2586,185) (2587,182) (2588,182) (2590,178) (2589,178) (2588,180) (2585,180) (2584,183) (2582,186) (2583,187)
add_area 778050342 '-'  (3229,284) (3231,285) (3233,285) (3231,283) (3230,284) (3229,284)
add_area 792162770 '-'  (5559,1341) (5563,1342) (5563,1345) (5565,1344) (5565,1342) (5567,1341) (5568,1342) (5570,1342) (5572,1337) (5565,1339) (5565,1338) (5559,1339) (5559,1341)
add_area 792162771 '-'  (5582,1330) (5581,1333) (5578,1333) (5576,1335) (5576,1336) (5577,1336) (5579,1338) (5582,1337) (5583,1338) (5584,1336) (5584,1329) (5582,1330)
add_area 792162772 '-'  (5576,1411) (5579,1412) (5580,1408) (5582,1407) (5586,1401) (5586,1398) (5585,1398) (5584,1399) (5579,1401) (5578,1402) (5576,1411)
add_area 792162793 '-'  (5520,1866) (5521,1866) (5521,1866) (5523,1866) (5523,1864) (5522,1864) (5521,1865) (5520,1866)
add_area 792162795 'kullilammi'  (5518,1891) (5520,1891) (5522,1888) (5521,1886) (5519,1887) (5518,1889) (5518,1891)
add_area 792420333 '-'  (5273,1781) (5276,1776) (5276,1775) (5270,1780) (5273,1781)
add_area 792420348 '-'  (5267,1943) (5268,1942) (5267,1941) (5267,1941) (5267,1942) (5267,1943) (5267,1943)
add_area 792420349 '-'  (5267,1940) (5267,1939) (5262,1937) (5262,1938) (5267,1940)
add_area 792420350 '-'  (5263,1939) (5262,1938) (5261,1939) (5262,1939) (5263,1939)
add_area 792420351 '-'  (5264,1948) (5265,1947) (5263,1945) (5262,1946) (5264,1948)
add_area 792420352 '-'  (5263,1944) (5262,1943) (5261,1944) (5262,1945) (5263,1944)
add_area 792420353 '-'  (5262,1943) (5260,1940) (5259,1941) (5261,1943) (5262,1943)
add_area 792637792 '-'  (4811,1607) (4815,1607) (4815,1605) (4813,1605) (4811,1606) (4811,1607)
add_area 792784047 'kaakkolammi'  (5134,1017) (5137,1013) (5138,1007) (5136,1000) (5134,1001) (5132,1005) (5130,1014) (5129,1019) (5134,1017)
add_area 792784048 'talassaari'  (5004,1312) (5006,1313) (5010,1311) (5013,1307) (5012,1306) (5010,1306) (5006,1309) (5004,1312)
add_area 792784049 'aittosaari'  (5028,1328) (5029,1328) (5031,1326) (5032,1325) (5031,1324) (5028,1327) (5028,1328)
add_area 792784050 'tanssisaari'  (5041,1326) (5043,1326) (5045,1324) (5047,1321) (5047,1320) (5046,1321) (5043,1321) (5041,1326)
add_area 792978055 '-'  (5465,1242) (5467,1241) (5469,1238) (5467,1238) (5465,1241) (5465,1242)
add_area 793014798 'koiralammi'  (4679,1046) (4690,1051) (4693,1051) (4700,1046) (4698,1045) (4688,1045) (4680,1045) (4679,1046)
add_area 793264425 '-'  (4519,1419) (4521,1418) (4524,1414) (4524,1414) (4524,1414) (4519,1419)
add_area 793364450 '-'  (4328,1660) (4331,1656) (4331,1656) (4330,1656) (4329,1657) (4327,1659) (4328,1660)
add_area 793536763 '-'  (4711,1120) (4712,1118) (4712,1117) (4711,1117) (4711,1117) (4709,1117) (4708,1120) (4709,1121) (4711,1120)
add_area 793536764 '-'  (4721,1125) (4721,1126) (4722,1126) (4726,1124) (4726,1123) (4725,1122) (4721,1124) (4721,1125)
add_area 793951913 '-'  (5140,878) (5146,876) (5146,872) (5141,874) (5140,878)
add_area 793951922 '-'  (5278,916) (5279,914) (5278,903) (5272,906) (5273,918) (5278,916)
add_area 794254103 'vaha-rapuska'  (4873,831) (4871,833) (4871,835) (4872,837) (4878,839) (4890,840) (4893,839) (4895,837) (4894,833) (4890,831) (4887,832) (4880,832) (4876,831) (4873,831)
add_area 794445755 '-'  (4161,1163) (4161,1160) (4159,1160) (4158,1160) (4159,1163) (4161,1163)
add_area 794492341 'luomanlammi'  (4639,754) (4639,755) (4640,755) (4641,754) (4642,754) (4642,753) (4641,752) (4639,753) (4639,754)
add_area 795122180 '-'  (4369,879) (4371,879) (4371,878) (4370,877) (4368,878) (4367,880) (4367,880) (4368,880) (4368,880) (4369,879)
add_area 795647243 '-'  (4717,569) (4717,569) (4718,568) (4719,568) (4718,567) (4717,568) (4717,569)
add_area 795647255 'paskolammi'  (4644,658) (4645,657) (4646,655) (4647,654) (4647,653) (4646,653) (4644,655) (4643,658) (4644,658)
add_area 31023606 'ukonjarvi'  (5656,859) (5661,874) (5658,882) (5664,884) (5666,892) (5665,874) (5673,867) (5674,864) (5662,858) (5662,854) (5671,847) (5686,851) (5692,857) (5687,868) (5689,872) (5687,873) (5684,864) (5677,873) (5677,878) (5689,885) (5692,900) (5697,900) (5716,893) (5705,872) (5711,857) (5709,854) (5704,854) (5698,835) (5694,833) (5694,825) (5689,828) (5689,842) (5688,845) (5677,837) (5666,839) (5664,844) (5659,844) (5658,841) (5661,831) (5668,822) (5666,804) (5660,803) (5659,801) (5665,786) (5666,779) (5662,771) (5656,770) (5649,777) (5633,775) (5632,769) (5638,755) (5636,747) (5628,772) (5632,786) (5631,792) (5642,797) (5645,801) (5645,808) (5649,811) (5646,822) (5647,827) (5653,830) (5655,836) (5652,851) (5656,859)
add_area 31023610 '-'  (5645,784) (5643,784) (5641,783) (5638,785) (5635,787) (5636,791) (5638,791) (5641,790) (5645,790) (5648,790) (5650,788) (5652,784) (5651,783) (5649,782) (5647,782) (5645,784)
add_area 199390704 '-'  (5688,876) (5690,880) (5693,880) (5695,879) (5695,877) (5694,876) (5694,873) (5692,871) (5689,873) (5688,876)
add_area 199390701 '-'  (5667,843) (5670,844) (5672,841) (5671,840) (5668,841) (5667,843)
add_area 31023571 'saarijarvi'  (5463,1107) (5458,1096) (5459,1086) (5466,1080) (5465,1079) (5455,1078) (5454,1074) (5457,1065) (5456,1063) (5462,1059) (5464,1054) (5461,1052) (5458,1046) (5455,1045) (5451,1048) (5452,1053) (5456,1058) (5453,1062) (5449,1064) (5442,1063) (5438,1064) (5432,1074) (5428,1077) (5420,1077) (5411,1088) (5413,1090) (5419,1091) (5420,1093) (5429,1096) (5424,1105) (5415,1114) (5417,1109) (5409,1112) (5406,1119) (5408,1123) (5407,1126) (5409,1130) (5407,1132) (5408,1135) (5417,1135) (5426,1133) (5437,1133) (5449,1128) (5452,1125) (5455,1123) (5457,1119) (5460,1119) (5461,1117) (5463,1107)
add_area 31023574 '-'  (5424,1084) (5422,1087) (5422,1089) (5423,1089) (5427,1086) (5431,1081) (5430,1080) (5424,1084)
add_area 31023573 'isosaari'  (5441,1092) (5430,1101) (5426,1107) (5425,1110) (5425,1112) (5428,1113) (5430,1113) (5433,1111) (5440,1103) (5442,1097) (5442,1092) (5441,1092)
add_area 199477541 '-'  (5454,1095) (5454,1097) (5453,1098) (5452,1099) (5451,1100) (5451,1101) (5450,1103) (5450,1103) (5451,1102) (5455,1098) (5456,1097) (5457,1096) (5456,1096) (5456,1095) (5455,1094) (5454,1095)
add_area 27374844 'jouttenus'  (5101,1259) (5121,1241) (5146,1213) (5153,1210) (5154,1208) (5149,1210) (5149,1208) (5154,1204) (5156,1198) (5154,1196) (5143,1195) (5142,1193) (5131,1195) (5134,1192) (5133,1188) (5125,1183) (5112,1190) (5111,1199) (5087,1203) (5095,1190) (5103,1182) (5100,1179) (5084,1186) (5077,1191) (5072,1201) (5047,1215) (5044,1224) (5046,1229) (5057,1222) (5061,1225) (5055,1244) (5049,1251) (5048,1264) (5041,1275) (5032,1284) (5025,1289) (5023,1289) (5021,1284) (5007,1286) (4998,1291) (4995,1296) (4960,1316) (4958,1316) (4959,1311) (4944,1312) (4940,1325) (4949,1336) (4953,1337) (4964,1330) (4973,1334) (4983,1330) (4998,1333) (4998,1339) (4982,1349) (4976,1360) (4969,1368) (4974,1378) (4969,1390) (4973,1391) (4972,1399) (4983,1390) (4996,1388) (5000,1379) (5010,1375) (5035,1352) (5036,1347) (5046,1337) (5047,1332) (5058,1320) (5062,1310) (5084,1285) (5094,1261) (5101,1259)
add_area 31024877 'siikajarvi'  (6044,1207) (6041,1218) (6044,1221) (6054,1215) (6050,1222) (6054,1231) (6062,1236) (6075,1232) (6083,1218) (6076,1212) (6080,1202) (6102,1194) (6106,1199) (6113,1186) (6125,1179) (6134,1181) (6132,1172) (6162,1154) (6159,1145) (6144,1142) (6139,1150) (6135,1152) (6130,1143) (6119,1152) (6116,1147) (6111,1154) (6105,1151) (6091,1165) (6073,1164) (6093,1142) (6063,1134) (6085,1124) (6076,1120) (6077,1116) (6104,1123) (6111,1119) (6114,1124) (6131,1105) (6155,1105) (6169,1072) (6165,1074) (6163,1068) (6153,1092) (6135,1095) (6140,1064) (6147,1055) (6141,1054) (6145,1043) (6136,1045) (6122,1036) (6123,1054) (6116,1064) (6127,1071) (6135,1086) (6124,1105) (6114,1104) (6109,1116) (6084,1099) (6076,1102) (6069,1117) (6065,1103) (6061,1103) (6054,1111) (6052,1128) (6049,1119) (6040,1122) (6042,1134) (6034,1139) (6019,1172) (6029,1180) (6043,1182) (6047,1188) (6044,1207)
add_area 31024882 '-'  (6066,1166) (6066,1165) (6064,1164) (6062,1165) (6059,1169) (6061,1173) (6058,1180) (6060,1181) (6060,1184) (6058,1186) (6055,1192) (6053,1198) (6054,1201) (6053,1204) (6053,1207) (6058,1201) (6065,1186) (6066,1181) (6068,1176) (6068,1170) (6066,1166)
add_area 199094791 '-'  (6040,1149) (6040,1150) (6038,1152) (6038,1153) (6041,1152) (6043,1150) (6041,1149) (6040,1149)
add_area 199094787 '-'  (6058,1145) (6058,1147) (6059,1147) (6060,1145) (6059,1144) (6058,1145)
add_area 199094786 '-'  (6141,1099) (6142,1101) (6144,1100) (6146,1097) (6146,1094) (6144,1094) (6142,1096) (6141,1099)
add_area 199392655 '-'  (6079,1222) (6080,1223) (6082,1222) (6080,1221) (6080,1220) (6078,1221) (6077,1222) (6079,1222)
add_area 484677986 '-'  (6158,1087) (6159,1086) (6160,1085) (6159,1084) (6157,1086) (6158,1087)
add_area 25211874 'sarkijarvi'  (6003,390) (5997,386) (5988,385) (5981,380) (5981,374) (5976,373) (5973,376) (5973,379) (5969,387) (5966,390) (5967,393) (5967,394) (5966,394) (5960,398) (5952,403) (5952,409) (5956,411) (5955,416) (5958,422) (5969,426) (5972,430) (5972,440) (5978,439) (5986,426) (6003,413) (6009,411) (6013,411) (6021,409) (6022,409) (6038,403) (6040,400) (6033,400) (6027,398) (6028,393) (6026,391) (6020,393) (6016,391) (6012,393) (6003,390)
add_area 199484809 '-'  (5986,400) (5987,399) (5987,398) (5985,399) (5986,400)
add_area 25211865 'enojarvi'  (5976,287) (5971,277) (5911,323) (5904,347) (5858,399) (5886,401) (5929,351) (5950,353) (6009,313) (6044,310) (6029,334) (6063,352) (6079,344) (6049,331) (6058,310) (6134,275) (6103,253) (6124,225) (6171,215) (6175,202) (6239,162) (6349,116) (6398,80) (6399,99) (6417,94) (6406,103) (6441,111) (6442,99) (6428,96) (6451,84) (6443,44) (6422,62) (6425,75) (6409,75) (6392,51) (6371,77) (6383,85) (6337,99) (6337,86) (6352,80) (6322,86) (6300,99) (6302,115) (6268,129) (6267,110) (6252,103) (6272,84) (6290,83) (6296,60) (6322,36) (6272,69) (6272,59) (6264,69) (6254,63) (6254,53) (6244,80) (6252,71) (6269,80) (6248,106) (6229,111) (6233,92) (6220,86) (6222,112) (6190,116) (6156,132) (6234,123) (6191,177) (6126,214) (6125,202) (6101,217) (6049,208) (6028,288) (5981,314) (5976,287)
add_area 199484808 '-'  (6253,122) (6256,119) (6255,118) (6252,121) (6253,122)
add_area 199484837 '-'  (6250,118) (6251,118) (6254,116) (6257,115) (6255,113) (6253,115) (6250,117) (6250,118)
add_area 199484835 '-'  (6241,112) (6243,112) (6244,109) (6241,109) (6238,112) (6238,113) (6241,112)
add_area 199484814 '-'  (6231,118) (6233,117) (6233,115) (6230,117) (6230,118) (6231,118)
add_area 199484817 '-'  (6236,112) (6237,111) (6239,108) (6238,107) (6236,111) (6236,112)
add_area 199484821 '-'  (6228,123) (6229,123) (6230,121) (6230,121) (6228,122) (6228,123)
add_area 199484807 '-'  (6053,238) (6054,241) (6064,234) (6072,225) (6073,226) (6076,225) (6077,222) (6080,224) (6083,223) (6087,227) (6093,224) (6092,220) (6087,217) (6083,217) (6079,220) (6062,215) (6058,217) (6050,228) (6049,232) (6048,234) (6048,236) (6053,238)
add_area 199484810 '-'  (6054,256) (6055,255) (6054,254) (6053,256) (6054,256)
add_area 199484827 '-'  (6040,257) (6039,259) (6044,259) (6047,256) (6047,254) (6041,255) (6040,257)
add_area 484545131 '-'  (6408,85) (6409,87) (6412,86) (6416,80) (6415,80) (6411,81) (6408,85)
add_area 484545135 '-'  (6393,64) (6394,64) (6395,64) (6395,63) (6395,62) (6396,60) (6395,59) (6394,60) (6393,61) (6394,63) (6393,64)
add_area 484545134 '-'  (6437,59) (6439,58) (6440,57) (6438,57) (6437,59) (6437,59)
add_area 484545133 '-'  (6440,73) (6442,72) (6442,71) (6440,72) (6440,73)
add_area 27360296 'saaksjarvi'  (6454,3) (6445,11) (6438,9) (6435,11) (6436,19) (6425,25) (6424,29) (6428,29) (6438,20) (6454,18) (6458,22) (6470,20) (6472,22) (6470,29) (6463,35) (6462,40) (6465,43) (6474,38) (6513,38) (6516,33) (6528,29) (6530,26) (6539,29) (6543,27) (6551,18) (6556,16) (6558,37) (6549,45) (6556,45) (6569,54) (6577,51) (6579,42) (6581,40) (6591,41) (6590,44) (6600,47) (6604,44) (6618,40) (6625,41) (6628,44) (6637,40) (6636,42) (6639,43) (6659,34) (6664,30) (6666,25) (6686,11) (6632,39) (6606,36) (6600,32) (6595,18) (6578,12) (6571,12) (6568,7) (6558,8) (6539,20) (6527,24) (6515,25) (6512,21) (6501,22) (6499,24) (6496,22) (6501,16) (6497,15) (6489,23) (6487,17) (6462,17) (6461,13) (6471,5) (6487,0) (6459,0) (6454,3)
add_area 199505334 '-'  (6467,2) (6469,2) (6471,1) (6472,0) (6470,0) (6467,1) (6467,2)
add_area 199505335 '-'  (6480,26) (6481,26) (6483,26) (6482,24) (6480,25) (6480,26)
add_area 199505333 '-'  (6498,32) (6500,30) (6500,29) (6498,31) (6498,32)
add_area 199505337 '-'  (6559,25) (6559,26) (6560,27) (6561,28) (6564,27) (6565,25) (6565,24) (6565,23) (6560,24) (6559,25)
add_area 25211745 'velaattajarvi'  (4871,477) (4909,465) (4898,473) (4893,500) (4932,512) (4934,528) (4960,550) (4950,559) (4957,569) (4967,569) (4978,560) (4984,520) (5028,493) (5027,488) (5009,492) (4998,477) (4987,478) (4989,444) (5094,403) (5091,396) (5103,388) (5094,386) (5096,382) (5159,339) (5160,322) (5149,327) (5150,316) (5176,292) (5166,278) (5193,252) (5198,255) (5189,244) (5195,215) (5178,217) (5164,250) (5134,276) (5102,275) (5085,257) (5063,278) (5066,270) (5049,272) (5034,264) (5059,283) (5062,296) (5054,316) (5071,294) (5073,317) (5046,326) (5049,313) (5025,349) (5021,340) (5007,338) (4989,303) (4967,310) (4921,353) (4927,370) (4916,423) (4869,467) (4870,476) (4796,517) (4789,512) (4789,487) (4775,515) (4765,520) (4804,520) (4871,477)
add_area 25211762 '-'  (4945,348) (4944,351) (4947,352) (4946,358) (4949,357) (4950,350) (4954,347) (4951,343) (4945,348)
add_area 199707289 '-'  (5079,333) (5068,332) (5063,335) (5061,342) (5053,353) (5046,365) (5045,373) (5051,367) (5065,360) (5076,348) (5080,346) (5087,339) (5091,328) (5090,327) (5083,330) (5079,333)
add_area 31029189 'loytananjarvi'  (4375,746) (4367,740) (4360,743) (4356,741) (4357,739) (4341,727) (4344,719) (4350,716) (4361,694) (4360,682) (4370,662) (4369,654) (4357,653) (4348,656) (4330,682) (4328,697) (4316,716) (4313,725) (4315,732) (4311,740) (4291,759) (4271,785) (4249,797) (4222,822) (4223,827) (4238,825) (4237,829) (4240,834) (4230,854) (4224,860) (4223,870) (4213,876) (4213,881) (4223,883) (4220,894) (4223,897) (4228,898) (4231,901) (4237,899) (4242,896) (4245,889) (4231,880) (4236,869) (4233,869) (4231,864) (4237,860) (4243,862) (4241,867) (4246,870) (4252,870) (4275,861) (4280,856) (4280,852) (4277,852) (4279,845) (4277,840) (4269,842) (4275,836) (4276,837) (4300,822) (4326,810) (4327,812) (4321,815) (4315,825) (4306,830) (4300,840) (4299,850) (4308,874) (4315,873) (4316,875) (4325,872) (4345,845) (4355,836) (4352,818) (4360,790) (4359,773) (4376,749) (4375,746)
add_area 156823 'ylojarvi'  (1326,579) (1585,451) (1639,459) (1797,617) (1739,672) (1595,705) (1615,888) (1810,741) (1789,924) (1947,1130) (1944,1184) (2097,1175) (2131,1247) (2436,1197) (2836,1275) (2679,1683) (2322,1653) (2260,1718) (2359,1778) (2328,1824) (2234,1766) (2146,1779) (2093,1901) (1970,1835) (1937,1890) (1853,1878) (1846,2042) (1783,2176) (1720,2189) (1724,2280) (1683,2338) (1626,2366) (1590,2337) (1523,2402) (1180,2521) (828,2724) (741,2846) (728,3063) (767,3050) (747,3096) (843,3353) (751,3503) (762,3711) (621,4081) (422,4079) (395,4139) (213,4209) (105,4479) (159,4517) (175,4614) (1307,4614) (2061,4110) (2216,4225) (2521,3634) (2674,3650) (3051,3287) (3233,2914) (3368,2960) (3621,2724) (3676,2533) (3918,2126) (4171,1809) (3999,1547) (4046,1468) (4141,1467) (3952,1300) (4038,995) (3952,937) (3939,754) (3897,710) (3956,675) (3970,497) (4192,233) (4207,0) (1602,0) (1157,329) (1326,579)
add_area 135370280 '-'  (2273,4611) (2276,4608) (2277,4603) (2274,4602) (2272,4595) (2275,4590) (2279,4587) (2279,4582) (2274,4581) (2268,4582) (2263,4581) (2257,4582) (2250,4589) (2242,4592) (2234,4599) (2201,4606) (2189,4604) (2179,4610) (2174,4614) (2269,4614) (2273,4611)
add_area 135370281 'hirvisaari'  (2256,4609) (2254,4607) (2243,4610) (2238,4614) (2254,4614) (2256,4609)
add_area 135370282 '-'  (2231,4609) (2236,4606) (2235,4605) (2230,4608) (2231,4609)
add_area 161684512 '-'  (3337,4503) (3341,4502) (3345,4502) (3359,4500) (3359,4503) (3366,4503) (3381,4498) (3382,4495) (3376,4493) (3353,4497) (3351,4498) (3347,4498) (3345,4499) (3338,4500) (3337,4503)
add_area 161684526 '-'  (3353,4509) (3356,4508) (3356,4506) (3352,4507) (3350,4509) (3353,4509)
add_area 161684513 '-'  (3346,4480) (3350,4477) (3349,4476) (3346,4479) (3346,4480)
add_area 161684514 '-'  (3362,4484) (3364,4484) (3363,4481) (3360,4483) (3362,4484)
add_area 161684519 '-'  (3328,4485) (3335,4480) (3334,4478) (3326,4483) (3328,4485)
add_area 161684523 '-'  (3293,4479) (3291,4483) (3295,4486) (3302,4478) (3298,4475) (3293,4479)
add_area 161684518 '-'  (3323,4528) (3331,4525) (3331,4524) (3326,4525) (3323,4528)
add_area 161684522 '-'  (3310,4502) (3316,4500) (3316,4499) (3312,4499) (3309,4501) (3310,4502)
add_area 161684525 '-'  (3299,4500) (3298,4503) (3299,4503) (3304,4499) (3300,4499) (3299,4500)
add_area 161684515 '-'  (3247,4408) (3248,4408) (3249,4406) (3246,4407) (3247,4408)
add_area 161684516 '-'  (3244,4411) (3246,4411) (3247,4410) (3245,4409) (3244,4411)
add_area 161684520 '-'  (3229,4420) (3231,4420) (3233,4417) (3230,4417) (3229,4420)
add_area 161684524 '-'  (3240,4567) (3242,4568) (3244,4566) (3243,4564) (3238,4567) (3240,4567)
add_area 161684521 '-'  (3242,4545) (3243,4546) (3244,4546) (3247,4540) (3245,4539) (3242,4545)
add_area 162763339 '-'  (3048,4573) (3053,4573) (3055,4570) (3057,4568) (3052,4568) (3048,4573)
add_area 161684530 '-'  (3226,4563) (3226,4564) (3225,4566) (3226,4566) (3230,4563) (3229,4560) (3226,4561) (3224,4564) (3226,4563)
add_area 135505787 '-'  (2711,4582) (2714,4578) (2711,4577) (2709,4581) (2711,4582)
add_area 135505789 '-'  (2635,4602) (2638,4597) (2637,4596) (2633,4600) (2635,4602)
add_area 135505795 '-'  (2721,4478) (2723,4479) (2726,4475) (2724,4475) (2723,4474) (2721,4478)
add_area 161465089 '-'  (2944,4409) (2948,4407) (2951,4403) (2949,4403) (2946,4404) (2943,4409) (2944,4409)
add_area 161465080 '-'  (2929,4436) (2933,4433) (2933,4431) (2928,4433) (2929,4436)
add_area 161465076 '-'  (2909,4468) (2918,4464) (2918,4461) (2908,4463) (2909,4468)
add_area 161465082 '-'  (2860,4496) (2867,4487) (2865,4483) (2861,4485) (2859,4491) (2855,4496) (2860,4496)
add_area 161465079 '-'  (2793,4486) (2795,4486) (2797,4484) (2796,4483) (2793,4486)
add_area 296980 'vaskivesi'  (3331,4614) (3350,4588) (3317,4596) (3313,4583) (3280,4611) (3268,4584) (3327,4560) (3339,4518) (3397,4491) (3365,4482) (3396,4455) (3369,4452) (3371,4438) (3445,4417) (3448,4390) (3430,4396) (3465,4355) (3362,4368) (3324,4402) (3318,4376) (3254,4415) (3255,4392) (3212,4390) (3183,4435) (3150,4402) (3091,4435) (3103,4446) (3082,4468) (3095,4474) (3064,4512) (3009,4483) (2939,4488) (2896,4536) (2903,4577) (2887,4591) (2860,4580) (2866,4551) (2848,4536) (2970,4423) (2945,4419) (2948,4394) (2883,4431) (2880,4464) (2843,4481) (2858,4507) (2842,4516) (2805,4492) (2838,4458) (2749,4480) (2789,4414) (2693,4488) (2705,4505) (2663,4517) (2670,4559) (2587,4614) (2796,4614) (2806,4600) (2820,4614) (3331,4614)
add_area 29350593 'pirttijarvi'  (2763,4318) (2761,4317) (2757,4321) (2754,4321) (2753,4316) (2755,4313) (2753,4309) (2754,4300) (2759,4293) (2762,4284) (2769,4276) (2778,4270) (2778,4269) (2772,4271) (2772,4267) (2775,4265) (2777,4262) (2780,4259) (2779,4257) (2774,4259) (2769,4255) (2768,4251) (2778,4238) (2776,4234) (2779,4225) (2779,4222) (2773,4223) (2768,4221) (2767,4217) (2765,4217) (2764,4220) (2760,4221) (2754,4226) (2753,4233) (2757,4239) (2752,4246) (2747,4248) (2740,4258) (2741,4266) (2736,4269) (2736,4274) (2735,4277) (2738,4280) (2736,4290) (2732,4296) (2725,4301) (2719,4302) (2716,4307) (2717,4314) (2713,4322) (2706,4330) (2700,4342) (2702,4344) (2710,4342) (2711,4345) (2705,4358) (2705,4361) (2707,4361) (2713,4358) (2716,4355) (2717,4357) (2724,4355) (2725,4350) (2731,4341) (2737,4340) (2747,4336) (2748,4334) (2754,4329) (2765,4325) (2766,4323) (2763,4318)
add_area 135429520 '-'  (2721,4335) (2725,4335) (2730,4331) (2734,4326) (2729,4326) (2726,4328) (2721,4335)
add_area 135429517 '-'  (2726,4315) (2730,4316) (2738,4311) (2737,4307) (2733,4307) (2727,4310) (2726,4315)
add_area 147305302 '-'  (887,3787) (889,3788) (894,3780) (893,3779) (888,3781) (887,3787)
add_area 163602364 '-'  (657,3880) (659,3880) (661,3875) (659,3874) (657,3880)
add_area 163602367 '-'  (556,4144) (557,4143) (558,4142) (557,4142) (556,4143) (556,4144)
add_area 163602368 '-'  (562,4150) (568,4150) (569,4151) (570,4150) (571,4148) (566,4149) (563,4149) (562,4150)
add_area 163602370 '-'  (549,4189) (551,4189) (553,4188) (553,4187) (554,4186) (551,4187) (549,4189)
add_area 163602366 '-'  (530,4299) (533,4297) (533,4296) (530,4297) (530,4299)
add_area 147305304 '-'  (895,3691) (894,3695) (898,3692) (899,3690) (898,3689) (895,3691)
add_area 163602365 '-'  (831,3347) (832,3346) (830,3345) (828,3346) (831,3347)
add_area 163602371 '-'  (823,3350) (820,3356) (826,3357) (829,3353) (830,3348) (827,3347) (823,3350)
add_area 159627793 '-'  (730,4120) (732,4119) (732,4116) (730,4117) (730,4120)
add_area 159627806 '-'  (705,4112) (706,4114) (707,4112) (707,4110) (708,4107) (707,4109) (705,4109) (705,4112)
add_area 159627798 '-'  (685,4120) (687,4119) (691,4115) (689,4113) (686,4116) (685,4120)
add_area 159627796 '-'  (669,4118) (670,4121) (675,4114) (671,4115) (669,4118)
add_area 159627782 '-'  (642,4111) (645,4112) (643,4118) (644,4121) (647,4116) (654,4114) (655,4108) (654,4104) (647,4110) (645,4109) (642,4111)
add_area 159627800 '-'  (647,4082) (644,4084) (645,4088) (649,4084) (651,4077) (647,4082)
add_area 159627797 '-'  (593,4278) (596,4277) (597,4272) (595,4274) (594,4274) (593,4278)
add_area 159627795 '-'  (659,4068) (659,4068) (662,4064) (661,4063) (659,4068)
add_area 159627794 '-'  (707,4168) (709,4166) (709,4164) (708,4165) (707,4167) (707,4168)
add_area 159627803 '-'  (742,4025) (742,4027) (739,4031) (739,4032) (744,4028) (746,4023) (743,4023) (742,4025)
add_area 159627799 '-'  (773,3945) (773,3947) (781,3944) (782,3941) (776,3943) (773,3945)
add_area 637069650 '-'  (855,3549) (857,3548) (858,3547) (855,3547) (853,3549) (853,3550) (855,3549)
add_area 637069648 'ahvensaari'  (846,3558) (847,3556) (847,3555) (845,3557) (846,3558)
add_area 637113131 'kiimasaari'  (497,4392) (497,4391) (496,4391) (495,4392) (496,4393) (497,4392)
add_area 299861 'aurejarvi'  (410,4537) (606,4322) (541,4354) (660,4120) (708,4118) (694,4206) (805,4092) (804,4056) (759,4056) (789,4000) (722,4002) (836,3837) (785,3844) (893,3800) (906,3712) (994,3675) (843,3709) (902,3581) (860,3557) (997,3468) (1001,3432) (961,3474) (969,3377) (916,3423) (931,3387) (886,3394) (920,3345) (855,3323) (866,3219) (899,3203) (877,3273) (909,3284) (965,3204) (874,3189) (846,3139) (772,3231) (701,3247) (734,3301) (678,3327) (738,3369) (660,3412) (670,3464) (609,3518) (617,3558) (677,3531) (684,3499) (720,3481) (732,3514) (694,3529) (738,3583) (648,3648) (714,3630) (734,3746) (667,3777) (671,3819) (710,3784) (703,3823) (657,3827) (674,3918) (451,4213) (554,4145) (511,4294) (437,4357) (522,4337) (441,4381) (477,4414) (410,4537)
add_area 23001912 'jakama'  (3331,1211) (3333,1215) (3357,1206) (3361,1209) (3374,1193) (3393,1181) (3410,1176) (3421,1182) (3448,1160) (3455,1166) (3459,1163) (3469,1148) (3515,1116) (3515,1112) (3501,1111) (3486,1121) (3494,1098) (3516,1087) (3522,1073) (3526,1079) (3543,1068) (3561,1046) (3565,1032) (3542,1057) (3519,1066) (3508,1077) (3517,1063) (3495,1076) (3477,1075) (3474,1081) (3464,1081) (3467,1075) (3454,1075) (3453,1068) (3429,1081) (3418,1075) (3425,1090) (3422,1108) (3414,1116) (3426,1117) (3443,1105) (3456,1105) (3441,1133) (3426,1145) (3402,1149) (3392,1164) (3377,1164) (3371,1171) (3357,1169) (3319,1197) (3311,1191) (3302,1193) (3289,1216) (3296,1217) (3296,1223) (3285,1232) (3282,1227) (3266,1232) (3257,1229) (3259,1238) (3253,1245) (3259,1249) (3254,1261) (3226,1283) (3222,1299) (3240,1299) (3287,1261) (3300,1264) (3304,1273) (3322,1253) (3303,1258) (3314,1243) (3308,1240) (3333,1221) (3329,1211) (3331,1207) (3357,1189) (3357,1198) (3331,1211)
add_area 308917294 '-'  (1621,177) (1622,179) (1624,177) (1623,175) (1622,175) (1621,177)
add_area 308917287 '-'  (1706,198) (1708,197) (1707,195) (1705,196) (1706,198)
add_area 30957377 '-'  (4603,1342) (4601,1344) (4601,1345) (4604,1343) (4609,1340) (4613,1340) (4627,1324) (4628,1322) (4618,1325) (4606,1337) (4603,1342) (4603,1342)
add_area 30957380 '-'  (4527,1384) (4527,1383) (4528,1380) (4524,1381) (4515,1386) (4515,1389) (4518,1390) (4522,1388) (4525,1389) (4527,1384)
add_area 30958912 '-'  (3865,1629) (3864,1632) (3865,1634) (3864,1637) (3866,1637) (3868,1636) (3868,1633) (3871,1631) (3870,1629) (3870,1628) (3872,1625) (3872,1622) (3874,1620) (3876,1610) (3872,1611) (3869,1615) (3865,1618) (3862,1625) (3865,1629)
add_area 116030174 '-'  (3773,767) (3776,764) (3777,762) (3772,765) (3769,769) (3770,770) (3773,767)
add_area 116030179 '-'  (3910,751) (3910,753) (3912,753) (3912,750) (3911,750) (3910,751)
add_area 116296294 '-'  (3537,1380) (3536,1381) (3539,1384) (3543,1383) (3544,1377) (3541,1375) (3536,1378) (3537,1380)
add_area 116296289 '-'  (3544,1391) (3546,1391) (3550,1385) (3550,1383) (3548,1384) (3547,1383) (3546,1383) (3542,1387) (3544,1391)
add_area 116296291 '-'  (3465,1375) (3466,1373) (3463,1373) (3461,1376) (3465,1375)
add_area 116296281 '-'  (3601,1379) (3603,1378) (3603,1375) (3598,1377) (3601,1379)
add_area 116296282 '-'  (3511,1490) (3511,1494) (3512,1495) (3516,1490) (3516,1487) (3513,1489) (3511,1490)
add_area 116296290 '-'  (3891,1091) (3895,1091) (3900,1085) (3903,1085) (3903,1083) (3901,1084) (3892,1090) (3891,1091)
add_area 116296293 '-'  (3718,1242) (3716,1248) (3714,1252) (3715,1253) (3716,1252) (3718,1254) (3715,1262) (3716,1264) (3721,1266) (3726,1262) (3729,1254) (3732,1251) (3734,1248) (3737,1245) (3740,1240) (3740,1235) (3737,1233) (3735,1229) (3732,1229) (3725,1234) (3720,1237) (3718,1242)
add_area 116296296 '-'  (3739,1174) (3742,1178) (3745,1178) (3751,1170) (3745,1168) (3739,1174)
add_area 116296285 '-'  (3860,1267) (3861,1263) (3858,1264) (3856,1267) (3860,1267)
add_area 116296284 '-'  (3832,1325) (3833,1323) (3830,1321) (3826,1324) (3818,1326) (3817,1324) (3812,1325) (3808,1323) (3799,1329) (3798,1331) (3801,1329) (3804,1331) (3806,1331) (3809,1334) (3815,1333) (3828,1335) (3836,1332) (3839,1329) (3832,1325)
add_area 133065925 '-'  (3428,1951) (3431,1948) (3431,1945) (3431,1945) (3429,1946) (3427,1949) (3428,1951)
add_area 133065920 '-'  (3539,1882) (3540,1877) (3538,1878) (3536,1880) (3538,1882) (3539,1882)
add_area 133065933 '-'  (3495,1944) (3497,1941) (3500,1936) (3498,1936) (3497,1938) (3495,1940) (3492,1945) (3495,1944)
add_area 133065940 '-'  (3710,1784) (3711,1786) (3710,1787) (3710,1789) (3712,1788) (3713,1788) (3716,1785) (3715,1784) (3717,1783) (3717,1780) (3714,1781) (3711,1783) (3710,1784)
add_area 147721946 '-'  (3873,1649) (3875,1647) (3874,1646) (3872,1649) (3873,1649)
add_area 147721943 '-'  (3865,1645) (3864,1644) (3863,1646) (3863,1647) (3865,1645)
add_area 147721949 '-'  (3857,1642) (3859,1642) (3861,1640) (3860,1639) (3856,1642) (3857,1642)
add_area 147721945 '-'  (3858,1625) (3859,1626) (3861,1623) (3860,1622) (3858,1625)
add_area 147721935 '-'  (3800,1601) (3795,1604) (3794,1607) (3798,1608) (3802,1604) (3803,1600) (3805,1600) (3807,1599) (3804,1598) (3804,1596) (3800,1599) (3800,1601)
add_area 147721953 '-'  (3842,1549) (3845,1547) (3847,1545) (3847,1543) (3844,1544) (3842,1547) (3842,1549)
add_area 147721942 '-'  (4019,1460) (4020,1457) (4016,1458) (4017,1460) (4019,1460)
add_area 147721934 '-'  (3860,1686) (3862,1687) (3860,1689) (3860,1691) (3864,1688) (3863,1687) (3865,1685) (3866,1684) (3864,1684) (3863,1685) (3861,1685) (3860,1686)
add_area 147954716 '-'  (4075,1120) (4080,1117) (4079,1116) (4074,1119) (4075,1120)
add_area 147954717 '-'  (4067,1102) (4070,1101) (4071,1100) (4068,1100) (4066,1101) (4067,1102)
add_area 147954722 '-'  (4045,1104) (4042,1104) (4039,1108) (4041,1110) (4045,1108) (4045,1107) (4046,1105) (4047,1101) (4046,1101) (4045,1104)
add_area 147954680 '-'  (4048,1100) (4048,1099) (4048,1098) (4050,1097) (4051,1095) (4053,1093) (4055,1089) (4055,1088) (4053,1087) (4051,1090) (4049,1091) (4049,1094) (4048,1096) (4047,1098) (4048,1100) (4048,1100)
add_area 147954719 '-'  (3724,1376) (3725,1377) (3728,1374) (3728,1371) (3726,1372) (3726,1374) (3724,1376)
add_area 147954715 '-'  (3730,1312) (3733,1311) (3734,1308) (3732,1308) (3730,1312)
add_area 147958792 '-'  (3994,826) (3993,827) (3993,830) (3994,830) (3994,828) (3996,828) (3999,822) (3999,821) (4001,818) (4000,818) (3999,820) (3995,824) (3994,826)
add_area 147961810 '-'  (4112,636) (4113,635) (4116,632) (4112,634) (4112,636)
add_area 147961806 '-'  (4096,641) (4093,643) (4095,644) (4093,650) (4098,646) (4099,644) (4101,643) (4101,641) (4103,639) (4103,638) (4097,642) (4096,641)
add_area 148168960 '-'  (4350,392) (4352,390) (4351,387) (4349,389) (4350,392)
add_area 148168964 '-'  (4369,381) (4367,383) (4368,388) (4375,385) (4373,382) (4373,379) (4369,381)
add_area 148168958 '-'  (4381,370) (4383,370) (4385,373) (4383,378) (4381,380) (4381,382) (4384,379) (4389,371) (4389,369) (4385,369) (4384,368) (4381,370)
add_area 148628050 '-'  (4356,212) (4360,209) (4369,206) (4369,203) (4364,203) (4355,210) (4356,212)
add_area 148628044 '-'  (4447,11) (4450,12) (4452,9) (4449,6) (4446,8) (4447,11)
add_area 148628051 '-'  (4454,34) (4454,39) (4459,35) (4460,32) (4458,30) (4454,34) (4454,34)
add_area 148628052 '-'  (4447,34) (4450,36) (4452,36) (4452,35) (4452,33) (4450,33) (4447,34)
add_area 148628046 '-'  (4348,32) (4349,35) (4353,31) (4353,30) (4350,30) (4348,32)
add_area 148628049 '-'  (4373,15) (4375,16) (4377,15) (4380,12) (4379,10) (4374,14) (4373,15)
add_area 148628040 '-'  (4300,171) (4308,168) (4308,165) (4300,168) (4300,171)
add_area 150111874 '-'  (4562,1361) (4566,1361) (4568,1356) (4566,1356) (4564,1358) (4562,1361)
add_area 150111865 'solkiankari'  (4337,1400) (4340,1399) (4340,1397) (4336,1399) (4337,1400)
add_area 150111885 '-'  (4363,1590) (4363,1594) (4365,1590) (4366,1593) (4369,1591) (4367,1589) (4365,1586) (4360,1589) (4363,1590)
add_area 150111868 '-'  (4354,1599) (4352,1600) (4352,1602) (4355,1601) (4356,1602) (4358,1603) (4359,1607) (4361,1606) (4362,1602) (4362,1601) (4361,1601) (4362,1595) (4362,1594) (4359,1595) (4358,1596) (4355,1596) (4354,1595) (4353,1596) (4354,1599)
add_area 150111876 '-'  (4349,1607) (4350,1613) (4353,1614) (4353,1614) (4355,1613) (4357,1608) (4355,1606) (4353,1606) (4353,1605) (4350,1605) (4349,1607)
add_area 150403349 '-'  (4027,1794) (4030,1791) (4030,1789) (4026,1792) (4027,1794)
add_area 794253962 '-'  (4177,1217) (4180,1216) (4183,1215) (4186,1213) (4186,1211) (4185,1212) (4182,1212) (4179,1212) (4176,1216) (4177,1217)
add_area 794253963 '-'  (4173,1216) (4176,1215) (4178,1212) (4178,1211) (4175,1212) (4173,1213) (4173,1216)
add_area 794253961 '-'  (4187,1217) (4188,1216) (4189,1216) (4189,1215) (4187,1214) (4187,1213) (4184,1216) (4187,1217)
add_area 796240752 '-'  (4068,981) (4069,979) (4067,980) (4066,982) (4068,981)
add_area 796240751 '-'  (4076,958) (4075,958) (4075,958) (4074,958) (4074,961) (4076,958)
add_area 796240750 '-'  (4002,883) (4001,883) (4001,884) (4002,883)
add_area 445107 'nasijarvi'  (3282,7) (3041,86) (3325,210) (4001,36) (4070,234) (3868,498) (3820,450) (3689,524) (3858,545) (3670,819) (3919,774) (3843,1088) (3567,1292) (3485,1232) (3594,1153) (3392,1262) (3494,1271) (3462,1460) (3559,1421) (3481,1540) (3701,1360) (3962,1477) (3828,1527) (3819,1734) (3456,1953) (3312,1883) (3350,2109) (4330,1554) (4334,1676) (4420,1448) (4684,1302) (4398,1397) (4459,1176) (4232,1373) (4092,1335) (4192,1213) (4038,1289) (4096,955) (3951,739) (4056,641) (4108,818) (4183,788) (4320,596) (4152,697) (4180,499) (4156,534) (4042,564) (4013,609) (3999,605) (4177,356) (4401,446) (4878,43) (4346,292) (4337,114) (4553,9) (3282,7)
add_area 29350406 '-'  (2115,4610) (2110,4614) (2122,4614) (2126,4610) (2126,4607) (2124,4606) (2120,4609) (2115,4610)
add_area 160376049 '-'  (2115,4586) (2116,4584) (2120,4582) (2123,4580) (2124,4577) (2129,4574) (2131,4568) (2133,4565) (2134,4563) (2127,4565) (2117,4571) (2116,4574) (2112,4577) (2110,4580) (2106,4585) (2107,4589) (2108,4590) (2111,4588) (2114,4588) (2115,4586)
add_area 160376053 '-'  (2136,4612) (2135,4614) (2137,4614) (2136,4612)
add_area 114997689 'koikeroinen'  (2816,172) (2840,165) (2841,168) (2847,167) (2845,160) (2856,141) (2826,158) (2808,162) (2801,155) (2793,154) (2782,161) (2755,160) (2755,173) (2732,186) (2706,220) (2707,209) (2699,213) (2662,259) (2687,249) (2701,225) (2724,208) (2746,203) (2751,210) (2760,205) (2765,197) (2757,192) (2759,184) (2774,172) (2783,175) (2790,170) (2797,173) (2788,189) (2781,213) (2795,213) (2806,224) (2812,223) (2807,231) (2788,243) (2777,257) (2774,268) (2781,275) (2818,234) (2837,224) (2839,219) (2874,195) (2879,195) (2879,200) (2886,206) (2897,202) (2932,205) (2938,185) (2952,173) (2925,180) (2911,192) (2897,192) (2897,185) (2915,164) (2914,160) (2872,173) (2863,171) (2857,178) (2851,194) (2841,204) (2818,216) (2808,207) (2791,204) (2794,196) (2816,172)
add_area 114997716 '-'  (2900,174) (2902,173) (2904,172) (2904,169) (2901,171) (2900,174)
add_area 114997713 '-'  (2865,189) (2868,188) (2869,188) (2868,186) (2866,187) (2865,189)
add_area 116194264 'kuusjarvi'  (3463,852) (3468,820) (3456,808) (3443,812) (3442,802) (3433,804) (3432,790) (3403,811) (3390,807) (3374,824) (3381,829) (3400,819) (3402,847) (3377,871) (3367,901) (3338,943) (3334,947) (3334,939) (3319,940) (3303,948) (3295,939) (3273,954) (3328,958) (3329,985) (3336,985) (3330,992) (3328,1028) (3347,1003) (3338,1000) (3342,993) (3356,991) (3358,980) (3358,985) (3370,984) (3381,970) (3386,975) (3397,969) (3392,964) (3412,929) (3426,913) (3442,913) (3436,932) (3403,967) (3414,997) (3387,1013) (3379,1010) (3383,993) (3373,998) (3377,1011) (3349,1026) (3355,1039) (3345,1062) (3359,1045) (3412,1020) (3434,999) (3437,1026) (3452,1025) (3461,1042) (3468,1035) (3467,1046) (3492,1031) (3519,988) (3496,960) (3450,994) (3461,972) (3451,971) (3452,961) (3464,936) (3481,928) (3487,935) (3509,931) (3525,917) (3507,919) (3530,898) (3508,904) (3519,883) (3483,871) (3463,852)
add_area 116194300 '-'  (3436,997) (3438,997) (3438,995) (3437,995) (3436,997)
add_area 116194191 '-'  (3470,1032) (3471,1033) (3471,1034) (3472,1034) (3473,1031) (3471,1030) (3470,1032)
add_area 116194295 '-'  (3335,1009) (3337,1011) (3339,1010) (3341,1007) (3340,1003) (3337,1003) (3335,1009)
add_area 120456719 'parkusjarvi'  (3117,886) (3112,888) (3100,899) (3098,897) (3087,902) (3072,916) (3068,921) (3067,927) (3048,954) (3049,955) (3052,954) (3052,956) (3049,959) (3048,958) (3048,956) (3045,957) (3020,991) (3005,996) (2998,1004) (2991,1008) (2979,1025) (2980,1031) (2987,1032) (2992,1036) (2993,1032) (3002,1026) (3015,1024) (3015,1022) (3011,1020) (3013,1011) (3015,1010) (3015,1011) (3033,997) (3039,997) (3042,992) (3048,988) (3053,981) (3053,976) (3069,968) (3072,957) (3078,954) (3079,950) (3088,943) (3091,936) (3094,937) (3094,940) (3100,939) (3117,926) (3119,921) (3118,919) (3111,919) (3102,926) (3099,920) (3105,914) (3107,905) (3109,899) (3115,895) (3122,885) (3117,886)
add_area 120858565 'kalliojarvi'  (2661,789) (2663,790) (2671,788) (2674,793) (2675,796) (2678,800) (2684,802) (2687,803) (2692,803) (2693,804) (2690,807) (2691,809) (2694,810) (2697,809) (2702,807) (2709,805) (2715,798) (2717,793) (2729,776) (2734,771) (2733,769) (2723,775) (2717,782) (2709,783) (2700,785) (2697,784) (2692,788) (2682,789) (2679,787) (2675,784) (2675,782) (2675,782) (2673,782) (2673,781) (2670,781) (2665,784) (2661,787) (2661,789)
add_area 120858607 '-'  (2700,788) (2703,788) (2704,787) (2704,785) (2701,786) (2700,788)
add_area 120858609 '-'  (2695,802) (2695,804) (2697,804) (2700,802) (2701,797) (2699,797) (2697,801) (2695,802)
add_area 121160868 'pitkajarvi'  (2481,1250) (2475,1272) (2469,1285) (2467,1297) (2458,1307) (2453,1307) (2449,1309) (2446,1306) (2443,1309) (2446,1314) (2455,1317) (2450,1330) (2450,1334) (2444,1339) (2439,1346) (2440,1350) (2420,1366) (2418,1372) (2414,1369) (2417,1365) (2415,1363) (2406,1371) (2405,1374) (2413,1370) (2418,1378) (2415,1385) (2410,1386) (2405,1393) (2405,1389) (2400,1385) (2400,1381) (2394,1381) (2396,1379) (2394,1375) (2392,1376) (2390,1385) (2398,1384) (2398,1387) (2403,1391) (2401,1399) (2405,1399) (2416,1389) (2428,1389) (2446,1369) (2448,1371) (2451,1370) (2457,1364) (2469,1360) (2466,1351) (2472,1341) (2462,1338) (2466,1328) (2473,1319) (2478,1316) (2481,1310) (2487,1305) (2500,1301) (2508,1292) (2509,1287) (2506,1286) (2498,1292) (2491,1291) (2491,1287) (2489,1287) (2488,1284) (2495,1269) (2490,1270) (2489,1264) (2485,1261) (2486,1250) (2484,1246) (2481,1250)
add_area 121160867 '-'  (2447,1356) (2444,1359) (2442,1359) (2439,1362) (2437,1362) (2434,1365) (2439,1369) (2447,1365) (2450,1365) (2451,1363) (2450,1361) (2451,1357) (2447,1356)
add_area 114997724 'karhejarvi'  (2311,301) (2289,337) (2281,320) (2288,311) (2275,302) (2267,305) (2240,334) (2244,342) (2220,357) (2220,374) (2244,354) (2252,356) (2252,365) (2261,365) (2232,389) (2209,423) (2193,422) (2181,433) (2177,462) (2191,465) (2202,442) (2279,380) (2336,317) (2344,323) (2366,313) (2368,300) (2359,297) (2368,280) (2386,273) (2379,271) (2380,258) (2435,223) (2474,167) (2509,135) (2522,125) (2560,131) (2587,120) (2579,109) (2625,42) (2632,44) (2634,81) (2668,83) (2645,99) (2645,117) (2634,131) (2651,136) (2663,132) (2662,123) (2681,103) (2728,77) (2742,77) (2756,89) (2761,65) (2796,38) (2790,34) (2709,82) (2710,70) (2701,78) (2692,74) (2704,54) (2659,60) (2645,40) (2613,39) (2623,21) (2644,13) (2641,2) (2578,0) (2550,51) (2522,83) (2441,118) (2423,160) (2427,167) (2443,160) (2412,198) (2407,220) (2386,237) (2374,256) (2379,259) (2318,305) (2311,301)
add_area 121269874 '-'  (2280,353) (2275,359) (2272,363) (2273,364) (2282,361) (2288,352) (2292,349) (2296,341) (2294,339) (2291,340) (2288,344) (2285,351) (2280,353)
add_area 121269878 'kitarinjarvi'  (2532,285) (2526,286) (2524,281) (2510,293) (2503,296) (2487,317) (2488,319) (2492,318) (2493,321) (2498,321) (2501,327) (2505,323) (2509,323) (2507,330) (2510,335) (2507,339) (2504,354) (2479,383) (2473,386) (2471,392) (2472,393) (2475,394) (2483,387) (2486,387) (2489,388) (2496,380) (2496,375) (2499,371) (2507,369) (2510,380) (2513,380) (2514,376) (2517,374) (2519,375) (2517,380) (2518,385) (2515,390) (2516,392) (2519,393) (2523,398) (2527,398) (2536,396) (2544,387) (2543,383) (2547,376) (2546,369) (2549,364) (2557,360) (2568,363) (2576,353) (2578,349) (2574,339) (2570,337) (2571,331) (2577,325) (2580,320) (2581,315) (2580,312) (2577,310) (2571,313) (2568,312) (2561,301) (2557,299) (2539,297) (2535,286) (2532,285)
add_area 1670949 'ruovesi'  (6671,1825) (6465,1661) (6326,1603) (6144,1335) (5591,1229) (5558,980) (5473,989) (5103,916) (4454,1243) (4141,1467) (4061,1462) (4021,1487) (3999,1547) (4132,1716) (4171,1809) (4093,1947) (3918,2126) (3676,2533) (3621,2724) (3368,2960) (3233,2914) (3051,3287) (2674,3650) (2521,3634) (2282,4152) (2253,4149) (2216,4225) (2340,4326) (2595,4198) (2693,4264) (2745,4264) (2707,4526) (2757,4592) (2885,4589) (2907,4614) (3950,4614) (4106,4533) (4278,4526) (4432,4376) (4434,4296) (4627,4191) (4790,4350) (4947,4220) (4990,4356) (5162,4137) (5393,4150) (5488,3907) (5549,3909) (5651,3783) (5496,3721) (5730,3618) (5847,3466) (5810,3454) (5705,3512) (5683,3471) (5647,3465) (5649,3424) (5776,3319) (5981,3240) (5965,3194) (5910,3190) (6157,2858) (6418,2733) (6435,2771) (6667,2518) (6599,2472) (6701,2317) (6701,1814) (6671,1825)
add_area 128133096 'majakari'  (4560,4175) (4560,4176) (4559,4178) (4562,4177) (4564,4177) (4566,4177) (4568,4176) (4571,4175) (4571,4174) (4571,4173) (4572,4172) (4571,4171) (4570,4171) (4568,4170) (4564,4171) (4562,4172) (4560,4174) (4560,4175)
add_area 124801337 '-'  (4421,4346) (4422,4347) (4423,4347) (4424,4346) (4425,4345) (4427,4344) (4425,4344) (4425,4343) (4424,4343) (4423,4343) (4422,4344) (4421,4346) (4421,4346)
add_area 124801350 '-'  (4448,4326) (4448,4327) (4448,4327) (4449,4327) (4451,4326) (4451,4325) (4450,4325) (4449,4325) (4449,4326) (4448,4326)
add_area 124801334 'kuorekari'  (4458,4328) (4459,4330) (4460,4330) (4461,4330) (4463,4329) (4464,4327) (4463,4326) (4462,4326) (4461,4326) (4460,4326) (4458,4327) (4458,4328)
add_area 124801346 '-'  (4595,4261) (4596,4261) (4596,4260) (4595,4260) (4595,4260) (4594,4260) (4595,4260) (4595,4261) (4595,4261)
add_area 124801352 '-'  (4630,4261) (4630,4261) (4631,4261) (4632,4260) (4632,4259) (4631,4259) (4631,4259) (4631,4259) (4630,4260) (4630,4261)
add_area 124805498 '-'  (4410,4399) (4411,4398) (4412,4396) (4412,4396) (4411,4395) (4411,4396) (4410,4397) (4409,4398) (4410,4399)
add_area 124805484 '-'  (4381,4421) (4381,4422) (4381,4424) (4381,4425) (4381,4427) (4382,4427) (4383,4426) (4384,4425) (4385,4423) (4386,4420) (4386,4418) (4385,4418) (4383,4419) (4382,4421) (4381,4421)
add_area 124805482 '-'  (4360,4419) (4360,4419) (4360,4420) (4361,4421) (4361,4421) (4362,4420) (4361,4419) (4361,4419) (4360,4418) (4359,4418) (4360,4419)
add_area 124805497 '-'  (4304,4326) (4304,4326) (4305,4326) (4305,4327) (4305,4328) (4306,4328) (4308,4328) (4308,4328) (4307,4330) (4309,4330) (4309,4329) (4311,4327) (4312,4326) (4313,4325) (4313,4324) (4314,4324) (4315,4323) (4316,4324) (4316,4325) (4317,4327) (4320,4327) (4322,4326) (4324,4325) (4325,4325) (4326,4323) (4326,4322) (4326,4321) (4326,4320) (4325,4319) (4325,4319) (4325,4318) (4324,4317) (4323,4316) (4321,4317) (4320,4318) (4319,4318) (4317,4318) (4316,4319) (4315,4320) (4314,4320) (4313,4320) (4311,4321) (4309,4322) (4309,4322) (4308,4323) (4307,4324) (4306,4324) (4306,4324) (4304,4325) (4304,4326)
add_area 124805489 '-'  (4345,4303) (4346,4304) (4347,4304) (4347,4304) (4348,4305) (4349,4305) (4349,4305) (4350,4306) (4350,4306) (4351,4307) (4351,4306) (4352,4306) (4352,4305) (4351,4304) (4351,4304) (4350,4303) (4350,4303) (4349,4303) (4349,4303) (4348,4302) (4347,4302) (4346,4302) (4345,4303)
add_area 124805486 '-'  (4599,4287) (4599,4288) (4600,4288) (4601,4288) (4602,4289) (4603,4290) (4604,4290) (4605,4289) (4605,4287) (4605,4286) (4605,4285) (4604,4286) (4603,4286) (4602,4287) (4602,4287) (4601,4286) (4600,4286) (4599,4287) (4599,4287)
add_area 124809631 '-'  (4221,4307) (4221,4308) (4221,4308) (4220,4309) (4219,4310) (4220,4311) (4221,4310) (4221,4310) (4221,4309) (4222,4308) (4222,4307) (4223,4307) (4222,4306) (4222,4306) (4221,4307) (4221,4307)
add_area 124809636 '-'  (4150,4378) (4150,4379) (4151,4379) (4152,4378) (4151,4377) (4151,4377) (4150,4378) (4150,4378)
add_area 124845808 '-'  (4724,4563) (4724,4563) (4725,4563) (4725,4562) (4725,4561) (4725,4560) (4725,4560) (4724,4561) (4724,4563)
add_area 124845806 '-'  (4063,4554) (4063,4555) (4063,4556) (4063,4557) (4064,4557) (4065,4556) (4067,4556) (4068,4555) (4069,4554) (4070,4553) (4071,4552) (4071,4551) (4070,4551) (4069,4551) (4068,4552) (4067,4552) (4066,4552) (4065,4552) (4064,4552) (4064,4553) (4064,4554) (4063,4554)
add_area 124877362 '-'  (4088,4542) (4089,4542) (4090,4541) (4091,4541) (4092,4540) (4092,4539) (4092,4539) (4091,4539) (4091,4540) (4090,4540) (4089,4541) (4088,4542) (4088,4542)
add_area 124879111 '-'  (3911,4585) (3912,4585) (3912,4585) (3913,4585) (3914,4585) (3915,4584) (3914,4583) (3914,4583) (3913,4583) (3913,4584) (3912,4584) (3911,4584) (3911,4585)
add_area 124879116 '-'  (4016,4517) (4016,4518) (4016,4519) (4016,4519) (4017,4519) (4018,4518) (4019,4518) (4019,4518) (4019,4518) (4020,4517) (4020,4516) (4020,4515) (4020,4514) (4020,4514) (4020,4513) (4020,4514) (4019,4514) (4019,4515) (4018,4515) (4018,4515) (4017,4516) (4016,4517) (4016,4517) (4016,4517)
add_area 124879110 '-'  (4031,4512) (4031,4512) (4032,4512) (4033,4511) (4034,4510) (4034,4509) (4034,4509) (4033,4510) (4032,4510) (4031,4511) (4031,4511) (4031,4512)
add_area 124879113 '-'  (4040,4507) (4039,4508) (4039,4508) (4038,4509) (4038,4510) (4038,4510) (4039,4510) (4040,4509) (4041,4509) (4041,4508) (4041,4507) (4041,4507) (4040,4506) (4040,4506) (4040,4506) (4040,4507)
add_area 124879112 '-'  (4045,4499) (4045,4500) (4046,4500) (4047,4499) (4048,4498) (4048,4498) (4048,4497) (4048,4497) (4047,4497) (4047,4497) (4046,4498) (4045,4499) (4045,4499)
add_area 124879117 '-'  (4492,4524) (4491,4525) (4492,4525) (4493,4525) (4493,4526) (4492,4527) (4492,4527) (4492,4528) (4493,4528) (4493,4527) (4494,4527) (4495,4526) (4496,4526) (4497,4527) (4498,4527) (4499,4526) (4500,4526) (4500,4525) (4499,4525) (4499,4525) (4499,4524) (4500,4523) (4500,4522) (4500,4522) (4499,4521) (4498,4522) (4498,4521) (4497,4521) (4497,4520) (4497,4520) (4496,4521) (4496,4521) (4495,4522) (4495,4522) (4495,4522) (4494,4523) (4493,4523) (4493,4524) (4492,4524)
add_area 125006700 '-'  (4586,4052) (4586,4053) (4586,4053) (4587,4053) (4587,4053) (4588,4052) (4589,4052) (4589,4052) (4590,4050) (4590,4050) (4590,4050) (4590,4049) (4589,4049) (4589,4049) (4588,4049) (4587,4049) (4587,4050) (4587,4051) (4587,4051) (4586,4052)
add_area 211581453 '-'  (3536,4609) (3539,4606) (3535,4608) (3534,4607) (3532,4608) (3532,4610) (3536,4609)
add_area 211476256 '-'  (5362,3078) (5363,3079) (5366,3079) (5367,3076) (5363,3077) (5362,3078)
add_area 211476243 '-'  (5414,2962) (5415,2961) (5413,2961) (5413,2962) (5414,2962)
add_area 211476271 '-'  (5403,2970) (5404,2971) (5405,2972) (5407,2971) (5407,2970) (5405,2970) (5405,2969) (5403,2970)
add_area 211476242 '-'  (5402,2973) (5403,2973) (5403,2972) (5402,2972) (5402,2973)
add_area 211476201 '-'  (5401,2968) (5404,2966) (5407,2966) (5408,2965) (5405,2966) (5405,2964) (5403,2964) (5404,2963) (5403,2962) (5401,2964) (5401,2966) (5400,2968) (5401,2968)
add_area 306675371 'puukkokari'  (5180,3008) (5185,3004) (5184,3003) (5182,3004) (5180,3007) (5180,3008)
add_area 306675368 '-'  (5167,3035) (5170,3031) (5169,3031) (5165,3035) (5167,3035)
add_area 306675375 'selkikari'  (5029,2905) (5030,2903) (5030,2902) (5028,2905) (5029,2905)
add_area 27096797 '-'  (4882,3193) (4877,3196) (4875,3200) (4879,3200) (4884,3196) (4882,3193)
add_area 150840885 '-'  (4741,3227) (4741,3227) (4742,3227) (4742,3227) (4742,3226) (4741,3226) (4741,3226) (4741,3227) (4741,3227)
add_area 150840851 '-'  (4743,3231) (4744,3232) (4745,3232) (4746,3232) (4747,3232) (4748,3232) (4748,3232) (4747,3231) (4747,3231) (4747,3230) (4747,3230) (4747,3229) (4746,3229) (4746,3229) (4745,3230) (4744,3230) (4744,3230) (4743,3230) (4743,3231) (4743,3231)
add_area 150840847 '-'  (4749,3230) (4750,3231) (4750,3231) (4751,3231) (4752,3230) (4753,3230) (4753,3230) (4754,3230) (4754,3229) (4754,3229) (4753,3228) (4753,3229) (4752,3229) (4751,3229) (4750,3229) (4750,3229) (4749,3230) (4749,3230)
add_area 150845345 '-'  (4588,3260) (4588,3260) (4589,3260) (4590,3260) (4591,3260) (4592,3259) (4592,3259) (4592,3259) (4591,3259) (4590,3259) (4589,3259) (4588,3259) (4588,3260)
add_area 133373990 '-'  (4728,3349) (4729,3349) (4732,3347) (4731,3345) (4728,3347) (4728,3349)
add_area 306675374 'ruohokari'  (4591,3564) (4592,3564) (4593,3562) (4591,3562) (4591,3564) (4591,3564)
add_area 306675369 '-'  (4600,3577) (4601,3575) (4601,3574) (4600,3575) (4599,3574) (4600,3577)
add_area 133390378 '-'  (4690,3819) (4685,3819) (4684,3821) (4684,3825) (4683,3826) (4684,3827) (4687,3823) (4691,3820) (4690,3819)
add_area 150268665 '-'  (4706,3838) (4706,3838) (4706,3839) (4707,3839) (4707,3838) (4707,3838) (4707,3837) (4707,3837) (4707,3837) (4707,3837) (4706,3838) (4706,3838)
add_area 150268667 '-'  (4683,3853) (4683,3854) (4683,3854) (4684,3854) (4685,3853) (4685,3852) (4685,3852) (4686,3851) (4686,3850) (4685,3851) (4685,3851) (4685,3851) (4684,3852) (4683,3853) (4683,3853)
add_area 150268669 '-'  (4694,3856) (4694,3856) (4695,3857) (4695,3857) (4696,3857) (4696,3857) (4697,3856) (4697,3856) (4696,3856) (4696,3855) (4696,3855) (4695,3855) (4695,3856) (4694,3856) (4694,3856)
add_area 150268673 '-'  (4677,3866) (4677,3867) (4677,3867) (4677,3867) (4677,3867) (4678,3867) (4678,3868) (4678,3868) (4679,3868) (4679,3867) (4679,3867) (4679,3866) (4678,3866) (4678,3866) (4678,3866) (4677,3866) (4677,3866)
add_area 306636958 '-'  (4685,3884) (4685,3883) (4685,3882) (4683,3883) (4685,3884)
add_area 306636959 '-'  (4685,3913) (4686,3913) (4689,3909) (4688,3907) (4686,3909) (4685,3913)
add_area 125006708 '-'  (4636,3962) (4636,3963) (4636,3963) (4638,3963) (4639,3962) (4638,3960) (4639,3959) (4639,3958) (4640,3958) (4641,3956) (4640,3956) (4638,3957) (4638,3958) (4637,3959) (4636,3961) (4636,3962)
add_area 150262694 '-'  (4835,3845) (4836,3846) (4836,3845) (4837,3845) (4837,3844) (4837,3844) (4836,3844) (4835,3845) (4835,3845)
add_area 150262682 'nutikari'  (4842,3843) (4842,3844) (4843,3844) (4844,3844) (4845,3843) (4846,3842) (4847,3841) (4846,3841) (4846,3841) (4844,3841) (4844,3841) (4843,3842) (4842,3843)
add_area 150262683 'lehtisaari'  (4826,3885) (4826,3885) (4827,3885) (4827,3885) (4828,3886) (4828,3886) (4828,3886) (4829,3885) (4829,3884) (4829,3883) (4828,3883) (4828,3884) (4827,3885) (4826,3885)
add_area 144503427 '-'  (4996,3762) (4996,3762) (4996,3763) (4997,3762) (5000,3760) (5000,3760) (5000,3759) (5000,3757) (4999,3757) (5000,3756) (5000,3754) (4999,3754) (4997,3756) (4997,3759) (4994,3762) (4995,3762) (4996,3762)
add_area 144503440 '-'  (5010,3760) (5010,3759) (5010,3758) (5009,3758) (5009,3760) (5008,3761) (5009,3761) (5010,3760)
add_area 306636960 '-'  (4992,3653) (4994,3652) (4994,3651) (4993,3649) (4992,3651) (4992,3653)
add_area 150374536 '-'  (5257,3622) (5257,3623) (5257,3623) (5256,3625) (5256,3626) (5255,3627) (5256,3628) (5256,3628) (5257,3628) (5257,3627) (5258,3626) (5258,3624) (5259,3623) (5259,3622) (5258,3621) (5258,3621) (5257,3622) (5257,3622)
add_area 150374537 '-'  (5265,3626) (5265,3626) (5265,3626) (5265,3626) (5265,3627) (5265,3627) (5265,3627) (5265,3628) (5265,3629) (5265,3629) (5266,3629) (5267,3628) (5268,3627) (5268,3626) (5268,3625) (5267,3625) (5266,3625) (5266,3626) (5265,3626)
add_area 150374535 '-'  (5260,3631) (5260,3631) (5261,3631) (5261,3631) (5261,3630) (5261,3630) (5261,3629) (5262,3629) (5262,3628) (5262,3628) (5262,3628) (5261,3628) (5261,3628) (5260,3628) (5260,3629) (5260,3630) (5260,3631) (5260,3631)
add_area 150374545 '-'  (5257,3631) (5258,3631) (5259,3631) (5259,3630) (5258,3630) (5257,3630) (5257,3631) (5257,3631)
add_area 150374533 '-'  (5252,3630) (5252,3630) (5252,3630) (5252,3630) (5253,3630) (5253,3629) (5253,3629) (5252,3629) (5252,3629) (5252,3629) (5252,3630) (5252,3630)
add_area 150374534 '-'  (5273,3638) (5272,3639) (5271,3640) (5272,3640) (5272,3641) (5273,3641) (5274,3640) (5275,3639) (5276,3639) (5276,3638) (5276,3637) (5276,3636) (5275,3636) (5275,3636) (5274,3636) (5274,3636) (5273,3637) (5273,3638)
add_area 150376116 '-'  (5243,3643) (5243,3644) (5244,3644) (5244,3644) (5245,3644) (5246,3642) (5247,3641) (5247,3641) (5246,3640) (5246,3640) (5245,3641) (5244,3642) (5243,3643)
add_area 150376117 '-'  (5235,3661) (5235,3662) (5235,3662) (5235,3663) (5236,3662) (5237,3663) (5237,3663) (5237,3663) (5238,3662) (5239,3662) (5239,3662) (5240,3661) (5240,3661) (5240,3661) (5240,3660) (5239,3660) (5239,3660) (5239,3659) (5238,3658) (5238,3658) (5237,3659) (5236,3659) (5236,3660) (5235,3661) (5235,3661)
add_area 150374532 '-'  (5129,3626) (5129,3626) (5130,3626) (5130,3626) (5130,3625) (5130,3625) (5130,3625) (5130,3625) (5129,3625) (5129,3625) (5129,3625) (5129,3626)
add_area 150374531 '-'  (5120,3649) (5121,3650) (5121,3650) (5122,3650) (5122,3649) (5122,3649) (5122,3648) (5121,3648) (5121,3647) (5121,3648) (5120,3649) (5120,3649)
add_area 150374538 '-'  (5138,3651) (5138,3651) (5138,3652) (5139,3652) (5139,3652) (5140,3652) (5141,3652) (5142,3652) (5142,3652) (5143,3652) (5144,3651) (5145,3651) (5145,3651) (5146,3651) (5146,3651) (5146,3650) (5147,3650) (5147,3648) (5147,3648) (5146,3647) (5144,3647) (5143,3648) (5142,3648) (5141,3649) (5140,3649) (5139,3650) (5138,3651)
add_area 211476189 '-'  (5206,3566) (5204,3568) (5202,3571) (5203,3571) (5205,3571) (5208,3572) (5211,3569) (5211,3568) (5212,3564) (5209,3563) (5206,3566)
add_area 150919042 '-'  (5203,3632) (5203,3632) (5203,3632) (5204,3632) (5204,3631) (5203,3631) (5203,3632) (5203,3632)
add_area 150920683 '-'  (5277,3586) (5276,3586) (5276,3587) (5276,3587) (5276,3588) (5277,3588) (5278,3589) (5279,3588) (5280,3588) (5280,3587) (5280,3586) (5281,3585) (5281,3584) (5281,3584) (5280,3583) (5279,3584) (5278,3584) (5278,3585) (5277,3586)
add_area 150386580 '-'  (5261,3538) (5261,3539) (5261,3539) (5262,3539) (5263,3538) (5264,3538) (5264,3537) (5264,3537) (5264,3537) (5263,3537) (5263,3537) (5262,3537) (5261,3538) (5261,3538)
add_area 150386586 '-'  (5265,3541) (5266,3542) (5266,3542) (5267,3541) (5267,3541) (5266,3540) (5266,3541) (5265,3541) (5265,3541)
add_area 150386587 '-'  (5261,3543) (5262,3544) (5262,3544) (5263,3543) (5263,3542) (5263,3542) (5262,3542) (5262,3543) (5261,3543) (5261,3543)
add_area 150919029 '-'  (5354,3559) (5353,3560) (5353,3561) (5353,3561) (5354,3561) (5355,3562) (5356,3562) (5358,3560) (5360,3557) (5361,3555) (5361,3554) (5360,3554) (5358,3555) (5357,3556) (5356,3557) (5356,3558) (5354,3559)
add_area 150920681 '-'  (5363,3566) (5362,3567) (5363,3567) (5363,3568) (5365,3568) (5366,3568) (5367,3567) (5367,3567) (5367,3566) (5366,3565) (5365,3565) (5364,3565) (5363,3565) (5363,3566)
add_area 150919034 '-'  (5348,3567) (5347,3567) (5346,3567) (5345,3568) (5345,3569) (5345,3570) (5346,3571) (5347,3572) (5346,3573) (5346,3574) (5345,3575) (5344,3577) (5344,3578) (5345,3580) (5346,3580) (5347,3580) (5349,3579) (5350,3578) (5351,3576) (5351,3574) (5352,3572) (5352,3571) (5353,3570) (5354,3569) (5355,3567) (5355,3566) (5355,3565) (5354,3565) (5352,3566) (5350,3567) (5348,3568) (5348,3567)
add_area 1701969 'ruovesi'  (5552,3467) (5374,3467) (5270,3341) (5323,3434) (5241,3559) (4645,3793) (4765,3536) (4659,3615) (4673,3527) (4798,3388) (4941,3408) (4844,3267) (4996,3238) (4947,3163) (5022,3048) (5036,3145) (5220,3042) (5400,3172) (5504,2993) (5351,3027) (5681,2868) (5690,2803) (5551,2884) (5623,2754) (5543,2700) (5458,2793) (5550,2834) (5522,2895) (5362,2819) (5182,2977) (5159,2851) (4997,2748) (4998,2926) (4867,3026) (4921,3080) (4812,3045) (4440,3316) (4477,3368) (4646,3233) (4726,3339) (4529,3653) (4643,3664) (4366,3770) (4436,3807) (4321,3997) (4670,3860) (4641,4014) (4739,3860) (4824,3922) (5337,3782) (5261,3755) (5325,3610) (5216,3722) (5073,3763) (5289,3538) (5396,3580) (5368,3700) (5534,3616) (5428,3761) (5590,3816) (5552,3467)
add_area 132734783 'iso kalliojarvi'  (3182,2932) (3179,2938) (3184,2942) (3183,2949) (3187,2950) (3187,2955) (3190,2956) (3193,2956) (3197,2950) (3199,2949) (3200,2951) (3205,2946) (3205,2941) (3210,2937) (3207,2931) (3209,2927) (3210,2920) (3217,2916) (3217,2914) (3220,2912) (3222,2912) (3225,2910) (3224,2907) (3225,2905) (3223,2902) (3226,2900) (3226,2896) (3229,2896) (3230,2892) (3242,2883) (3257,2882) (3261,2884) (3266,2882) (3266,2880) (3270,2878) (3272,2876) (3270,2873) (3285,2855) (3285,2849) (3278,2836) (3274,2836) (3269,2838) (3264,2844) (3259,2846) (3253,2845) (3250,2837) (3251,2831) (3249,2828) (3244,2832) (3237,2831) (3236,2828) (3231,2825) (3229,2833) (3224,2839) (3224,2835) (3220,2837) (3219,2834) (3223,2820) (3221,2821) (3220,2823) (3216,2824) (3215,2834) (3210,2841) (3209,2846) (3207,2847) (3203,2844) (3198,2851) (3199,2854) (3201,2855) (3199,2861) (3200,2862) (3196,2868) (3193,2870) (3191,2876) (3194,2884) (3193,2892) (3197,2893) (3196,2905) (3183,2922) (3182,2932)
add_area 132734730 '-'  (3201,2903) (3201,2905) (3200,2906) (3201,2908) (3202,2908) (3202,2905) (3205,2905) (3205,2902) (3202,2904) (3202,2903) (3201,2903)
add_area 81111241 'kuusijarvi'  (3095,2920) (3085,2922) (3078,2918) (3096,2875) (3118,2841) (3135,2828) (3138,2814) (3131,2812) (3139,2803) (3146,2797) (3149,2805) (3154,2806) (3149,2821) (3134,2830) (3135,2850) (3166,2817) (3174,2796) (3167,2793) (3170,2772) (3181,2758) (3178,2752) (3188,2737) (3201,2729) (3209,2712) (3197,2712) (3200,2698) (3211,2681) (3225,2675) (3229,2666) (3221,2660) (3233,2640) (3245,2636) (3248,2644) (3258,2637) (3255,2628) (3267,2603) (3297,2561) (3292,2560) (3296,2537) (3293,2535) (3273,2572) (3260,2588) (3248,2591) (3269,2550) (3264,2534) (3273,2525) (3274,2511) (3267,2510) (3252,2532) (3248,2543) (3252,2550) (3244,2544) (3241,2547) (3242,2571) (3225,2619) (3229,2634) (3212,2664) (3182,2698) (3175,2697) (3178,2688) (3149,2704) (3136,2726) (3127,2729) (3117,2762) (3102,2788) (3103,2823) (3086,2861) (3080,2867) (3062,2871) (3072,2879) (3051,2919) (3062,2931) (3100,2920) (3095,2920)
add_area 132734780 '-'  (3190,2711) (3192,2711) (3194,2709) (3193,2708) (3190,2709) (3190,2711)
add_area 132734782 '-'  (3187,2726) (3190,2727) (3192,2725) (3193,2723) (3191,2722) (3189,2724) (3187,2726)
add_area 132751849 'saarijarvi'  (2599,2965) (2595,2967) (2593,2973) (2594,2979) (2594,2984) (2599,2987) (2602,2994) (2603,2995) (2608,2992) (2610,2987) (2607,2982) (2610,2979) (2614,2974) (2615,2968) (2611,2963) (2603,2965) (2599,2965)
add_area 132751850 '-'  (2597,2980) (2600,2981) (2603,2978) (2602,2975) (2599,2975) (2597,2978) (2597,2980)
add_area 132831280 'iso sarkijarvi'  (3154,2299) (3153,2305) (3154,2306) (3153,2320) (3155,2321) (3158,2319) (3159,2317) (3165,2319) (3174,2310) (3188,2297) (3202,2281) (3217,2265) (3222,2256) (3232,2248) (3238,2241) (3242,2238) (3249,2229) (3250,2224) (3244,2223) (3239,2221) (3241,2214) (3238,2213) (3241,2204) (3243,2201) (3242,2199) (3227,2197) (3227,2192) (3225,2190) (3227,2185) (3219,2181) (3220,2172) (3228,2165) (3231,2160) (3223,2163) (3212,2165) (3208,2165) (3201,2167) (3197,2166) (3193,2164) (3189,2163) (3189,2159) (3185,2156) (3175,2161) (3166,2168) (3167,2170) (3174,2173) (3175,2175) (3178,2178) (3178,2183) (3181,2189) (3179,2192) (3180,2197) (3184,2199) (3181,2207) (3174,2218) (3173,2221) (3168,2227) (3169,2229) (3166,2230) (3161,2235) (3164,2239) (3162,2241) (3164,2243) (3162,2250) (3165,2252) (3163,2255) (3162,2258) (3164,2259) (3162,2262) (3162,2266) (3166,2270) (3170,2269) (3170,2277) (3157,2296) (3154,2299)
add_area 132831277 '-'  (3185,2243) (3186,2246) (3190,2247) (3192,2246) (3202,2242) (3203,2239) (3203,2235) (3200,2236) (3199,2233) (3196,2232) (3191,2235) (3189,2239) (3186,2240) (3185,2243)
add_area 132960397 'iso kivijarvi'  (3679,2603) (3679,2606) (3677,2610) (3676,2612) (3677,2616) (3674,2620) (3675,2624) (3677,2624) (3676,2627) (3673,2628) (3675,2629) (3679,2628) (3681,2624) (3684,2623) (3683,2628) (3681,2632) (3679,2634) (3676,2647) (3675,2654) (3680,2658) (3684,2657) (3692,2652) (3697,2652) (3702,2660) (3706,2661) (3708,2663) (3712,2663) (3714,2662) (3718,2657) (3712,2646) (3712,2640) (3703,2628) (3702,2614) (3697,2606) (3693,2606) (3689,2608) (3680,2601) (3679,2603)
add_area 132960395 '-'  (3680,2607) (3679,2609) (3681,2611) (3680,2615) (3681,2618) (3679,2622) (3681,2622) (3682,2620) (3686,2615) (3686,2611) (3684,2610) (3682,2607) (3680,2607)
add_area 132960398 '-'  (3699,2626) (3700,2625) (3698,2624) (3696,2626) (3699,2626)
add_area 132960399 '-'  (3694,2640) (3694,2642) (3698,2643) (3699,2641) (3695,2639) (3694,2640)
add_area 132734734 'kuorejarvi'  (3242,2675) (3248,2671) (3251,2668) (3255,2668) (3259,2665) (3266,2658) (3275,2657) (3282,2661) (3286,2660) (3297,2656) (3301,2651) (3317,2636) (3325,2626) (3342,2611) (3355,2605) (3358,2597) (3350,2600) (3343,2604) (3340,2604) (3337,2608) (3330,2611) (3328,2608) (3330,2602) (3329,2597) (3331,2593) (3337,2588) (3340,2578) (3338,2576) (3333,2578) (3330,2583) (3327,2586) (3321,2601) (3321,2606) (3316,2613) (3301,2629) (3291,2634) (3280,2641) (3269,2641) (3266,2639) (3263,2641) (3263,2644) (3258,2654) (3243,2671) (3237,2673) (3237,2675) (3242,2675)
add_area 132960400 '-'  (3306,2633) (3306,2633) (3307,2632) (3309,2630) (3313,2626) (3313,2624) (3306,2631) (3306,2633)
add_area 133082429 'hauk-kierinka'  (3941,2607) (3932,2618) (3919,2632) (3905,2649) (3893,2666) (3891,2669) (3885,2675) (3882,2682) (3880,2684) (3875,2699) (3871,2704) (3864,2713) (3864,2717) (3855,2732) (3839,2749) (3834,2756) (3829,2767) (3827,2769) (3829,2771) (3831,2769) (3833,2770) (3831,2772) (3829,2774) (3829,2777) (3831,2777) (3834,2775) (3842,2765) (3847,2761) (3852,2753) (3853,2744) (3850,2743) (3853,2739) (3856,2739) (3871,2715) (3888,2707) (3889,2710) (3897,2708) (3899,2709) (3903,2706) (3902,2697) (3900,2694) (3901,2690) (3899,2688) (3901,2681) (3899,2680) (3901,2677) (3905,2675) (3912,2664) (3910,2661) (3913,2656) (3923,2647) (3924,2649) (3924,2652) (3928,2647) (3932,2641) (3943,2632) (3940,2626) (3934,2632) (3931,2632) (3929,2634) (3928,2633) (3934,2625) (3940,2620) (3944,2614) (3948,2603) (3944,2603) (3941,2607)
add_area 133082423 '-'  (3891,2700) (3894,2702) (3894,2704) (3896,2705) (3898,2704) (3900,2699) (3899,2698) (3896,2699) (3895,2694) (3892,2695) (3890,2698) (3891,2700)
add_area 133082426 '-'  (3838,2762) (3843,2759) (3842,2757) (3838,2760) (3838,2762)
add_area 133199321 'pikku kivijarvi'  (3614,2722) (3611,2728) (3611,2734) (3612,2736) (3611,2738) (3612,2739) (3614,2740) (3637,2727) (3637,2725) (3632,2721) (3616,2720) (3614,2722)
add_area 133199333 '-'  (3616,2728) (3616,2729) (3620,2728) (3623,2725) (3623,2723) (3621,2723) (3616,2725) (3616,2728)
add_area 133341776 'alainen herajarvi'  (4080,3813) (4080,3819) (4083,3820) (4089,3818) (4087,3822) (4071,3834) (4069,3838) (4074,3856) (4072,3862) (4064,3872) (4062,3878) (4063,3882) (4058,3888) (4055,3907) (4057,3909) (4067,3909) (4070,3913) (4067,3922) (4064,3926) (4064,3930) (4066,3932) (4070,3930) (4073,3932) (4073,3934) (4077,3935) (4080,3933) (4084,3932) (4086,3934) (4095,3932) (4094,3938) (4087,3942) (4087,3946) (4111,3949) (4114,3952) (4127,3949) (4134,3952) (4138,3949) (4139,3946) (4137,3945) (4139,3941) (4141,3943) (4140,3947) (4143,3950) (4147,3949) (4154,3942) (4147,3935) (4158,3924) (4160,3920) (4160,3917) (4156,3916) (4154,3917) (4150,3912) (4160,3902) (4157,3897) (4149,3898) (4148,3894) (4149,3892) (4147,3890) (4142,3890) (4144,3879) (4141,3879) (4141,3860) (4134,3840) (4135,3836) (4117,3828) (4116,3817) (4118,3808) (4104,3804) (4103,3800) (4108,3796) (4110,3792) (4101,3794) (4097,3796) (4088,3804) (4080,3813)
add_area 133341774 '-'  (4123,3890) (4116,3890) (4110,3891) (4108,3889) (4106,3891) (4107,3893) (4108,3898) (4110,3899) (4110,3901) (4113,3904) (4116,3902) (4118,3898) (4125,3893) (4123,3890)
add_area 133390395 'herajarvi'  (3985,4010) (3978,4022) (3982,4037) (3979,4041) (3979,4048) (3975,4048) (3970,4057) (3976,4068) (3972,4072) (3976,4074) (3957,4080) (3953,4094) (3956,4095) (3954,4101) (3957,4105) (3966,4103) (3961,4106) (3960,4112) (3964,4118) (3961,4120) (3965,4132) (3973,4133) (3970,4138) (3974,4147) (3985,4148) (3987,4142) (3998,4137) (4002,4141) (4008,4139) (4010,4141) (4048,4119) (4060,4107) (4062,4101) (4054,4101) (4057,4089) (4051,4089) (4064,4080) (4066,4073) (4058,4072) (4060,4065) (4053,4067) (4057,4056) (4048,4059) (4057,4045) (4060,4043) (4069,4060) (4078,4061) (4083,4068) (4077,4085) (4081,4088) (4096,4086) (4120,4063) (4101,4067) (4098,4061) (4087,4061) (4088,4058) (4095,4056) (4096,4050) (4089,4048) (4086,4042) (4070,4038) (4068,4026) (4059,4019) (4061,4010) (4057,4003) (4034,4013) (4032,4018) (4022,4022) (4019,4028) (4007,4021) (4000,4001) (3993,4000) (3987,4004) (3985,4010)
add_area 133390398 '-'  (4048,4027) (4048,4024) (4044,4027) (4044,4029) (4048,4027)
add_area 133390400 '-'  (4040,4061) (4042,4062) (4045,4058) (4042,4057) (4040,4059) (4040,4061)
add_area 133390399 '-'  (4033,4075) (4036,4076) (4040,4075) (4040,4073) (4036,4073) (4033,4075)
add_area 133390403 '-'  (3992,4067) (3995,4066) (3996,4066) (3997,4064) (3994,4064) (3991,4066) (3992,4067)
add_area 25058299 'mustajarvi'  (4130,3743) (4135,3755) (4139,3755) (4143,3753) (4147,3754) (4148,3756) (4160,3756) (4163,3754) (4167,3748) (4174,3757) (4175,3761) (4178,3763) (4183,3761) (4192,3761) (4196,3760) (4211,3752) (4220,3754) (4227,3752) (4230,3755) (4233,3755) (4246,3751) (4250,3751) (4251,3755) (4269,3751) (4274,3746) (4267,3744) (4258,3737) (4250,3739) (4248,3736) (4249,3732) (4252,3728) (4251,3725) (4245,3722) (4245,3719) (4239,3715) (4238,3711) (4241,3706) (4238,3704) (4223,3710) (4221,3715) (4219,3716) (4209,3716) (4203,3722) (4200,3727) (4199,3727) (4199,3724) (4198,3721) (4190,3723) (4194,3717) (4193,3707) (4184,3709) (4177,3702) (4178,3698) (4173,3697) (4168,3693) (4153,3698) (4150,3712) (4147,3716) (4146,3720) (4152,3718) (4151,3720) (4148,3721) (4145,3728) (4131,3741) (4130,3743)
add_area 81109754 '-'  (4178,3715) (4180,3720) (4181,3722) (4184,3722) (4186,3721) (4189,3718) (4190,3715) (4189,3713) (4187,3712) (4183,3711) (4180,3711) (4177,3712) (4178,3715)
add_area 81103315 'helvetinjarven kansallispuisto'  (2732,3808) (2735,3808) (2739,3806) (2741,3805) (2743,3804) (2740,3804) (2737,3803) (2728,3809) (2728,3810) (2732,3808)
add_area 133492389 '-'  (2667,3854) (2669,3854) (2670,3852) (2670,3849) (2668,3850) (2667,3852) (2667,3854)
add_area 133492390 '-'  (2720,3826) (2723,3828) (2727,3826) (2728,3824) (2726,3823) (2721,3824) (2720,3826)
add_area 1794149 'niemijarvi'  (2761,3817) (2762,3813) (2762,3808) (2759,3808) (2759,3807) (2760,3807) (2763,3804) (2765,3801) (2767,3800) (2767,3799) (2766,3797) (2764,3792) (2764,3789) (2762,3787) (2760,3786) (2748,3787) (2738,3794) (2731,3793) (2730,3792) (2736,3781) (2734,3779) (2725,3785) (2706,3800) (2704,3804) (2693,3819) (2686,3823) (2678,3828) (2666,3843) (2666,3848) (2664,3853) (2660,3856) (2657,3857) (2657,3854) (2655,3855) (2653,3858) (2653,3861) (2655,3862) (2658,3861) (2658,3863) (2663,3861) (2668,3861) (2674,3859) (2685,3850) (2693,3840) (2698,3830) (2701,3823) (2702,3819) (2709,3813) (2712,3813) (2719,3813) (2724,3810) (2727,3809) (2727,3810) (2724,3812) (2716,3822) (2712,3828) (2713,3830) (2711,3832) (2709,3831) (2706,3834) (2703,3842) (2699,3847) (2697,3851) (2701,3857) (2704,3857) (2714,3848) (2724,3840) (2737,3835) (2755,3824) (2758,3820) (2761,3817)
add_area 133492379 'saukkolammi'  (2281,4375) (2265,4389) (2264,4392) (2260,4395) (2254,4412) (2257,4412) (2259,4411) (2271,4401) (2275,4399) (2281,4389) (2293,4380) (2292,4373) (2281,4375)
add_area 133492386 '-'  (2257,4411) (2259,4409) (2258,4408) (2256,4409) (2255,4411) (2257,4411)
add_area 133525713 'vaha-ketven'  (2936,3864) (2933,3870) (2930,3875) (2928,3881) (2930,3884) (2927,3896) (2927,3898) (2927,3900) (2929,3902) (2930,3902) (2930,3902) (2930,3903) (2931,3905) (2933,3907) (2937,3907) (2940,3904) (2942,3901) (2945,3899) (2946,3895) (2948,3892) (2950,3891) (2954,3886) (2953,3884) (2952,3884) (2947,3884) (2947,3878) (2948,3876) (2951,3873) (2953,3870) (2952,3866) (2950,3866) (2950,3864) (2951,3862) (2949,3860) (2948,3860) (2947,3862) (2946,3862) (2945,3859) (2941,3860) (2938,3861) (2936,3864)
add_area 135429512 'mertujarvi'  (2763,4371) (2754,4378) (2745,4383) (2741,4380) (2739,4374) (2734,4374) (2727,4379) (2732,4381) (2731,4384) (2725,4384) (2721,4387) (2721,4395) (2718,4400) (2715,4411) (2716,4417) (2710,4429) (2704,4434) (2696,4434) (2691,4439) (2693,4445) (2691,4454) (2700,4453) (2708,4444) (2710,4441) (2711,4440) (2713,4444) (2712,4448) (2714,4456) (2714,4464) (2719,4456) (2722,4450) (2719,4445) (2729,4433) (2730,4427) (2735,4420) (2741,4416) (2741,4415) (2736,4414) (2737,4410) (2748,4402) (2750,4397) (2754,4395) (2767,4385) (2774,4376) (2775,4371) (2786,4364) (2795,4354) (2792,4353) (2790,4350) (2781,4358) (2769,4364) (2763,4371)
add_area 135429511 '-'  (2731,4396) (2734,4393) (2733,4391) (2731,4394) (2731,4396)
add_area 135429510 '-'  (2697,4451) (2699,4446) (2697,4447) (2695,4451) (2697,4451)
add_area 135506864 'niitty-haaponen'  (2080,3923) (2083,3924) (2079,3929) (2079,3935) (2081,3941) (2082,3941) (2083,3946) (2084,3947) (2085,3946) (2085,3942) (2088,3939) (2092,3937) (2093,3935) (2094,3934) (2090,3930) (2089,3927) (2089,3924) (2090,3922) (2092,3922) (2092,3921) (2091,3920) (2093,3917) (2092,3915) (2094,3913) (2094,3911) (2094,3908) (2093,3906) (2090,3910) (2089,3910) (2085,3915) (2082,3915) (2080,3916) (2080,3923)
add_area 135506865 '-'  (2084,3928) (2086,3927) (2087,3925) (2086,3924) (2084,3925) (2083,3927) (2084,3928)
add_area 135506863 'saari-haaponen'  (2085,3966) (2081,3970) (2081,3972) (2086,3981) (2090,3982) (2094,3979) (2095,3977) (2098,3975) (2099,3976) (2100,3975) (2101,3973) (2101,3972) (2101,3971) (2099,3970) (2100,3968) (2100,3967) (2102,3966) (2104,3965) (2104,3962) (2106,3959) (2107,3958) (2108,3954) (2105,3953) (2096,3961) (2089,3963) (2085,3966)
add_area 135506866 '-'  (2088,3971) (2092,3973) (2095,3972) (2098,3969) (2097,3964) (2093,3966) (2090,3969) (2088,3971)
add_area 135585300 'haukijarvi'  (1690,3226) (1690,3228) (1692,3230) (1695,3229) (1695,3233) (1697,3234) (1703,3231) (1704,3232) (1706,3232) (1711,3226) (1721,3218) (1725,3211) (1724,3208) (1724,3204) (1721,3204) (1721,3201) (1714,3198) (1706,3203) (1695,3210) (1688,3219) (1687,3225) (1690,3226)
add_area 135585303 '-'  (1697,3224) (1702,3223) (1705,3218) (1703,3217) (1696,3218) (1695,3221) (1697,3224)
add_area 135723604 'uuraslammi'  (2095,2606) (2092,2615) (2094,2623) (2100,2630) (2110,2628) (2121,2620) (2125,2615) (2133,2602) (2139,2586) (2137,2584) (2127,2585) (2122,2584) (2119,2586) (2107,2602) (2095,2606)
add_area 135762644 'liesijarvi'  (1758,2494) (1751,2539) (1732,2561) (1729,2583) (1712,2599) (1713,2587) (1696,2594) (1698,2573) (1689,2571) (1671,2609) (1663,2611) (1657,2642) (1646,2652) (1637,2680) (1614,2694) (1610,2723) (1589,2743) (1588,2762) (1613,2762) (1623,2752) (1627,2757) (1631,2745) (1666,2715) (1667,2730) (1636,2756) (1646,2757) (1656,2747) (1649,2759) (1658,2762) (1667,2742) (1672,2770) (1688,2770) (1702,2750) (1690,2731) (1679,2738) (1697,2703) (1702,2702) (1699,2709) (1710,2702) (1709,2686) (1744,2658) (1768,2667) (1779,2664) (1786,2620) (1779,2618) (1780,2602) (1764,2622) (1768,2605) (1758,2608) (1771,2599) (1762,2582) (1779,2564) (1775,2552) (1769,2555) (1777,2524) (1771,2527) (1767,2500) (1758,2494)
add_area 135762647 '-'  (1676,2639) (1677,2640) (1676,2644) (1677,2643) (1678,2641) (1680,2640) (1680,2640) (1679,2639) (1679,2638) (1677,2638) (1676,2639)
add_area 135762659 '-'  (1686,2620) (1685,2623) (1686,2624) (1689,2622) (1689,2623) (1686,2626) (1687,2627) (1688,2626) (1689,2624) (1691,2624) (1697,2619) (1695,2615) (1690,2619) (1686,2620)
add_area 135762649 '-'  (1676,2617) (1677,2617) (1679,2616) (1678,2614) (1677,2614) (1676,2617)
add_area 135762653 '-'  (1686,2602) (1687,2602) (1689,2602) (1690,2598) (1688,2597) (1686,2600) (1686,2602)
add_area 135762656 '-'  (1739,2562) (1740,2564) (1739,2566) (1742,2565) (1744,2559) (1743,2558) (1739,2560) (1739,2562)
add_area 135762651 '-'  (1734,2579) (1735,2579) (1737,2577) (1737,2574) (1736,2574) (1734,2576) (1734,2579)
add_area 135762648 '-'  (1770,2559) (1772,2560) (1773,2559) (1773,2558) (1771,2558) (1770,2559)
add_area 135772535 'saari-soljanen'  (1859,2180) (1859,2181) (1858,2181) (1857,2184) (1857,2185) (1856,2186) (1854,2189) (1854,2192) (1854,2194) (1855,2196) (1856,2196) (1856,2197) (1856,2198) (1856,2199) (1856,2201) (1856,2203) (1856,2204) (1857,2204) (1858,2205) (1858,2204) (1859,2204) (1860,2203) (1862,2203) (1862,2203) (1863,2202) (1863,2202) (1865,2200) (1868,2197) (1868,2196) (1870,2194) (1870,2193) (1871,2190) (1871,2188) (1871,2187) (1872,2185) (1872,2184) (1873,2183) (1873,2181) (1873,2180) (1872,2179) (1871,2178) (1870,2178) (1869,2178) (1868,2178) (1866,2178) (1864,2177) (1862,2178) (1859,2180)
add_area 135772541 '-'  (1863,2185) (1862,2186) (1862,2187) (1863,2187) (1863,2188) (1864,2188) (1864,2189) (1864,2188) (1867,2187) (1867,2187) (1867,2186) (1867,2185) (1868,2185) (1868,2184) (1869,2183) (1869,2182) (1868,2182) (1867,2182) (1866,2183) (1865,2183) (1864,2183) (1863,2185)
add_area 135790979 'iso kaitajarvi'  (2475,2170) (2476,2173) (2474,2182) (2467,2191) (2465,2193) (2462,2197) (2456,2204) (2454,2210) (2447,2220) (2442,2224) (2428,2240) (2429,2242) (2431,2243) (2432,2242) (2430,2240) (2438,2231) (2446,2227) (2453,2220) (2460,2211) (2467,2208) (2471,2211) (2480,2205) (2483,2201) (2481,2199) (2478,2200) (2476,2198) (2477,2195) (2475,2195) (2474,2193) (2471,2193) (2473,2186) (2475,2184) (2477,2173) (2479,2170) (2485,2155) (2475,2170)
add_area 135790987 '-'  (2471,2203) (2474,2202) (2476,2200) (2476,2199) (2474,2199) (2471,2202) (2471,2203)
add_area 135790981 'petajajarvi'  (2426,2295) (2424,2294) (2422,2291) (2419,2292) (2415,2294) (2410,2303) (2403,2312) (2393,2319) (2386,2329) (2382,2336) (2380,2338) (2365,2361) (2366,2364) (2368,2364) (2373,2360) (2379,2359) (2385,2352) (2383,2351) (2381,2353) (2379,2352) (2382,2349) (2386,2342) (2392,2339) (2395,2335) (2406,2327) (2414,2314) (2433,2301) (2434,2293) (2436,2286) (2440,2282) (2443,2280) (2444,2278) (2447,2276) (2446,2273) (2442,2274) (2441,2276) (2442,2277) (2441,2280) (2431,2292) (2426,2295)
add_area 135790988 '-'  (2406,2313) (2405,2315) (2407,2315) (2411,2311) (2411,2308) (2408,2309) (2406,2313)
add_area 135790971 'saarijarvi'  (1938,2503) (1934,2510) (1934,2513) (1932,2515) (1932,2517) (1934,2518) (1936,2516) (1936,2514) (1939,2510) (1942,2508) (1946,2507) (1951,2503) (1955,2505) (1968,2500) (1982,2487) (1982,2486) (1975,2486) (1970,2487) (1965,2494) (1962,2494) (1961,2492) (1957,2493) (1954,2496) (1951,2496) (1950,2495) (1948,2490) (1941,2485) (1939,2488) (1938,2503)
add_area 135790985 '-'  (1945,2502) (1947,2501) (1948,2499) (1946,2499) (1944,2501) (1945,2502)
add_area 135790973 'saarijarvi'  (2136,2245) (2132,2249) (2135,2254) (2136,2261) (2140,2261) (2143,2264) (2137,2271) (2136,2274) (2136,2278) (2133,2281) (2130,2289) (2124,2293) (2117,2300) (2117,2304) (2119,2306) (2127,2303) (2135,2296) (2140,2287) (2141,2279) (2150,2267) (2152,2264) (2151,2257) (2154,2254) (2158,2252) (2157,2247) (2148,2249) (2141,2244) (2136,2245)
add_area 135790986 '-'  (2136,2283) (2137,2283) (2138,2280) (2136,2280) (2135,2283) (2136,2283)
add_area 135790991 '-'  (2145,2262) (2147,2261) (2151,2257) (2150,2255) (2148,2255) (2145,2260) (2145,2262)
add_area 136012494 'hulppojarvi'  (1654,1760) (1642,1774) (1637,1772) (1641,1757) (1647,1753) (1649,1760) (1663,1741) (1670,1739) (1667,1729) (1689,1696) (1736,1647) (1737,1639) (1733,1643) (1724,1642) (1733,1622) (1730,1619) (1745,1606) (1720,1620) (1697,1655) (1682,1671) (1676,1669) (1658,1697) (1650,1698) (1656,1688) (1650,1684) (1653,1680) (1649,1674) (1641,1687) (1629,1691) (1613,1677) (1594,1710) (1618,1698) (1628,1704) (1627,1709) (1619,1721) (1614,1717) (1606,1724) (1602,1718) (1595,1729) (1600,1733) (1600,1745) (1593,1760) (1599,1756) (1600,1767) (1586,1776) (1579,1785) (1583,1785) (1579,1798) (1572,1801) (1561,1796) (1564,1781) (1570,1777) (1569,1771) (1564,1771) (1547,1813) (1549,1826) (1544,1838) (1524,1858) (1520,1856) (1514,1870) (1555,1832) (1578,1825) (1595,1809) (1604,1814) (1601,1827) (1607,1824) (1610,1830) (1633,1820) (1641,1809) (1648,1813) (1647,1790) (1662,1763) (1658,1756) (1654,1760)
add_area 136012497 '-'  (1596,1809) (1599,1807) (1599,1805) (1598,1804) (1596,1807) (1596,1809)
add_area 136012493 '-'  (1629,1783) (1628,1789) (1623,1798) (1622,1800) (1626,1799) (1624,1802) (1623,1805) (1624,1810) (1621,1816) (1626,1815) (1633,1806) (1633,1797) (1631,1796) (1631,1787) (1635,1779) (1632,1779) (1629,1783)
add_area 136012499 '-'  (1633,1815) (1639,1809) (1640,1805) (1638,1804) (1632,1812) (1633,1815)
add_area 136012487 '-'  (1591,1793) (1593,1794) (1597,1792) (1601,1783) (1608,1777) (1610,1772) (1608,1771) (1603,1775) (1596,1787) (1593,1790) (1591,1793)
add_area 136012498 '-'  (1589,1786) (1592,1783) (1594,1779) (1593,1779) (1588,1783) (1589,1786)
add_area 136012488 '-'  (1695,1678) (1692,1681) (1688,1686) (1686,1692) (1687,1692) (1690,1690) (1696,1684) (1698,1679) (1699,1674) (1695,1676) (1695,1678)
add_area 136012489 'juurijarvi'  (1409,1704) (1404,1707) (1400,1717) (1402,1721) (1400,1725) (1398,1722) (1392,1723) (1390,1727) (1394,1733) (1393,1751) (1399,1752) (1396,1770) (1398,1772) (1406,1770) (1414,1778) (1412,1787) (1410,1788) (1409,1798) (1398,1806) (1400,1808) (1406,1807) (1403,1818) (1407,1818) (1401,1845) (1400,1864) (1389,1871) (1384,1880) (1386,1884) (1384,1887) (1387,1895) (1390,1896) (1386,1887) (1399,1880) (1397,1892) (1404,1895) (1406,1892) (1410,1901) (1413,1901) (1411,1890) (1413,1889) (1411,1882) (1412,1875) (1419,1863) (1436,1840) (1448,1833) (1451,1823) (1465,1804) (1480,1791) (1479,1790) (1462,1800) (1464,1793) (1477,1778) (1477,1774) (1470,1773) (1476,1754) (1467,1755) (1457,1766) (1450,1769) (1451,1765) (1433,1770) (1423,1767) (1405,1754) (1406,1749) (1402,1746) (1404,1736) (1409,1729) (1408,1718) (1414,1701) (1411,1699) (1409,1704)
add_area 136012515 '-'  (1423,1843) (1419,1846) (1416,1851) (1417,1856) (1420,1855) (1424,1854) (1426,1847) (1425,1842) (1423,1843)
add_area 136012495 '-'  (1422,1840) (1424,1840) (1424,1837) (1421,1839) (1422,1840)
add_area 136012490 '-'  (1429,1823) (1425,1829) (1426,1832) (1425,1836) (1425,1839) (1426,1841) (1427,1841) (1432,1839) (1436,1835) (1437,1829) (1433,1828) (1433,1822) (1433,1820) (1432,1821) (1429,1823)
add_area 136012491 '-'  (1454,1773) (1454,1774) (1447,1780) (1444,1780) (1443,1782) (1444,1784) (1443,1786) (1440,1791) (1441,1792) (1448,1788) (1455,1787) (1460,1778) (1457,1777) (1456,1774) (1457,1770) (1456,1769) (1454,1770) (1454,1773)
add_area 490159794 '-'  (1400,1886) (1401,1886) (1402,1885) (1401,1884) (1401,1883) (1400,1885) (1400,1886)
add_area 490159793 '-'  (1438,1820) (1439,1821) (1440,1821) (1440,1818) (1438,1819) (1438,1820)
add_area 490159792 '-'  (1440,1784) (1442,1781) (1441,1781) (1439,1783) (1440,1784)
add_area 136012500 'vahavesi'  (1590,1652) (1588,1649) (1583,1646) (1583,1639) (1578,1641) (1575,1639) (1575,1635) (1572,1634) (1559,1640) (1557,1638) (1545,1641) (1541,1635) (1537,1639) (1537,1652) (1526,1664) (1522,1671) (1525,1676) (1523,1678) (1520,1677) (1519,1680) (1522,1685) (1519,1693) (1519,1700) (1522,1706) (1526,1705) (1528,1702) (1532,1701) (1531,1709) (1528,1713) (1522,1715) (1521,1718) (1524,1721) (1514,1739) (1519,1737) (1527,1729) (1531,1727) (1532,1726) (1533,1725) (1533,1728) (1536,1738) (1545,1739) (1544,1745) (1548,1746) (1559,1732) (1564,1714) (1575,1688) (1572,1687) (1566,1693) (1567,1689) (1564,1688) (1561,1689) (1561,1685) (1569,1675) (1573,1672) (1579,1663) (1586,1657) (1590,1652)
add_area 136012513 '-'  (1560,1674) (1557,1676) (1553,1682) (1553,1686) (1559,1685) (1568,1674) (1567,1671) (1564,1670) (1560,1674)
add_area 136016276 'iso seitsemisjarvi'  (1170,2588) (1167,2592) (1168,2599) (1164,2609) (1167,2616) (1162,2631) (1159,2639) (1164,2637) (1169,2632) (1183,2617) (1189,2606) (1190,2599) (1194,2589) (1202,2590) (1208,2587) (1210,2590) (1208,2597) (1212,2599) (1215,2594) (1217,2588) (1223,2581) (1227,2574) (1230,2570) (1238,2571) (1239,2578) (1241,2593) (1240,2599) (1246,2599) (1251,2597) (1252,2592) (1253,2590) (1256,2589) (1258,2587) (1260,2581) (1260,2577) (1259,2575) (1260,2572) (1256,2566) (1251,2564) (1249,2560) (1253,2553) (1251,2548) (1251,2548) (1250,2548) (1244,2552) (1241,2554) (1239,2556) (1234,2558) (1233,2560) (1228,2563) (1225,2568) (1223,2568) (1221,2567) (1217,2569) (1217,2562) (1218,2558) (1219,2551) (1219,2543) (1210,2543) (1203,2546) (1197,2557) (1185,2566) (1179,2578) (1176,2580) (1173,2587) (1170,2588)
add_area 136016273 '-'  (1178,2584) (1188,2582) (1196,2574) (1202,2567) (1201,2564) (1198,2566) (1192,2566) (1188,2573) (1185,2577) (1181,2578) (1177,2582) (1178,2584)
add_area 136118753 'iso saares'  (2539,1483) (2532,1492) (2530,1492) (2532,1477) (2531,1472) (2529,1472) (2530,1467) (2528,1469) (2520,1481) (2520,1489) (2511,1501) (2503,1519) (2491,1524) (2487,1529) (2485,1533) (2490,1540) (2491,1552) (2482,1565) (2472,1570) (2477,1577) (2463,1602) (2465,1606) (2471,1607) (2474,1610) (2472,1613) (2472,1618) (2468,1623) (2472,1622) (2484,1613) (2484,1611) (2481,1613) (2479,1613) (2475,1605) (2485,1595) (2482,1593) (2483,1590) (2486,1589) (2489,1584) (2500,1580) (2506,1583) (2514,1585) (2520,1583) (2528,1575) (2525,1570) (2517,1571) (2516,1569) (2506,1567) (2508,1561) (2507,1554) (2511,1548) (2511,1544) (2522,1532) (2523,1524) (2533,1516) (2531,1510) (2535,1506) (2541,1495) (2545,1487) (2543,1483) (2546,1476) (2542,1477) (2539,1483)
add_area 136118751 '-'  (2505,1525) (2504,1526) (2503,1529) (2501,1532) (2501,1533) (2500,1535) (2500,1535) (2500,1536) (2501,1535) (2501,1535) (2501,1536) (2502,1536) (2504,1535) (2504,1534) (2505,1532) (2507,1529) (2507,1528) (2509,1528) (2511,1525) (2512,1521) (2515,1519) (2515,1518) (2513,1519) (2513,1519) (2507,1522) (2505,1524) (2505,1525)
add_area 136118747 '-'  (2529,1496) (2530,1496) (2530,1495) (2530,1494) (2530,1494) (2530,1494) (2529,1495) (2528,1497) (2528,1497) (2528,1497) (2528,1497) (2529,1496)
add_area 120456718 'petajajarvi'  (2755,1256) (2753,1255) (2752,1252) (2749,1252) (2745,1255) (2751,1254) (2752,1258) (2756,1259) (2769,1254) (2772,1255) (2775,1258) (2765,1270) (2777,1275) (2810,1267) (2815,1272) (2806,1285) (2807,1287) (2811,1288) (2799,1302) (2801,1306) (2792,1309) (2789,1313) (2789,1323) (2780,1333) (2780,1338) (2779,1340) (2766,1340) (2764,1343) (2760,1359) (2750,1368) (2745,1381) (2737,1386) (2737,1390) (2745,1387) (2753,1375) (2764,1370) (2768,1364) (2775,1359) (2779,1350) (2780,1355) (2788,1353) (2792,1349) (2800,1328) (2848,1284) (2852,1279) (2849,1280) (2847,1274) (2869,1251) (2852,1260) (2854,1256) (2851,1255) (2850,1251) (2851,1246) (2848,1244) (2840,1246) (2830,1265) (2831,1261) (2826,1257) (2808,1261) (2799,1251) (2790,1250) (2775,1254) (2771,1247) (2767,1245) (2755,1256)
add_area 136118746 '-'  (2765,1357) (2768,1356) (2769,1353) (2768,1352) (2764,1356) (2765,1357)
add_area 136150063 'ylaisjarvi'  (3187,1844) (3185,1855) (3188,1859) (3183,1864) (3175,1882) (3175,1888) (3177,1892) (3175,1900) (3178,1904) (3177,1907) (3180,1910) (3185,1912) (3197,1912) (3200,1915) (3212,1915) (3218,1910) (3240,1897) (3242,1895) (3243,1894) (3249,1890) (3251,1888) (3248,1887) (3243,1889) (3239,1893) (3233,1893) (3232,1890) (3234,1887) (3233,1887) (3221,1894) (3216,1893) (3209,1894) (3198,1891) (3194,1887) (3196,1881) (3211,1855) (3211,1852) (3212,1846) (3207,1846) (3207,1838) (3203,1837) (3198,1840) (3195,1838) (3187,1844)
add_area 136913794 'keskinen tuohisurma'  (2144,907) (2141,909) (2141,915) (2144,918) (2144,928) (2149,930) (2152,934) (2156,935) (2156,938) (2163,940) (2165,940) (2164,928) (2167,913) (2168,900) (2166,899) (2162,905) (2156,908) (2147,906) (2144,907)
add_area 136913797 '-'  (2155,926) (2159,923) (2159,921) (2156,922) (2154,924) (2155,926)
add_area 146397650 'alinen hahkalammi'  (1939,1189) (1935,1193) (1928,1195) (1924,1194) (1920,1195) (1916,1198) (1913,1197) (1908,1201) (1904,1210) (1905,1212) (1908,1213) (1908,1210) (1911,1208) (1915,1209) (1914,1212) (1911,1215) (1915,1222) (1917,1220) (1916,1216) (1919,1213) (1925,1211) (1928,1212) (1934,1204) (1938,1203) (1942,1207) (1947,1208) (1957,1217) (1957,1220) (1962,1227) (1964,1226) (1968,1223) (1965,1215) (1956,1209) (1953,1204) (1949,1203) (1949,1196) (1950,1192) (1949,1191) (1949,1185) (1939,1189)
add_area 146397654 '-'  (1948,1207) (1949,1208) (1951,1206) (1949,1205) (1948,1207)
add_area 146397667 'noljasjarvi'  (1711,983) (1712,987) (1709,989) (1694,1020) (1686,1041) (1684,1043) (1682,1049) (1681,1053) (1666,1073) (1658,1077) (1648,1093) (1647,1100) (1649,1100) (1656,1092) (1658,1088) (1661,1087) (1665,1088) (1670,1087) (1672,1084) (1672,1079) (1675,1078) (1676,1082) (1678,1083) (1675,1090) (1674,1096) (1678,1097) (1679,1098) (1677,1103) (1681,1109) (1686,1108) (1691,1106) (1695,1093) (1698,1077) (1704,1063) (1700,1058) (1697,1061) (1693,1061) (1691,1058) (1688,1062) (1687,1062) (1687,1057) (1690,1056) (1694,1057) (1698,1053) (1696,1048) (1698,1046) (1701,1044) (1703,1042) (1706,1038) (1707,1035) (1711,1031) (1712,1027) (1718,1024) (1734,1005) (1735,1001) (1739,999) (1744,994) (1744,989) (1753,983) (1756,975) (1751,976) (1748,975) (1741,975) (1727,997) (1720,996) (1716,999) (1715,999) (1717,996) (1719,987) (1722,979) (1722,975) (1723,972) (1721,972) (1711,983)
add_area 25212483 'sipsiojarvi'  (1494,1005) (1514,985) (1500,990) (1492,985) (1512,970) (1510,954) (1513,967) (1540,954) (1556,961) (1618,890) (1576,893) (1568,883) (1566,897) (1548,914) (1527,924) (1514,911) (1508,927) (1490,936) (1490,923) (1515,893) (1506,874) (1493,872) (1491,865) (1467,878) (1455,902) (1433,905) (1422,928) (1422,978) (1445,973) (1453,987) (1440,1005) (1421,1009) (1415,1039) (1422,1044) (1454,1020) (1464,1021) (1448,1051) (1415,1085) (1398,1145) (1417,1137) (1443,1106) (1480,1102) (1493,1112) (1492,1094) (1505,1084) (1522,1084) (1507,1117) (1512,1124) (1547,1115) (1572,1061) (1567,1045) (1575,1024) (1566,1010) (1549,1003) (1513,1057) (1483,1071) (1457,1065) (1475,1026) (1494,1005)
add_area 146397657 '-'  (1460,1076) (1464,1072) (1463,1071) (1460,1074) (1460,1076)
add_area 146397635 'vahojarvi'  (1670,1120) (1671,1110) (1666,1104) (1668,1100) (1662,1105) (1656,1131) (1650,1139) (1642,1137) (1641,1141) (1637,1143) (1635,1138) (1629,1141) (1628,1134) (1624,1134) (1612,1152) (1604,1157) (1602,1156) (1607,1145) (1606,1144) (1607,1131) (1611,1122) (1604,1122) (1600,1127) (1593,1151) (1588,1159) (1574,1164) (1576,1159) (1568,1164) (1569,1169) (1576,1167) (1584,1168) (1587,1165) (1587,1169) (1597,1159) (1602,1160) (1597,1187) (1599,1204) (1602,1204) (1599,1227) (1606,1217) (1613,1213) (1625,1197) (1640,1184) (1654,1208) (1658,1209) (1664,1206) (1664,1203) (1674,1196) (1691,1186) (1697,1186) (1700,1180) (1705,1177) (1710,1178) (1715,1174) (1718,1170) (1714,1168) (1723,1154) (1719,1157) (1714,1153) (1696,1168) (1688,1170) (1686,1173) (1686,1183) (1682,1185) (1677,1180) (1674,1181) (1671,1178) (1679,1174) (1675,1169) (1670,1167) (1670,1160) (1666,1156) (1674,1135) (1678,1134) (1685,1127) (1686,1121) (1680,1121) (1682,1117) (1679,1115) (1670,1120)
add_area 146397656 '-'  (1658,1198) (1663,1194) (1662,1192) (1657,1196) (1658,1198)
add_area 146653627 'aivusjarvi'  (2111,1174) (2103,1178) (2102,1177) (2099,1175) (2096,1177) (2087,1190) (2078,1199) (2064,1207) (2059,1212) (2058,1215) (2056,1217) (2045,1233) (2031,1242) (2013,1259) (2007,1261) (2000,1262) (1995,1263) (1992,1267) (1991,1271) (1994,1276) (1998,1275) (1998,1276) (1997,1279) (1999,1281) (2000,1289) (2002,1291) (2004,1290) (2018,1278) (2022,1276) (2025,1279) (2028,1278) (2028,1281) (2031,1282) (2033,1290) (2035,1290) (2036,1298) (2042,1287) (2041,1281) (2045,1273) (2056,1261) (2065,1252) (2067,1243) (2074,1234) (2082,1227) (2085,1223) (2100,1209) (2100,1206) (2101,1200) (2107,1196) (2118,1183) (2124,1181) (2128,1176) (2129,1171) (2134,1165) (2135,1159) (2131,1158) (2128,1154) (2111,1174)
add_area 146653614 '-'  (2051,1244) (2049,1246) (2046,1246) (2040,1251) (2035,1258) (2033,1264) (2034,1269) (2037,1269) (2044,1265) (2046,1261) (2053,1243) (2051,1244)
add_area 146653631 '-'  (2060,1248) (2062,1247) (2063,1244) (2063,1243) (2062,1244) (2060,1245) (2060,1248)
add_area 146653626 '-'  (2060,1233) (2060,1236) (2062,1236) (2064,1232) (2063,1230) (2060,1233)
add_area 146653625 '-'  (2078,1220) (2079,1221) (2083,1214) (2082,1214) (2078,1219) (2078,1220)
add_area 146653623 'pyydyslampi'  (2240,1163) (2240,1164) (2237,1167) (2231,1171) (2230,1170) (2233,1166) (2232,1165) (2228,1166) (2227,1169) (2215,1180) (2214,1184) (2216,1186) (2223,1183) (2226,1184) (2232,1181) (2233,1178) (2239,1174) (2243,1173) (2252,1165) (2259,1153) (2263,1151) (2268,1145) (2268,1143) (2264,1142) (2261,1145) (2259,1145) (2261,1142) (2259,1141) (2246,1151) (2239,1161) (2240,1163)
add_area 146653635 '-'  (2245,1162) (2246,1163) (2249,1161) (2252,1156) (2251,1156) (2248,1157) (2245,1161) (2245,1162)
add_area 146653607 'vuorijarvi'  (1990,1398) (1988,1408) (1994,1410) (1994,1413) (1991,1416) (1989,1420) (1991,1423) (1980,1432) (1974,1446) (1966,1458) (1966,1463) (1968,1466) (1972,1465) (1976,1462) (1979,1461) (1982,1455) (1988,1454) (1992,1448) (2002,1429) (2014,1411) (2014,1407) (2022,1390) (2032,1382) (2036,1376) (2037,1372) (2035,1371) (2039,1367) (2044,1353) (2043,1351) (2050,1340) (2049,1334) (2057,1326) (2064,1324) (2064,1325) (2067,1325) (2073,1321) (2075,1317) (2071,1317) (2073,1310) (2085,1302) (2098,1287) (2104,1277) (2104,1272) (2102,1269) (2083,1259) (2068,1272) (2049,1301) (2050,1306) (2052,1307) (2052,1308) (2047,1315) (2044,1325) (2039,1332) (2034,1333) (2030,1339) (2022,1344) (2020,1350) (2020,1353) (2026,1350) (2025,1355) (2023,1358) (2016,1361) (2010,1370) (2011,1372) (2014,1370) (2012,1374) (2014,1374) (2015,1377) (2012,1379) (2013,1383) (2001,1390) (1999,1394) (1998,1404) (1993,1406) (1996,1393) (1994,1393) (1990,1398)
add_area 146653615 '-'  (2093,1281) (2089,1286) (2085,1290) (2078,1290) (2076,1293) (2073,1296) (2069,1304) (2070,1305) (2079,1297) (2086,1294) (2093,1288) (2093,1285) (2097,1281) (2096,1280) (2093,1281)
add_area 146655593 'ahvenuslampi'  (1280,1735) (1283,1733) (1285,1730) (1286,1729) (1288,1728) (1289,1729) (1296,1728) (1299,1726) (1301,1721) (1298,1718) (1301,1712) (1306,1708) (1305,1705) (1299,1710) (1296,1711) (1288,1716) (1286,1716) (1279,1711) (1277,1712) (1277,1716) (1275,1717) (1272,1723) (1270,1724) (1269,1724) (1271,1720) (1271,1717) (1270,1717) (1269,1716) (1267,1717) (1264,1722) (1263,1725) (1260,1725) (1258,1729) (1257,1734) (1253,1738) (1248,1743) (1247,1748) (1248,1750) (1251,1750) (1254,1748) (1256,1750) (1258,1750) (1259,1747) (1262,1747) (1263,1748) (1262,1750) (1262,1750) (1263,1749) (1266,1748) (1267,1749) (1267,1751) (1269,1752) (1272,1751) (1280,1747) (1282,1742) (1278,1738) (1280,1735)
add_area 146655591 '-'  (1281,1721) (1284,1720) (1284,1717) (1282,1717) (1281,1718) (1281,1721)
add_area 146655597 '-'  (1272,1732) (1274,1732) (1276,1731) (1277,1732) (1278,1732) (1279,1731) (1280,1727) (1280,1727) (1276,1730) (1273,1731) (1272,1732)
add_area 146655589 '-'  (1272,1739) (1274,1739) (1274,1736) (1272,1738) (1272,1739)
add_area 490159779 '-'  (1277,1719) (1278,1717) (1278,1716) (1276,1719) (1277,1719)
add_area 490159780 '-'  (1281,1725) (1283,1723) (1283,1722) (1281,1724) (1281,1725)
add_area 146812338 'takajarvi'  (2219,1493) (2202,1498) (2187,1513) (2181,1523) (2181,1530) (2171,1539) (2168,1544) (2169,1547) (2160,1556) (2159,1565) (2152,1572) (2140,1578) (2141,1592) (2132,1597) (2130,1602) (2131,1607) (2129,1609) (2126,1618) (2137,1613) (2142,1616) (2143,1624) (2148,1624) (2142,1634) (2147,1635) (2145,1641) (2134,1653) (2135,1656) (2142,1654) (2156,1641) (2156,1634) (2160,1635) (2162,1631) (2167,1629) (2181,1613) (2181,1602) (2187,1594) (2189,1584) (2181,1586) (2177,1592) (2172,1595) (2168,1594) (2161,1597) (2161,1595) (2172,1582) (2181,1580) (2184,1574) (2183,1568) (2178,1569) (2171,1566) (2179,1557) (2184,1540) (2189,1534) (2210,1518) (2212,1519) (2217,1514) (2218,1518) (2223,1520) (2228,1530) (2236,1535) (2240,1530) (2235,1527) (2230,1517) (2232,1513) (2224,1507) (2225,1501) (2221,1504) (2221,1502) (2225,1500) (2224,1495) (2220,1496) (2219,1493)
add_area 146812350 '-'  (2156,1624) (2160,1624) (2163,1621) (2159,1620) (2157,1621) (2156,1624)
add_area 146812344 '-'  (2161,1610) (2164,1608) (2166,1605) (2162,1606) (2161,1610)
add_area 146812345 '-'  (2145,1604) (2147,1602) (2146,1601) (2144,1604) (2145,1604)
add_area 146812341 '-'  (2155,1573) (2158,1570) (2157,1569) (2154,1572) (2155,1573)
add_area 146812347 '-'  (2176,1574) (2180,1571) (2180,1570) (2176,1573) (2176,1574)
add_area 146812349 '-'  (2181,1574) (2182,1574) (2182,1573) (2180,1572) (2180,1573) (2181,1574)
add_area 25059305 'keihasjarvi'  (3182,2104) (3215,2062) (3266,2022) (3255,2020) (3234,2033) (3218,2022) (3219,2034) (3229,2038) (3226,2045) (3212,2049) (3206,2042) (3196,2060) (3156,2074) (3150,2075) (3146,2066) (3198,2024) (3217,2019) (3231,1986) (3255,1963) (3263,1944) (3250,1947) (3230,1982) (3216,1991) (3217,1984) (3208,1972) (3186,1972) (3173,1960) (3161,1966) (3142,1962) (3150,1976) (3170,1979) (3167,2001) (3155,2001) (3153,2019) (3135,2024) (3111,2045) (3102,2062) (3107,2073) (3101,2083) (3052,2092) (3040,2123) (3041,2136) (3047,2130) (3043,2145) (3019,2155) (3017,2151) (3023,2149) (3002,2141) (2989,2154) (2987,2162) (2994,2168) (2975,2201) (2973,2216) (2948,2249) (2972,2241) (2988,2222) (3021,2204) (3028,2184) (3018,2180) (3014,2169) (3031,2157) (3044,2155) (3079,2129) (3082,2140) (3089,2143) (3081,2169) (3104,2180) (3120,2152) (3131,2147) (3146,2152) (3154,2148) (3157,2143) (3152,2136) (3175,2118) (3182,2104)
add_area 146934284 '-'  (2997,2203) (2995,2206) (2994,2205) (2992,2207) (2993,2208) (2995,2207) (2998,2209) (3005,2202) (3006,2198) (3000,2201) (2997,2203)
add_area 146934300 '-'  (2990,2187) (2993,2189) (2998,2186) (3002,2180) (2998,2180) (2990,2187)
add_area 146934313 '-'  (3064,2117) (3066,2120) (3070,2119) (3073,2118) (3073,2116) (3066,2115) (3064,2117)
add_area 146934324 '-'  (3116,2079) (3115,2082) (3113,2085) (3113,2086) (3116,2084) (3118,2082) (3124,2079) (3127,2076) (3120,2075) (3116,2079)
add_area 146934307 '-'  (3130,2101) (3132,2102) (3136,2102) (3138,2100) (3136,2096) (3131,2098) (3130,2101)
add_area 146934305 '-'  (3129,2110) (3125,2110) (3126,2113) (3130,2116) (3133,2111) (3132,2109) (3129,2110)
add_area 146934310 '-'  (3145,2107) (3147,2107) (3152,2106) (3153,2101) (3151,2101) (3146,2104) (3145,2107)
add_area 146934302 '-'  (3145,2123) (3150,2127) (3154,2123) (3156,2118) (3149,2118) (3145,2123)
add_area 146934298 '-'  (3195,2023) (3196,2022) (3196,2018) (3193,2020) (3195,2023)
add_area 146934293 'lamminlammi'  (2811,2238) (2807,2242) (2806,2246) (2802,2251) (2800,2254) (2794,2262) (2789,2272) (2781,2277) (2772,2275) (2760,2284) (2754,2282) (2753,2283) (2754,2285) (2751,2287) (2741,2300) (2739,2307) (2743,2312) (2744,2313) (2752,2306) (2756,2304) (2759,2301) (2781,2286) (2788,2285) (2793,2283) (2801,2277) (2803,2274) (2803,2271) (2799,2272) (2795,2271) (2797,2262) (2802,2257) (2807,2248) (2814,2243) (2817,2240) (2821,2235) (2819,2234) (2811,2238)
add_area 146934311 '-'  (2745,2309) (2750,2306) (2753,2303) (2751,2302) (2747,2306) (2745,2308) (2745,2309)
add_area 147173573 'ainesjarvi'  (979,3119) (975,3124) (967,3129) (961,3130) (958,3128) (962,3122) (962,3119) (959,3119) (958,3118) (954,3118) (945,3121) (936,3135) (941,3137) (941,3149) (943,3151) (941,3156) (944,3168) (950,3167) (951,3164) (958,3165) (968,3159) (974,3164) (981,3177) (987,3177) (993,3175) (1000,3166) (1005,3169) (1026,3168) (1034,3170) (1037,3174) (1045,3173) (1058,3167) (1071,3160) (1096,3121) (1098,3109) (1097,3098) (1094,3090) (1089,3089) (1083,3098) (1082,3107) (1080,3109) (1067,3107) (1068,3103) (1066,3102) (1062,3104) (1063,3101) (1072,3092) (1071,3088) (1060,3087) (1046,3098) (1043,3098) (1031,3106) (1019,3117) (1021,3122) (1019,3128) (1016,3132) (1008,3131) (1009,3124) (1016,3116) (1019,3114) (1019,3110) (1010,3113) (1008,3106) (1006,3105) (1001,3107) (1000,3105) (993,3108) (989,3112) (982,3113) (979,3119)
add_area 147173571 'valkeajarvi'  (1118,3139) (1112,3146) (1108,3145) (1109,3139) (1107,3139) (1100,3143) (1096,3149) (1098,3151) (1102,3150) (1111,3154) (1115,3160) (1116,3170) (1095,3194) (1096,3202) (1104,3203) (1106,3204) (1104,3210) (1104,3213) (1117,3221) (1122,3222) (1129,3219) (1132,3221) (1139,3217) (1140,3206) (1150,3197) (1158,3207) (1172,3211) (1173,3218) (1175,3220) (1184,3216) (1181,3209) (1174,3209) (1173,3206) (1169,3202) (1173,3192) (1170,3189) (1160,3190) (1157,3189) (1165,3178) (1169,3178) (1173,3173) (1173,3170) (1175,3168) (1175,3164) (1177,3158) (1192,3146) (1202,3134) (1201,3127) (1191,3130) (1181,3131) (1179,3138) (1172,3147) (1161,3154) (1157,3149) (1162,3140) (1160,3136) (1149,3143) (1145,3143) (1138,3146) (1137,3140) (1134,3138) (1130,3139) (1124,3137) (1118,3139)
add_area 147192017 'riuttajarvi'  (1965,3603) (1961,3608) (1959,3615) (1954,3619) (1947,3631) (1946,3642) (1950,3647) (1941,3660) (1938,3672) (1944,3676) (1940,3693) (1945,3693) (1944,3699) (1948,3700) (1956,3698) (1964,3683) (1969,3688) (1974,3682) (1975,3674) (1978,3668) (1997,3659) (1999,3655) (2004,3652) (2005,3653) (2002,3659) (2004,3661) (1999,3673) (1986,3686) (1976,3702) (1980,3706) (1980,3713) (1985,3714) (1987,3723) (1991,3724) (1997,3722) (2000,3724) (2012,3722) (2014,3702) (2034,3679) (2043,3671) (2050,3668) (2061,3651) (2061,3642) (2057,3640) (2054,3642) (2052,3639) (2046,3640) (2040,3635) (2040,3631) (2031,3631) (2033,3626) (2028,3626) (2030,3622) (2025,3617) (2018,3627) (2013,3629) (2004,3638) (1995,3641) (1991,3647) (1985,3649) (1988,3644) (1986,3643) (1988,3640) (1983,3639) (1976,3631) (1974,3618) (1977,3606) (1971,3600) (1965,3603)
add_area 147192021 '-'  (2015,3635) (2019,3631) (2018,3628) (2015,3632) (2015,3635)
add_area 147192025 '-'  (1982,3656) (1978,3657) (1977,3659) (1981,3659) (1986,3656) (1987,3651) (1984,3652) (1982,3656)
add_area 147192022 '-'  (1985,3711) (1987,3711) (1992,3707) (1991,3704) (1989,3704) (1985,3711)
add_area 31029191 'kaustaranjarvi'  (4354,954) (4352,957) (4352,959) (4353,960) (4354,960) (4358,958) (4359,956) (4364,956) (4373,954) (4388,955) (4392,955) (4400,951) (4406,944) (4411,941) (4418,936) (4422,932) (4424,928) (4421,926) (4419,927) (4419,926) (4416,926) (4414,926) (4411,929) (4409,936) (4406,941) (4399,942) (4385,942) (4375,939) (4374,936) (4373,936) (4370,938) (4365,946) (4354,954)
add_area 150098215 '-'  (4384,949) (4386,948) (4387,946) (4386,945) (4384,946) (4383,948) (4384,949)
add_area 22901399 'rikalanjarvi'  (4769,1290) (4766,1283) (4763,1283) (4753,1289) (4748,1293) (4745,1298) (4740,1304) (4735,1312) (4738,1314) (4740,1317) (4739,1328) (4742,1331) (4745,1331) (4748,1336) (4755,1336) (4754,1346) (4761,1347) (4761,1348) (4757,1353) (4764,1353) (4767,1351) (4775,1346) (4779,1346) (4784,1352) (4788,1352) (4793,1346) (4815,1330) (4823,1330) (4829,1336) (4837,1335) (4842,1329) (4852,1324) (4857,1324) (4862,1320) (4863,1316) (4858,1311) (4859,1307) (4856,1307) (4846,1314) (4843,1313) (4844,1302) (4840,1294) (4838,1293) (4830,1298) (4825,1299) (4824,1298) (4826,1293) (4828,1291) (4827,1290) (4825,1291) (4824,1290) (4821,1291) (4815,1297) (4811,1299) (4807,1299) (4804,1297) (4804,1296) (4795,1296) (4793,1294) (4791,1293) (4787,1294) (4786,1293) (4787,1289) (4779,1287) (4775,1289) (4769,1290)
add_area 150098204 '-'  (4771,1294) (4771,1295) (4768,1298) (4764,1303) (4763,1305) (4764,1306) (4766,1304) (4766,1304) (4767,1303) (4768,1301) (4770,1300) (4773,1297) (4774,1293) (4773,1292) (4771,1294)
add_area 31029196 'yla-pirttijarvi'  (4774,865) (4769,874) (4767,878) (4766,882) (4765,884) (4774,877) (4784,869) (4786,869) (4788,870) (4793,872) (4800,875) (4803,874) (4805,871) (4806,868) (4806,860) (4799,856) (4796,852) (4794,848) (4793,843) (4790,842) (4787,838) (4791,831) (4792,826) (4799,819) (4801,810) (4800,807) (4805,796) (4808,791) (4810,790) (4812,787) (4813,778) (4812,776) (4797,776) (4793,780) (4789,788) (4786,789) (4785,792) (4784,799) (4783,804) (4776,810) (4773,815) (4766,825) (4759,837) (4757,840) (4756,843) (4761,847) (4761,851) (4762,853) (4764,853) (4772,850) (4775,850) (4776,852) (4774,858) (4774,865)
add_area 150098219 '-'  (4777,844) (4781,840) (4784,824) (4782,823) (4776,826) (4770,833) (4770,840) (4774,844) (4777,844)
add_area 159374628 'jouttijarvi'  (2070,4086) (2071,4094) (2069,4099) (2054,4100) (2050,4099) (2044,4105) (2043,4108) (2047,4112) (2046,4116) (2041,4124) (2042,4132) (2051,4132) (2061,4124) (2066,4114) (2069,4114) (2075,4109) (2078,4110) (2078,4116) (2088,4120) (2098,4114) (2100,4116) (2101,4120) (2103,4123) (2110,4122) (2120,4117) (2119,4112) (2122,4108) (2121,4104) (2083,4097) (2082,4088) (2085,4084) (2085,4082) (2071,4084) (2070,4086)
add_area 159374646 '-'  (2058,4114) (2054,4118) (2052,4121) (2051,4123) (2054,4123) (2055,4120) (2063,4113) (2063,4108) (2060,4109) (2058,4114)
add_area 159627791 'heinuu'  (924,4300) (929,4300) (913,4323) (901,4344) (898,4345) (898,4349) (892,4358) (890,4366) (893,4366) (894,4368) (897,4365) (900,4363) (928,4332) (933,4329) (937,4322) (939,4318) (942,4316) (950,4307) (959,4300) (973,4281) (986,4268) (986,4262) (996,4250) (1010,4238) (1011,4235) (1026,4220) (1025,4216) (1020,4216) (1007,4229) (1003,4228) (997,4233) (990,4236) (984,4251) (976,4259) (973,4265) (962,4273) (946,4294) (943,4294) (946,4290) (943,4287) (940,4290) (929,4289) (923,4292) (924,4300)
add_area 159627807 '-'  (930,4305) (928,4307) (931,4305) (934,4302) (934,4303) (936,4302) (937,4300) (936,4299) (932,4300) (930,4305)
add_area 159627786 'iso mustajarvi'  (1016,4609) (1038,4595) (1040,4574) (1033,4568) (1031,4569) (1033,4561) (1039,4555) (1039,4549) (1037,4547) (1040,4544) (1048,4529) (1054,4525) (1067,4507) (1063,4502) (1065,4497) (1063,4494) (1068,4484) (1066,4484) (1070,4476) (1062,4471) (1054,4474) (1049,4472) (1045,4474) (1042,4480) (1041,4477) (1035,4480) (1032,4478) (1025,4482) (1025,4478) (1022,4479) (1023,4466) (1019,4463) (1022,4461) (1032,4460) (1035,4470) (1039,4472) (1041,4470) (1043,4463) (1040,4461) (1044,4454) (1036,4451) (1029,4455) (1025,4454) (1028,4446) (1028,4441) (1021,4437) (1016,4437) (1011,4426) (1006,4431) (1009,4457) (1001,4473) (1001,4482) (1004,4483) (1000,4495) (1001,4501) (1008,4508) (1003,4513) (999,4514) (996,4508) (990,4508) (988,4514) (983,4518) (986,4528) (984,4534) (978,4536) (970,4546) (968,4547) (966,4544) (963,4545) (954,4555) (956,4576) (946,4602) (931,4613) (931,4610) (913,4610) (910,4614) (1011,4614) (1016,4609)
add_area 159627790 'keskinen neulalampi'  (734,4451) (731,4450) (719,4453) (716,4456) (715,4462) (719,4465) (718,4470) (721,4473) (721,4476) (718,4478) (718,4481) (722,4484) (730,4482) (735,4476) (752,4465) (755,4462) (755,4460) (752,4459) (751,4456) (748,4455) (742,4456) (737,4456) (735,4454) (736,4452) (738,4449) (744,4446) (743,4442) (742,4441) (739,4442) (737,4444) (737,4449) (734,4451)
add_area 159627792 '-'  (728,4472) (729,4471) (729,4470) (727,4471) (728,4472)
add_area 159627789 'tuomiojarvi'  (952,3844) (949,3838) (940,3837) (936,3842) (935,3850) (931,3854) (932,3859) (929,3862) (929,3872) (927,3879) (923,3887) (923,3904) (924,3911) (929,3910) (937,3905) (941,3903) (941,3898) (946,3891) (949,3889) (953,3883) (960,3883) (962,3886) (968,3882) (972,3883) (973,3888) (981,3885) (983,3883) (978,3878) (980,3875) (978,3872) (979,3869) (983,3861) (988,3858) (991,3853) (992,3855) (995,3852) (994,3851) (997,3849) (992,3850) (993,3845) (990,3839) (985,3837) (972,3840) (967,3838) (961,3845) (956,3844) (952,3847) (952,3844)
add_area 159627805 '-'  (952,3874) (953,3877) (956,3876) (961,3868) (959,3866) (956,3869) (952,3872) (952,3874)
add_area 81103625 '-'  (3051,3587) (3049,3585) (3046,3586) (3043,3588) (3040,3591) (3043,3594) (3041,3596) (3042,3597) (3050,3591) (3051,3587)
add_area 160386127 '-'  (3019,3602) (3022,3600) (3023,3598) (3019,3600) (3019,3602)
add_area 160386134 '-'  (2971,3586) (2973,3584) (2973,3582) (2971,3583) (2968,3586) (2971,3586)
add_area 160386135 '-'  (3022,3579) (3024,3578) (3027,3575) (3026,3574) (3023,3577) (3022,3579)
add_area 160386132 '-'  (2917,3749) (2920,3747) (2920,3745) (2918,3746) (2917,3749)
add_area 160386128 '-'  (2862,3731) (2863,3730) (2863,3729) (2862,3731) (2862,3731)
add_area 160386129 '-'  (2862,3728) (2864,3726) (2864,3725) (2862,3726) (2862,3728)
add_area 371547855 '-'  (2998,3750) (2999,3747) (2997,3747) (2996,3749) (2998,3750)
add_area 371547856 '-'  (2998,3727) (3000,3728) (3003,3725) (3002,3722) (2998,3724) (2998,3727)
add_area 2146212 'haukkajarvi'  (2865,3686) (2834,3720) (2832,3757) (2840,3757) (2829,3775) (2841,3786) (2854,3785) (2850,3791) (2857,3792) (2857,3805) (2876,3781) (2896,3781) (2903,3772) (2896,3767) (2923,3753) (2933,3738) (2939,3734) (2946,3744) (2980,3739) (2982,3748) (2969,3762) (2991,3757) (3001,3790) (2968,3786) (2957,3797) (2976,3802) (2973,3814) (2984,3817) (2998,3794) (3016,3789) (3035,3769) (3034,3763) (3006,3769) (2996,3760) (3003,3748) (3008,3751) (3039,3725) (3038,3718) (3025,3716) (3028,3709) (2983,3723) (2975,3710) (2979,3691) (2996,3675) (3021,3672) (3032,3659) (3020,3653) (3056,3637) (3066,3620) (3063,3610) (3074,3600) (3072,3590) (3097,3561) (3060,3580) (3057,3572) (3035,3587) (3029,3582) (3046,3568) (3035,3553) (3023,3552) (3031,3540) (3020,3542) (3024,3532) (3006,3536) (3001,3548) (2986,3543) (2976,3569) (2955,3591) (2971,3592) (2958,3616) (2909,3657) (2876,3664) (2865,3686)
add_area 81103329 'iso jouttenus'  (2583,3689) (2586,3689) (2589,3692) (2592,3693) (2597,3690) (2602,3689) (2604,3687) (2605,3684) (2602,3682) (2605,3676) (2605,3672) (2602,3672) (2598,3674) (2598,3673) (2602,3669) (2604,3670) (2606,3667) (2605,3666) (2606,3661) (2614,3659) (2613,3656) (2606,3656) (2604,3659) (2600,3664) (2597,3664) (2596,3661) (2594,3661) (2590,3670) (2584,3677) (2587,3678) (2587,3682) (2584,3685) (2583,3689)
add_area 160386142 '-'  (2591,3677) (2592,3678) (2593,3679) (2594,3679) (2593,3677) (2594,3676) (2593,3675) (2591,3676) (2591,3677)
add_area 81103327 'iso pirttilampi'  (2790,3650) (2792,3650) (2792,3648) (2791,3645) (2787,3642) (2790,3639) (2788,3638) (2784,3640) (2782,3640) (2783,3638) (2779,3636) (2776,3638) (2777,3645) (2776,3648) (2777,3650) (2774,3654) (2767,3657) (2770,3662) (2777,3664) (2780,3662) (2781,3663) (2782,3666) (2789,3665) (2794,3659) (2808,3658) (2811,3654) (2797,3649) (2795,3651) (2790,3652) (2790,3650)
add_area 160386143 '-'  (2780,3657) (2780,3658) (2783,3661) (2787,3661) (2791,3660) (2792,3655) (2789,3653) (2783,3654) (2780,3657)
add_area 81103340 'mustajarvi'  (2654,3681) (2652,3679) (2653,3669) (2649,3668) (2651,3660) (2639,3669) (2635,3683) (2639,3693) (2641,3694) (2643,3691) (2645,3692) (2639,3698) (2641,3701) (2645,3695) (2648,3698) (2645,3703) (2646,3708) (2641,3709) (2620,3731) (2619,3730) (2620,3722) (2624,3717) (2628,3714) (2626,3711) (2620,3719) (2615,3718) (2614,3714) (2603,3728) (2600,3737) (2603,3739) (2599,3746) (2602,3752) (2605,3751) (2610,3746) (2614,3756) (2601,3785) (2597,3785) (2592,3794) (2594,3794) (2593,3798) (2575,3803) (2566,3809) (2563,3809) (2557,3805) (2558,3802) (2533,3822) (2535,3824) (2550,3815) (2570,3813) (2573,3815) (2593,3804) (2600,3805) (2601,3808) (2604,3808) (2606,3802) (2617,3788) (2627,3778) (2632,3776) (2636,3770) (2634,3765) (2636,3761) (2634,3754) (2646,3734) (2641,3729) (2630,3730) (2630,3728) (2643,3714) (2653,3711) (2659,3706) (2665,3696) (2665,3693) (2662,3693) (2651,3700) (2652,3695) (2661,3685) (2655,3683) (2654,3681)
add_area 160386138 '-'  (2641,3677) (2641,3679) (2644,3678) (2645,3676) (2642,3675) (2641,3677)
add_area 160386136 '-'  (2655,3706) (2655,3705) (2653,3705) (2653,3707) (2654,3708) (2655,3706)
add_area 160386126 '-'  (2612,3726) (2614,3727) (2616,3725) (2615,3724) (2612,3726)
add_area 160386141 '-'  (2616,3772) (2619,3770) (2623,3766) (2619,3764) (2616,3766) (2613,3769) (2613,3771) (2616,3772)
add_area 160386125 '-'  (2617,3774) (2614,3773) (2613,3775) (2617,3774)
add_area 160386131 '-'  (2620,3777) (2619,3775) (2618,3775) (2618,3778) (2620,3777)
add_area 160386130 '-'  (2617,3784) (2617,3781) (2616,3781) (2614,3782) (2617,3784)
add_area 160406455 '-'  (2992,3934) (2994,3932) (2993,3931) (2991,3933) (2992,3934)
add_area 81102801 'kontaslammi'  (3301,3468) (3300,3462) (3296,3463) (3294,3460) (3288,3465) (3290,3468) (3289,3471) (3285,3476) (3284,3478) (3285,3480) (3282,3482) (3280,3483) (3256,3504) (3258,3507) (3251,3518) (3250,3521) (3252,3523) (3255,3521) (3261,3517) (3262,3510) (3266,3508) (3271,3508) (3277,3503) (3279,3498) (3284,3495) (3286,3492) (3287,3483) (3299,3469) (3301,3468)
add_area 160406456 '-'  (3269,3499) (3272,3498) (3272,3497) (3269,3498) (3269,3499)
add_area 160406454 '-'  (3256,3513) (3257,3512) (3256,3511) (3255,3512) (3256,3513)
add_area 160406460 '-'  (3287,3478) (3289,3476) (3290,3474) (3287,3476) (3286,3477) (3287,3478)
add_area 25059417 'iso saarijarvi'  (3644,3394) (3650,3391) (3647,3388) (3650,3384) (3645,3388) (3640,3382) (3633,3386) (3616,3401) (3578,3425) (3580,3427) (3575,3432) (3575,3446) (3581,3455) (3599,3434) (3639,3410) (3637,3416) (3648,3419) (3613,3440) (3614,3445) (3622,3446) (3623,3450) (3630,3448) (3630,3454) (3639,3446) (3645,3445) (3653,3433) (3666,3427) (3676,3418) (3671,3417) (3689,3406) (3683,3405) (3689,3396) (3679,3397) (3681,3393) (3685,3394) (3689,3385) (3694,3382) (3694,3386) (3697,3386) (3714,3371) (3714,3367) (3727,3360) (3733,3348) (3746,3347) (3759,3328) (3755,3330) (3745,3318) (3732,3315) (3730,3309) (3722,3314) (3719,3311) (3700,3340) (3686,3352) (3672,3383) (3665,3393) (3656,3400) (3647,3402) (3644,3394)
add_area 160481218 '-'  (3729,3349) (3730,3349) (3732,3347) (3731,3346) (3730,3346) (3729,3349)
add_area 160481204 '-'  (3688,3387) (3689,3386) (3688,3386) (3687,3387) (3688,3387)
add_area 160481213 '-'  (3662,3399) (3665,3397) (3665,3396) (3661,3399) (3662,3399)
add_area 160481223 '-'  (3659,3405) (3660,3406) (3662,3404) (3661,3403) (3659,3405)
add_area 160481215 '-'  (3667,3418) (3667,3420) (3669,3418) (3668,3417) (3667,3418)
add_area 160481221 '-'  (3639,3403) (3639,3404) (3642,3402) (3641,3402) (3639,3403)
add_area 81109763 'kaleton'  (4030,3315) (4023,3327) (4014,3331) (4014,3333) (4017,3334) (4021,3333) (4022,3335) (4017,3345) (4012,3350) (4007,3356) (4006,3362) (4005,3364) (4007,3367) (4017,3372) (4018,3372) (4032,3362) (4033,3359) (4039,3351) (4043,3345) (4045,3337) (4049,3330) (4050,3327) (4051,3326) (4051,3325) (4048,3327) (4045,3330) (4037,3332) (4035,3329) (4037,3322) (4039,3317) (4043,3315) (4046,3309) (4048,3307) (4050,3301) (4050,3300) (4051,3299) (4054,3292) (4054,3290) (4052,3290) (4047,3296) (4036,3310) (4030,3315)
add_area 81109764 'kovero'  (3719,3663) (3710,3670) (3699,3664) (3683,3665) (3705,3640) (3710,3641) (3715,3632) (3712,3625) (3719,3623) (3731,3609) (3721,3613) (3722,3608) (3709,3618) (3701,3616) (3736,3589) (3735,3584) (3727,3589) (3725,3588) (3733,3584) (3728,3580) (3740,3569) (3740,3557) (3769,3513) (3789,3499) (3824,3462) (3898,3398) (3987,3339) (4010,3303) (3974,3338) (3932,3355) (3913,3376) (3893,3386) (3857,3421) (3838,3431) (3829,3427) (3796,3455) (3796,3462) (3770,3487) (3702,3582) (3654,3631) (3656,3642) (3648,3651) (3649,3656) (3680,3626) (3693,3626) (3697,3636) (3663,3673) (3669,3678) (3663,3688) (3668,3698) (3665,3704) (3616,3712) (3597,3723) (3647,3714) (3660,3728) (3676,3717) (3729,3711) (3725,3736) (3737,3716) (3752,3704) (3769,3704) (3807,3687) (3807,3680) (3800,3673) (3785,3680) (3782,3676) (3760,3689) (3749,3690) (3746,3685) (3711,3699) (3677,3702) (3684,3687) (3706,3681) (3738,3659) (3766,3649) (3785,3619) (3767,3623) (3761,3638) (3719,3663)
add_area 160481224 'helvetinjarven kansallispuisto'  (3695,3669) (3692,3673) (3697,3672) (3701,3666) (3699,3666) (3695,3669)
add_area 160481208 '-'  (3819,3465) (3821,3463) (3820,3463) (3819,3465) (3819,3465)
add_area 160481210 '-'  (3366,3774) (3371,3770) (3371,3768) (3367,3770) (3366,3772) (3366,3774)
add_area 160481209 '-'  (3429,3792) (3430,3789) (3429,3790) (3428,3791) (3429,3792)
add_area 160481217 '-'  (3402,3818) (3403,3817) (3403,3816) (3401,3816) (3402,3818)
add_area 2147208 'luoma'  (3390,3809) (3385,3812) (3377,3824) (3337,3860) (3338,3864) (3340,3865) (3351,3856) (3368,3847) (3392,3826) (3415,3811) (3435,3803) (3477,3770) (3488,3765) (3480,3765) (3479,3761) (3485,3756) (3496,3755) (3511,3749) (3519,3750) (3519,3743) (3513,3744) (3512,3742) (3504,3739) (3509,3736) (3515,3738) (3521,3733) (3526,3734) (3541,3725) (3542,3719) (3559,3709) (3558,3703) (3561,3701) (3571,3700) (3579,3695) (3561,3695) (3555,3690) (3550,3692) (3531,3703) (3524,3704) (3511,3717) (3494,3726) (3486,3727) (3447,3744) (3439,3749) (3439,3747) (3447,3738) (3442,3738) (3421,3747) (3420,3750) (3414,3751) (3390,3765) (3389,3762) (3370,3763) (3364,3766) (3347,3769) (3325,3776) (3325,3782) (3332,3778) (3339,3782) (3334,3789) (3334,3791) (3339,3791) (3351,3782) (3359,3783) (3360,3778) (3366,3779) (3372,3776) (3376,3769) (3396,3772) (3403,3770) (3413,3771) (3410,3777) (3417,3781) (3417,3784) (3405,3792) (3390,3809)
add_area 81102805 'pikku saarijarvi'  (3469,3546) (3477,3540) (3478,3540) (3480,3538) (3490,3535) (3494,3529) (3487,3523) (3488,3521) (3499,3509) (3500,3506) (3503,3502) (3500,3497) (3500,3494) (3497,3491) (3489,3493) (3489,3491) (3487,3490) (3488,3486) (3486,3484) (3484,3485) (3481,3485) (3473,3492) (3469,3493) (3466,3496) (3464,3501) (3460,3504) (3456,3514) (3457,3523) (3453,3530) (3448,3533) (3442,3539) (3438,3541) (3432,3546) (3428,3554) (3426,3562) (3427,3564) (3428,3563) (3434,3565) (3431,3569) (3432,3571) (3435,3570) (3436,3571) (3438,3570) (3441,3567) (3444,3565) (3446,3566) (3448,3566) (3451,3563) (3453,3560) (3459,3553) (3464,3551) (3465,3549) (3465,3548) (3466,3547) (3469,3546)
add_area 81109753 'kuivajarvi'  (4130,3208) (4128,3210) (4131,3212) (4134,3212) (4137,3210) (4143,3214) (4146,3212) (4151,3204) (4153,3198) (4152,3197) (4153,3195) (4156,3188) (4166,3177) (4173,3169) (4174,3162) (4178,3156) (4177,3154) (4174,3154) (4167,3158) (4161,3161) (4160,3158) (4159,3158) (4158,3153) (4155,3153) (4153,3154) (4153,3154) (4154,3154) (4155,3159) (4152,3166) (4145,3174) (4142,3176) (4137,3182) (4136,3184) (4136,3186) (4134,3190) (4135,3192) (4132,3196) (4131,3197) (4127,3198) (4125,3194) (4126,3192) (4130,3187) (4129,3181) (4129,3178) (4126,3176) (4121,3176) (4117,3179) (4109,3200) (4106,3201) (4107,3204) (4114,3208) (4115,3211) (4117,3211) (4120,3210) (4124,3207) (4125,3206) (4126,3205) (4127,3202) (4128,3201) (4128,3199) (4129,3199) (4130,3198) (4131,3199) (4129,3201) (4129,3202) (4129,3204) (4131,3207) (4130,3208)
add_area 160501855 '-'  (4155,3176) (4156,3177) (4157,3175) (4158,3173) (4155,3174) (4155,3176)
add_area 81109774 '-'  (4151,3183) (4154,3182) (4156,3179) (4152,3179) (4150,3180) (4149,3182) (4151,3183)
add_area 160501858 '-'  (4144,3185) (4143,3185) (4145,3186) (4145,3185) (4148,3182) (4147,3181) (4144,3185)
add_area 163682292 'latovesi'  (1207,1875) (1207,1875) (1205,1877) (1205,1875) (1202,1877) (1199,1884) (1197,1885) (1195,1890) (1191,1891) (1189,1902) (1187,1903) (1185,1902) (1184,1904) (1183,1907) (1177,1915) (1176,1919) (1172,1924) (1171,1928) (1167,1930) (1164,1930) (1159,1932) (1157,1939) (1158,1943) (1155,1949) (1155,1953) (1159,1954) (1165,1952) (1167,1955) (1169,1955) (1172,1948) (1179,1944) (1179,1946) (1180,1947) (1181,1948) (1180,1952) (1184,1951) (1182,1955) (1184,1956) (1187,1960) (1182,1967) (1181,1970) (1182,1973) (1177,1979) (1176,1982) (1178,1988) (1182,1987) (1184,1988) (1186,1988) (1188,1983) (1192,1981) (1200,1970) (1205,1968) (1206,1962) (1209,1950) (1206,1947) (1207,1944) (1205,1943) (1208,1939) (1209,1931) (1207,1930) (1211,1921) (1211,1916) (1215,1906) (1213,1905) (1214,1900) (1218,1895) (1218,1891) (1216,1888) (1219,1884) (1221,1882) (1221,1880) (1219,1880) (1218,1878) (1223,1868) (1222,1866) (1218,1868) (1220,1862) (1219,1861) (1214,1862) (1207,1875)
add_area 2270668 'kihnio'  (0,4614) (175,4614) (162,4528) (159,4517) (105,4479) (213,4209) (119,4245) (104,4260) (87,4294) (86,4306) (73,4311) (66,4300) (57,4300) (2,4271) (15,4250) (0,4236) (0,4614)
add_area 2270669 'parkano'  (0,2649) (18,2653) (0,2679) (0,4236) (15,4250) (2,4271) (57,4300) (66,4300) (73,4311) (86,4306) (87,4294) (104,4260) (119,4245) (213,4209) (395,4139) (422,4079) (564,4089) (621,4081) (762,3711) (751,3503) (843,3353) (788,3167) (783,3158) (783,3155) (784,3149) (784,3147) (783,3147) (774,3146) (773,3145) (773,3143) (778,3131) (777,3130) (773,3097) (769,3094) (768,3091) (764,3091) (761,3093) (756,3096) (749,3097) (747,3096) (747,3093) (751,3088) (754,3082) (756,3074) (766,3055) (767,3050) (766,3047) (759,3046) (752,3048) (728,3063) (753,2912) (739,2905) (740,2882) (744,2877) (741,2870) (747,2863) (741,2846) (828,2724) (794,2693) (1015,2192) (238,2127) (220,2143) (193,2134) (41,2365) (0,2378) (0,2649)
add_area 175774657 'tolli-kivijarvi'  (1132,1485) (1131,1480) (1127,1479) (1121,1487) (1120,1496) (1122,1510) (1118,1527) (1120,1530) (1124,1528) (1127,1525) (1127,1522) (1125,1520) (1127,1518) (1131,1519) (1138,1515) (1139,1512) (1137,1514) (1137,1512) (1142,1505) (1149,1489) (1148,1484) (1147,1482) (1137,1486) (1132,1486) (1132,1485)
add_area 2371980 'juupajoki'  (6645,1167) (6590,1133) (6512,1085) (6144,1335) (6266,1514) (6285,1541) (6309,1577) (6326,1603) (6465,1661) (6671,1825) (6701,1814) (6701,1103) (6645,1167)
add_area 2524087 'ikaalinen'  (0,2378) (41,2365) (193,2134) (220,2143) (238,2127) (1015,2192) (794,2693) (828,2724) (1180,2521) (1329,2483) (1381,2461) (1396,2444) (1420,2442) (1479,2413) (1523,2402) (1533,2389) (1562,2379) (1590,2337) (1613,2345) (1626,2366) (1648,2364) (1653,2353) (1683,2338) (1693,2311) (1724,2280) (1712,2246) (1720,2189) (1741,2171) (1783,2176) (1846,2042) (1834,2041) (1871,1963) (1841,1959) (1853,1878) (1937,1890) (1970,1835) (2093,1901) (2146,1779) (2234,1766) (2328,1824) (2359,1778) (2260,1718) (2322,1653) (2634,1695) (2638,1682) (2679,1683) (2836,1275) (2505,1219) (2436,1197) (2400,1212) (2374,1205) (2131,1247) (2097,1175) (1944,1184) (1947,1130) (1862,1010) (1789,924) (1792,764) (1810,741) (1760,789) (1740,823) (1733,815) (1717,825) (1721,830) (1661,876) (1615,888) (1595,705) (1739,672) (1797,617) (1639,459) (1611,442) (1585,451) (1527,493) (1479,492) (1447,523) (1422,527) (1326,579) (1157,329) (0,1044) (0,2378)
add_area 404 'ikaalinen'  (0,2679) (18,2653) (0,2649) (0,2679)
add_area 637618198 '-'  (2984,3817) (2979,3817) (2973,3814) (2972,3810) (2976,3803) (2976,3802) (2973,3801) (2966,3803) (2964,3802) (2962,3803) (2960,3803) (2959,3800) (2964,3833) (2988,3823) (2987,3815) (2984,3817)
add_area 2568293 'helvetinjarven kansallispuisto'  (3410,3790) (3413,3771) (3339,3791) (3324,3780) (3444,3747) (3555,3690) (3579,3695) (3460,3782) (3566,3764) (3591,3725) (3624,3726) (3626,3719) (3603,3716) (3665,3704) (3669,3678) (3638,3672) (3654,3631) (3796,3455) (4010,3303) (3987,3339) (3769,3513) (3741,3563) (3869,3435) (3958,3365) (4006,3362) (4052,3290) (4037,3332) (4089,3281) (4046,3243) (4064,3224) (3764,3269) (3777,3239) (3838,3215) (3880,3169) (3858,3178) (3804,3114) (3677,3099) (3724,3008) (3681,2950) (3607,3049) (3597,3041) (3344,3322) (3284,3335) (3259,3374) (3138,3420) (3062,3467) (3024,3514) (2983,3516) (2970,3492) (2956,3504) (2950,3551) (2768,3772) (2683,3793) (2617,3884) (2678,3923) (2724,3871) (2747,3887) (2771,3870) (2881,3929) (2951,3862) (2928,3930) (2863,3984) (2793,4011) (2794,4035) (2762,4059) (2773,4081) (2791,4071) (2792,4126) (2814,4125) (2817,4195) (2842,4209) (2872,4129) (2859,4121) (2985,4068) (3044,4003) (3134,4000) (3208,3909) (3118,3892) (3410,3790)
add_area 31024869 'iso petajajarvi'  (6064,961) (6075,968) (6079,975) (6080,984) (6084,981) (6083,979) (6088,970) (6097,962) (6103,965) (6112,961) (6123,964) (6129,969) (6130,972) (6126,988) (6127,991) (6124,1000) (6125,1002) (6126,1003) (6133,998) (6130,1005) (6135,1007) (6144,1007) (6146,1022) (6151,1018) (6162,1019) (6170,1016) (6167,1013) (6167,1007) (6158,996) (6156,986) (6154,985) (6151,986) (6147,980) (6137,977) (6135,975) (6137,967) (6143,966) (6145,964) (6147,953) (6150,950) (6150,941) (6144,947) (6141,947) (6138,944) (6133,945) (6132,943) (6127,946) (6123,944) (6115,944) (6111,941) (6112,935) (6116,929) (6116,927) (6112,926) (6100,930) (6096,924) (6088,934) (6089,932) (6087,928) (6084,927) (6081,928) (6078,928) (6076,924) (6062,923) (6060,918) (6054,925) (6054,929) (6053,934) (6054,936) (6062,936) (6063,941) (6050,952) (6050,954) (6061,953) (6062,956) (6064,956) (6064,961)
add_area 199094785 '-'  (6080,974) (6082,972) (6082,969) (6081,969) (6079,971) (6080,974)
add_area 199094788 '-'  (6089,939) (6092,939) (6094,936) (6092,935) (6089,937) (6089,939)
add_area 31024868 'haukkajarvi'  (6102,860) (6100,859) (6089,863) (6085,864) (6084,865) (6084,866) (6085,866) (6088,866) (6088,866) (6085,868) (6084,867) (6082,867) (6078,869) (6078,871) (6075,872) (6073,873) (6073,877) (6071,881) (6071,884) (6074,886) (6080,885) (6086,882) (6087,879) (6086,876) (6083,878) (6082,876) (6085,873) (6092,869) (6094,871) (6096,871) (6102,860)
add_area 199250477 '-'  (6078,876) (6077,877) (6077,879) (6078,879) (6079,875) (6078,876)
add_area 31023603 'ralakejarvi'  (5596,914) (5594,919) (5594,926) (5589,931) (5587,938) (5586,938) (5586,932) (5584,930) (5577,927) (5571,929) (5567,927) (5565,926) (5564,928) (5569,933) (5576,939) (5578,939) (5580,943) (5581,944) (5583,946) (5587,945) (5595,940) (5598,936) (5601,933) (5604,931) (5608,926) (5610,925) (5617,929) (5619,928) (5620,926) (5616,924) (5617,923) (5623,920) (5628,918) (5631,914) (5635,912) (5635,910) (5633,908) (5634,905) (5637,903) (5638,899) (5642,897) (5642,893) (5640,882) (5635,881) (5632,885) (5626,891) (5625,895) (5621,896) (5620,892) (5617,892) (5600,905) (5593,908) (5596,914)
add_area 199390702 '-'  (5607,917) (5607,923) (5609,925) (5610,924) (5610,916) (5608,915) (5607,917)
add_area 27360048 'siitinjarvi'  (6344,4) (6349,10) (6353,15) (6361,22) (6367,33) (6375,34) (6383,34) (6384,32) (6384,30) (6385,25) (6384,19) (6382,19) (6378,22) (6375,22) (6373,21) (6370,21) (6369,18) (6371,16) (6373,15) (6374,13) (6372,12) (6372,7) (6374,5) (6377,7) (6381,5) (6383,2) (6382,0) (6382,0) (6341,0) (6344,4)
add_area 199505336 '-'  (6370,16) (6369,15) (6368,16) (6368,17) (6369,17) (6370,16)
add_area 27360218 'iso-miekka'  (6486,143) (6482,143) (6480,152) (6474,163) (6480,166) (6483,166) (6482,169) (6494,172) (6501,178) (6505,177) (6510,181) (6516,183) (6521,188) (6521,192) (6523,196) (6522,200) (6523,202) (6527,202) (6525,207) (6521,211) (6520,215) (6530,217) (6532,219) (6539,217) (6540,219) (6545,219) (6551,225) (6554,224) (6559,219) (6563,213) (6571,206) (6578,203) (6574,197) (6570,201) (6568,200) (6560,203) (6550,203) (6547,198) (6550,194) (6554,191) (6562,191) (6565,188) (6568,177) (6567,174) (6560,174) (6558,171) (6547,178) (6541,176) (6544,169) (6538,167) (6538,163) (6542,158) (6563,152) (6563,150) (6566,150) (6576,144) (6580,139) (6578,137) (6571,140) (6568,136) (6564,138) (6562,145) (6552,152) (6545,155) (6525,154) (6521,152) (6533,134) (6524,142) (6517,146) (6508,144) (6503,145) (6501,144) (6498,146) (6492,144) (6488,145) (6486,143)
add_area 199520144 '-'  (6529,174) (6526,176) (6526,177) (6529,177) (6531,177) (6531,173) (6530,172) (6529,174)
add_area 25211813 'ukaanjarvi'  (5364,78) (5357,73) (5351,90) (5352,122) (5344,139) (5327,160) (5316,163) (5317,188) (5334,209) (5330,221) (5313,233) (5270,208) (5247,210) (5265,234) (5290,248) (5319,245) (5300,326) (5273,335) (5288,308) (5257,299) (5239,278) (5198,256) (5210,274) (5228,278) (5235,301) (5164,343) (5162,360) (5171,365) (5165,376) (5189,364) (5212,369) (5233,360) (5232,353) (5211,360) (5209,347) (5201,351) (5215,335) (5220,348) (5228,349) (5243,332) (5260,338) (5262,352) (5289,366) (5312,348) (5332,263) (5350,251) (5342,232) (5348,208) (5343,200) (5331,201) (5339,190) (5335,182) (5359,173) (5373,190) (5386,190) (5373,170) (5369,138) (5379,112) (5362,89) (5371,76) (5364,78)
add_area 199707291 '-'  (5225,317) (5222,321) (5223,321) (5226,318) (5228,315) (5225,317)
add_area 199707290 '-'  (5233,313) (5235,311) (5233,310) (5230,313) (5231,314) (5233,313)
add_area 213207514 '-'  (5817,2352) (5814,2352) (5813,2351) (5811,2350) (5809,2353) (5807,2354) (5806,2355) (5808,2355) (5805,2359) (5806,2359) (5803,2363) (5803,2364) (5799,2370) (5797,2375) (5799,2376) (5803,2376) (5804,2374) (5805,2373) (5806,2374) (5806,2376) (5807,2376) (5811,2375) (5813,2374) (5815,2368) (5817,2366) (5817,2365) (5816,2366) (5815,2365) (5816,2364) (5818,2352) (5817,2352)
add_area 213207512 '-'  (5808,2365) (5810,2364) (5812,2365) (5815,2363) (5816,2359) (5815,2358) (5812,2358) (5808,2361) (5808,2360) (5810,2359) (5809,2357) (5808,2357) (5805,2361) (5806,2362) (5803,2363) (5803,2365) (5805,2368) (5806,2368) (5808,2365)
add_area 213207520 '-'  (5800,2371) (5802,2370) (5804,2368) (5803,2367) (5802,2367) (5800,2370) (5800,2371)
add_area 213207523 '-'  (5807,2369) (5808,2369) (5810,2369) (5811,2366) (5810,2365) (5808,2368) (5807,2369)
add_area 27374754 'sikosaari'  (4646,2375) (4644,2375) (4644,2374) (4642,2375) (4640,2377) (4639,2378) (4641,2378) (4643,2378) (4644,2379) (4644,2380) (4644,2382) (4645,2383) (4646,2385) (4648,2386) (4651,2382) (4650,2380) (4650,2378) (4652,2377) (4653,2373) (4650,2373) (4646,2375)
add_area 215579091 '-'  (4663,2416) (4663,2415) (4663,2414) (4660,2415) (4658,2416) (4657,2417) (4657,2418) (4654,2421) (4653,2423) (4662,2417) (4663,2416)
add_area 52021583 'seitsemisen kansallispuisto'  (1015,2973) (1055,2874) (1137,2789) (1101,2760) (1125,2684) (1168,2642) (1226,2690) (1242,2667) (1244,2689) (1226,2699) (1209,2745) (1087,2910) (1101,2920) (1145,2877) (1161,2891) (1193,2890) (1192,2903) (1205,2896) (1216,2908) (1198,2969) (1218,2963) (1217,3027) (1303,3005) (1399,2996) (1518,2872) (1515,2848) (1542,2780) (1522,2768) (1546,2669) (1558,2669) (1583,2609) (1559,2607) (1567,2587) (1637,2585) (1671,2604) (1693,2569) (1696,2594) (1712,2589) (1689,2629) (1715,2642) (1766,2529) (1785,2527) (1780,2469) (1812,2408) (1861,2357) (1887,2353) (2053,2167) (2130,1989) (2068,1983) (2071,1974) (2017,1984) (1835,2070) (1786,2174) (1804,2176) (1756,2285) (1724,2271) (1717,2228) (1648,2226) (1611,2160) (1629,2101) (1592,2089) (1624,1984) (1575,1979) (1446,2166) (1405,2282) (1345,2277) (1325,2322) (1288,2319) (1178,2523) (1124,2554) (1005,2821) (1037,2840) (993,2952) (1015,2973)
add_area 222312685 '-'  (1088,2734) (1097,2739) (1104,2731) (1094,2726) (1088,2734)
add_area 222313726 '-'  (1065,2780) (1071,2771) (1066,2762) (1053,2776) (1065,2780)
add_area 222313722 '-'  (1661,2384) (1677,2393) (1686,2384) (1669,2374) (1661,2384)
add_area 222313723 '-'  (1262,2734) (1269,2735) (1275,2722) (1273,2722) (1277,2713) (1280,2712) (1286,2708) (1289,2701) (1291,2698) (1294,2699) (1299,2697) (1301,2701) (1294,2718) (1303,2719) (1289,2764) (1300,2764) (1295,2772) (1275,2771) (1248,2802) (1255,2814) (1297,2785) (1373,2659) (1357,2637) (1346,2642) (1326,2649) (1258,2725) (1262,2734)
add_area 136016271 'vaha kivijarvi'  (1193,2884) (1193,2884) (1193,2885) (1194,2886) (1195,2887) (1195,2887) (1195,2888) (1195,2889) (1195,2890) (1196,2890) (1196,2891) (1197,2890) (1198,2889) (1200,2888) (1202,2888) (1202,2889) (1203,2889) (1206,2888) (1208,2887) (1210,2887) (1211,2884) (1213,2882) (1214,2882) (1215,2880) (1215,2879) (1216,2877) (1217,2875) (1216,2874) (1216,2873) (1217,2872) (1217,2871) (1218,2870) (1219,2869) (1219,2868) (1218,2865) (1217,2861) (1216,2858) (1216,2854) (1217,2854) (1216,2853) (1217,2852) (1217,2850) (1216,2847) (1214,2845) (1212,2845) (1210,2847) (1208,2848) (1208,2849) (1207,2850) (1206,2853) (1206,2853) (1205,2854) (1203,2855) (1201,2858) (1201,2859) (1200,2861) (1197,2870) (1196,2872) (1195,2874) (1194,2877) (1193,2879) (1193,2883) (1193,2884)
add_area 133082403 'pihlajajarvi'  (3859,2355) (3870,2348) (3876,2346) (3880,2347) (3881,2350) (3884,2351) (3886,2350) (3887,2344) (3883,2334) (3881,2333) (3878,2334) (3878,2333) (3880,2330) (3879,2328) (3875,2327) (3874,2323) (3872,2324) (3870,2323) (3868,2325) (3864,2335) (3866,2337) (3864,2340) (3860,2340) (3854,2343) (3850,2343) (3848,2346) (3849,2347) (3846,2352) (3845,2356) (3847,2362) (3859,2355)
add_area 222622897 '-'  (3875,2335) (3874,2335) (3874,2335) (3874,2335) (3874,2335) (3875,2335)
add_area 3080900 'polvijarvi'  (2019,2071) (2018,2078) (2021,2081) (2025,2081) (2028,2082) (2032,2078) (2042,2081) (2046,2076) (2046,2075) (2051,2072) (2053,2077) (2051,2084) (2056,2083) (2055,2087) (2045,2097) (2046,2101) (2043,2104) (2045,2106) (2045,2108) (2049,2107) (2055,2109) (2067,2098) (2068,2093) (2065,2091) (2065,2086) (2068,2084) (2071,2076) (2069,2073) (2071,2068) (2069,2065) (2061,2068) (2055,2067) (2051,2070) (2046,2070) (2041,2073) (2039,2073) (2040,2069) (2035,2059) (2032,2058) (2032,2055) (2031,2053) (2027,2056) (2024,2053) (2024,2050) (2022,2049) (2018,2051) (2014,2057) (2015,2065) (2019,2071)
add_area 159353753 'ristijarvet'  (1500,3727) (1497,3738) (1491,3744) (1485,3749) (1484,3751) (1486,3754) (1490,3755) (1491,3768) (1492,3769) (1495,3768) (1500,3760) (1514,3749) (1519,3743) (1519,3737) (1523,3730) (1522,3728) (1524,3726) (1520,3728) (1517,3727) (1510,3729) (1507,3728) (1503,3726) (1500,3727)
add_area 307672543 '-'  (1492,3756) (1493,3755) (1492,3755) (1491,3755) (1492,3756)
add_area 307672546 '-'  (1487,3748) (1486,3750) (1487,3754) (1491,3753) (1495,3751) (1496,3748) (1491,3746) (1487,3748)
add_area 159374508 'puntasjarvi'  (1550,4063) (1566,4066) (1607,4056) (1608,4060) (1612,4061) (1613,4067) (1610,4075) (1612,4079) (1615,4079) (1621,4074) (1638,4075) (1641,4082) (1648,4081) (1650,4075) (1650,4070) (1656,4057) (1671,4044) (1663,4040) (1660,4040) (1664,4034) (1666,4027) (1664,4026) (1673,4015) (1681,4009) (1682,4005) (1673,4000) (1682,3986) (1691,3977) (1693,3964) (1687,3966) (1677,3975) (1667,3974) (1668,3969) (1660,3970) (1660,3967) (1657,3968) (1652,3964) (1663,3951) (1663,3946) (1665,3944) (1663,3942) (1660,3944) (1652,3943) (1648,3945) (1643,3944) (1644,3941) (1639,3944) (1633,3940) (1630,3945) (1634,3953) (1631,3957) (1629,3973) (1630,3978) (1635,3976) (1638,3982) (1636,3991) (1638,3998) (1635,4005) (1636,4007) (1630,4018) (1631,4022) (1635,4020) (1637,4020) (1637,4022) (1632,4029) (1633,4031) (1632,4037) (1620,4048) (1608,4050) (1603,4052) (1570,4056) (1570,4054) (1573,4046) (1560,4057) (1550,4058) (1548,4062) (1550,4063)
add_area 307705612 '-'  (1611,4056) (1614,4056) (1616,4055) (1618,4055) (1618,4054) (1616,4052) (1611,4055) (1611,4056)
add_area 146655582 'pirttijarvi'  (1086,1845) (1078,1858) (1079,1862) (1076,1868) (1065,1879) (1064,1881) (1068,1886) (1072,1886) (1083,1880) (1085,1876) (1089,1874) (1091,1878) (1096,1877) (1097,1876) (1098,1875) (1098,1877) (1099,1877) (1103,1875) (1103,1873) (1106,1870) (1109,1870) (1110,1868) (1120,1863) (1122,1859) (1122,1856) (1120,1855) (1113,1857) (1102,1848) (1100,1842) (1102,1835) (1101,1832) (1097,1832) (1090,1836) (1086,1845)
add_area 307771079 '-'  (1107,1862) (1109,1861) (1110,1860) (1107,1860) (1107,1862) (1107,1862)
add_area 25212491 'paajarvi'  (1216,1126) (1220,1120) (1227,1119) (1236,1109) (1243,1097) (1242,1095) (1243,1090) (1241,1087) (1243,1084) (1251,1081) (1252,1086) (1255,1086) (1288,1067) (1288,1055) (1293,1048) (1293,1044) (1285,1047) (1272,1045) (1262,1051) (1264,1054) (1255,1062) (1257,1056) (1250,1052) (1240,1052) (1244,1046) (1243,1043) (1251,1034) (1251,1031) (1245,1029) (1246,1019) (1232,1031) (1222,1035) (1218,1033) (1217,1023) (1209,1026) (1202,1038) (1195,1043) (1187,1058) (1189,1062) (1186,1065) (1180,1069) (1178,1076) (1175,1077) (1155,1104) (1145,1111) (1156,1106) (1162,1109) (1164,1113) (1162,1116) (1165,1119) (1183,1113) (1169,1132) (1170,1140) (1148,1170) (1150,1175) (1155,1176) (1170,1165) (1177,1154) (1188,1146) (1197,1143) (1211,1134) (1216,1126)
add_area 23001885 'leppajarvi'  (3696,365) (3706,349) (3708,345) (3706,343) (3686,354) (3667,377) (3645,398) (3638,406) (3626,416) (3617,420) (3610,427) (3601,434) (3599,440) (3601,440) (3600,442) (3602,444) (3602,452) (3588,472) (3576,484) (3575,491) (3571,497) (3563,502) (3559,509) (3561,512) (3569,509) (3591,478) (3595,471) (3613,453) (3616,442) (3633,429) (3637,423) (3651,412) (3654,411) (3670,391) (3693,376) (3698,369) (3696,365)
add_area 336264622 '-'  (3607,453) (3606,454) (3607,456) (3608,455) (3607,455) (3608,454) (3609,452) (3611,451) (3611,451) (3611,450) (3612,450) (3613,449) (3608,453) (3607,453)
add_area 120581557 'leppajarvi'  (3335,1662) (3335,1667) (3337,1671) (3339,1673) (3335,1683) (3336,1690) (3337,1693) (3342,1695) (3351,1693) (3354,1691) (3359,1691) (3352,1686) (3351,1683) (3347,1681) (3346,1675) (3351,1669) (3353,1660) (3351,1659) (3348,1661) (3346,1660) (3343,1658) (3341,1655) (3339,1655) (3336,1657) (3335,1662)
add_area 338434640 '-'  (3343,1672) (3345,1671) (3345,1669) (3343,1670) (3342,1671) (3343,1672)
add_area 6440634 'yla-pirkanmaan seutukunta'  (6645,1167) (6590,1133) (6512,1085) (6144,1335) (5591,1229) (5565,1036) (5558,980) (5473,989) (5103,916) (4924,1006) (4719,1109) (4717,1106) (4710,1111) (4711,1113) (4454,1243) (4141,1467) (4061,1462) (4051,1468) (4049,1466) (4046,1468) (4041,1475) (4021,1487) (4024,1490) (4032,1489) (4032,1495) (4027,1507) (4027,1511) (4028,1513) (4027,1517) (4023,1515) (4021,1519) (4016,1525) (4013,1524) (4008,1528) (4009,1532) (4007,1537) (4005,1538) (4003,1542) (3999,1547) (4132,1716) (4171,1809) (4093,1947) (3918,2126) (3847,2246) (3676,2533) (3621,2724) (3508,2828) (3368,2960) (3233,2914) (3156,3071) (3051,3287) (3013,3323) (3010,3320) (3001,3320) (2946,3372) (2953,3378) (2932,3393) (2674,3650) (2521,3634) (2282,4152) (2253,4149) (2216,4225) (2061,4110) (1334,4603) (1307,4614) (1596,4614) (6701,2438) (6701,1103) (6645,1167)
add_area 484545126 'pikku-vasu'  (6335,183) (6329,184) (6324,186) (6323,189) (6325,191) (6335,192) (6340,190) (6352,189) (6355,186) (6358,184) (6368,184) (6375,180) (6379,181) (6389,172) (6386,168) (6380,169) (6376,169) (6372,173) (6369,174) (6367,176) (6369,177) (6368,179) (6366,179) (6365,177) (6362,177) (6354,183) (6349,183) (6348,178) (6347,180) (6339,186) (6335,183)
add_area 484545125 '-'  (6373,179) (6375,178) (6375,176) (6373,176) (6372,178) (6373,179)
add_area 31024899 'saarijarvi'  (6213,1085) (6213,1087) (6215,1088) (6214,1092) (6215,1093) (6219,1092) (6220,1093) (6216,1100) (6216,1104) (6220,1104) (6224,1101) (6226,1103) (6231,1102) (6232,1100) (6234,1096) (6237,1093) (6238,1086) (6233,1085) (6233,1078) (6229,1078) (6227,1076) (6227,1075) (6233,1073) (6238,1074) (6242,1071) (6243,1063) (6245,1059) (6247,1056) (6246,1052) (6240,1052) (6236,1055) (6234,1057) (6225,1060) (6222,1064) (6221,1064) (6216,1060) (6211,1059) (6203,1055) (6200,1058) (6201,1064) (6204,1066) (6208,1069) (6204,1071) (6203,1075) (6208,1078) (6213,1077) (6215,1082) (6213,1085)
add_area 484677988 '-'  (6226,1069) (6227,1070) (6231,1069) (6232,1065) (6231,1064) (6228,1067) (6226,1069)
add_area 484677987 '-'  (6232,1061) (6234,1061) (6235,1059) (6233,1059) (6232,1061)
add_area 484678018 'yla-viteli'  (6227,418) (6226,420) (6227,421) (6228,422) (6236,421) (6242,418) (6252,409) (6259,405) (6265,402) (6267,399) (6272,396) (6277,396) (6281,399) (6284,403) (6287,401) (6288,399) (6291,395) (6292,389) (6295,384) (6304,381) (6309,377) (6318,374) (6324,371) (6331,370) (6338,366) (6349,364) (6378,348) (6395,334) (6396,326) (6400,322) (6400,320) (6395,319) (6391,321) (6392,328) (6390,333) (6388,333) (6387,332) (6384,333) (6382,336) (6379,338) (6377,339) (6374,340) (6365,349) (6358,351) (6345,360) (6327,368) (6314,375) (6293,383) (6288,383) (6282,387) (6279,388) (6276,387) (6267,395) (6258,398) (6251,399) (6237,413) (6230,415) (6228,416) (6227,418)
add_area 484678016 '-'  (6384,335) (6383,337) (6383,338) (6387,338) (6389,336) (6386,334) (6384,335)
add_area 27374937 'hammonjarvi'  (3967,2134) (3966,2134) (3962,2134) (3957,2136) (3952,2138) (3949,2141) (3945,2144) (3944,2145) (3938,2144) (3936,2145) (3934,2149) (3933,2149) (3930,2153) (3930,2155) (3930,2158) (3930,2159) (3934,2159) (3935,2160) (3937,2162) (3937,2166) (3941,2170) (3942,2172) (3944,2171) (3947,2169) (3950,2167) (3953,2166) (3956,2165) (3958,2164) (3960,2163) (3963,2160) (3964,2158) (3964,2155) (3964,2154) (3963,2153) (3963,2152) (3965,2148) (3966,2145) (3966,2143) (3965,2141) (3967,2136) (3967,2134)
add_area 485393447 '-'  (3954,2159) (3955,2157) (3954,2157) (3953,2158) (3954,2159)
add_area 485393448 '-'  (3938,2157) (3939,2156) (3940,2155) (3940,2154) (3939,2155) (3938,2156) (3938,2157)
add_area 27374953 'ahvenjarvi'  (4116,1862) (4111,1866) (4109,1866) (4107,1869) (4107,1872) (4104,1881) (4103,1887) (4103,1890) (4106,1891) (4112,1892) (4116,1890) (4119,1890) (4123,1888) (4123,1888) (4115,1902) (4113,1906) (4113,1910) (4115,1913) (4118,1915) (4123,1916) (4126,1913) (4130,1909) (4131,1903) (4131,1895) (4127,1889) (4126,1884) (4128,1878) (4131,1872) (4130,1872) (4124,1873) (4122,1872) (4120,1871) (4116,1870) (4116,1863) (4116,1862)
add_area 485393458 '-'  (4107,1889) (4109,1889) (4110,1887) (4108,1886) (4107,1888) (4107,1889)
add_area 135585265 'torttijarvi'  (2238,2642) (2233,2644) (2229,2650) (2219,2669) (2218,2676) (2219,2681) (2217,2692) (2218,2698) (2211,2713) (2210,2722) (2205,2732) (2202,2739) (2204,2742) (2203,2747) (2203,2753) (2200,2764) (2199,2768) (2204,2773) (2205,2779) (2201,2789) (2201,2792) (2205,2793) (2209,2792) (2216,2788) (2218,2787) (2217,2782) (2216,2780) (2216,2778) (2211,2772) (2207,2767) (2205,2765) (2207,2761) (2215,2746) (2218,2738) (2219,2727) (2218,2725) (2219,2723) (2224,2720) (2234,2704) (2246,2688) (2253,2682) (2258,2679) (2257,2677) (2255,2675) (2261,2665) (2263,2656) (2263,2652) (2256,2653) (2255,2646) (2252,2647) (2248,2652) (2243,2653) (2243,2650) (2245,2646) (2246,2640) (2245,2639) (2242,2641) (2238,2642)
add_area 485687998 'torttisaari'  (2235,2658) (2236,2656) (2237,2655) (2235,2655) (2234,2656) (2235,2658)
add_area 485687997 'torttikari'  (2223,2683) (2224,2683) (2225,2682) (2225,2681) (2223,2682) (2223,2683)
add_area 25057542 'lehrionjarvi'  (4400,2728) (4393,2740) (4399,2743) (4407,2743) (4415,2734) (4418,2737) (4427,2734) (4432,2730) (4436,2710) (4444,2699) (4444,2687) (4453,2675) (4453,2659) (4464,2649) (4467,2640) (4459,2635) (4462,2626) (4478,2617) (4480,2613) (4471,2607) (4466,2598) (4458,2605) (4455,2611) (4447,2617) (4452,2625) (4442,2644) (4425,2656) (4411,2649) (4405,2631) (4399,2635) (4395,2661) (4380,2678) (4371,2685) (4370,2688) (4375,2695) (4397,2696) (4406,2709) (4400,2728)
add_area 588864205 '-'  (4377,2690) (4383,2688) (4385,2686) (4384,2684) (4378,2686) (4376,2689) (4377,2690)
add_area 78149712 'sarkijarvi'  (1689,570) (1675,564) (1676,557) (1669,547) (1672,536) (1652,539) (1638,566) (1628,563) (1632,551) (1623,551) (1623,548) (1599,589) (1597,594) (1602,607) (1600,615) (1595,615) (1594,611) (1588,619) (1596,622) (1597,628) (1616,623) (1622,627) (1636,628) (1636,641) (1622,654) (1646,649) (1658,641) (1673,640) (1688,645) (1702,635) (1704,628) (1685,623) (1671,633) (1665,631) (1664,622) (1650,621) (1646,608) (1641,607) (1629,615) (1631,618) (1629,621) (1617,617) (1614,611) (1617,589) (1610,591) (1608,587) (1613,575) (1640,566) (1647,565) (1648,572) (1665,566) (1673,575) (1666,581) (1652,579) (1655,585) (1646,598) (1648,600) (1674,585) (1680,591) (1676,599) (1682,600) (1702,581) (1714,578) (1721,578) (1732,590) (1741,591) (1748,584) (1736,577) (1741,570) (1753,568) (1756,557) (1747,549) (1726,556) (1718,563) (1689,570)
add_area 777813718 '-'  (1655,555) (1654,556) (1653,555) (1653,554) (1652,554) (1652,556) (1650,557) (1649,557) (1646,560) (1647,562) (1649,562) (1652,560) (1654,560) (1659,558) (1659,556) (1657,554) (1655,555)
add_area 31023583 'kalliojarvi'  (5546,986) (5548,994) (5551,994) (5554,990) (5558,988) (5556,980) (5558,977) (5561,978) (5563,976) (5564,974) (5562,972) (5563,969) (5568,969) (5569,966) (5568,956) (5562,953) (5554,961) (5551,959) (5552,951) (5547,952) (5547,950) (5544,949) (5546,938) (5541,943) (5537,942) (5534,940) (5527,944) (5521,940) (5517,932) (5510,930) (5510,926) (5477,920) (5476,917) (5471,911) (5468,915) (5470,921) (5480,930) (5480,932) (5487,935) (5492,934) (5508,944) (5507,955) (5501,962) (5501,965) (5503,967) (5506,967) (5510,956) (5516,953) (5519,949) (5522,950) (5519,965) (5513,972) (5508,974) (5508,978) (5498,987) (5486,988) (5479,992) (5469,994) (5473,999) (5483,994) (5488,995) (5483,1000) (5476,1002) (5474,1005) (5475,1006) (5480,1004) (5497,993) (5510,987) (5523,989) (5528,985) (5539,982) (5546,986)
add_area 793014799 '-'  (5556,970) (5556,972) (5558,972) (5559,971) (5559,969) (5558,968) (5557,969) (5556,970)
add_area 588936525 'rahasaari'  (4383,1673) (4383,1674) (4385,1675) (4385,1674) (4385,1672) (4384,1671) (4383,1673)
add_area 588936526 'kissasaari'  (4388,1672) (4389,1670) (4388,1670) (4387,1671) (4388,1672)
add_area 588936527 'koirasaari'  (4392,1663) (4393,1665) (4395,1665) (4396,1666) (4402,1659) (4402,1658) (4403,1658) (4405,1657) (4402,1656) (4401,1658) (4397,1661) (4397,1659) (4393,1660) (4392,1663)
add_area 588897403 'kakspetaja'  (4609,1696) (4607,1697) (4606,1699) (4607,1701) (4609,1701) (4611,1698) (4612,1697) (4615,1695) (4614,1694) (4609,1696)
add_area 588897404 '-'  (4531,1726) (4532,1725) (4531,1723) (4527,1723) (4526,1726) (4531,1726)
add_area 588897406 '-'  (4658,1769) (4658,1770) (4660,1771) (4663,1770) (4664,1768) (4663,1767) (4663,1765) (4667,1763) (4668,1760) (4662,1765) (4661,1766) (4662,1768) (4661,1769) (4660,1769) (4660,1769) (4661,1768) (4660,1766) (4658,1769)
add_area 588897407 'kalliosaari'  (4627,1796) (4631,1792) (4633,1786) (4623,1795) (4622,1798) (4627,1796)
add_area 588897405 '-'  (4634,1783) (4635,1781) (4636,1780) (4634,1780) (4632,1783) (4634,1783)
add_area 588885321 '-'  (4532,1909) (4533,1912) (4534,1913) (4534,1909) (4534,1908) (4534,1907) (4532,1908) (4532,1909)
add_area 588885324 '-'  (4404,2026) (4415,2015) (4419,2015) (4423,2012) (4419,2013) (4419,2009) (4416,2009) (4418,2005) (4421,2003) (4421,2002) (4420,2001) (4420,1999) (4419,1999) (4410,2010) (4404,2015) (4401,2018) (4402,2019) (4405,2017) (4405,2018) (4401,2021) (4399,2023) (4401,2022) (4402,2023) (4397,2028) (4396,2030) (4395,2032) (4404,2026)
add_area 30958155 '-'  (4332,2042) (4326,2047) (4325,2050) (4324,2055) (4328,2055) (4335,2049) (4337,2043) (4335,2042) (4336,2040) (4334,2040) (4332,2042)
add_area 588864181 '-'  (4314,2043) (4314,2046) (4317,2046) (4324,2040) (4327,2034) (4322,2035) (4314,2043)
add_area 588864186 'oriskari'  (4271,2159) (4276,2153) (4271,2153) (4268,2159) (4271,2159)
add_area 588864184 '-'  (4249,2149) (4247,2147) (4245,2148) (4246,2151) (4249,2149)
add_area 588864183 '-'  (4249,2154) (4250,2152) (4250,2151) (4247,2154) (4249,2154)
add_area 27374931 '-'  (4173,2119) (4171,2119) (4168,2119) (4164,2118) (4163,2115) (4162,2114) (4159,2112) (4158,2113) (4153,2117) (4152,2121) (4152,2123) (4151,2124) (4151,2128) (4150,2127) (4149,2129) (4148,2133) (4147,2134) (4147,2136) (4149,2135) (4151,2136) (4149,2140) (4149,2142) (4150,2144) (4152,2143) (4156,2140) (4160,2139) (4160,2140) (4161,2139) (4162,2136) (4163,2135) (4164,2135) (4163,2138) (4165,2137) (4167,2135) (4168,2134) (4169,2134) (4169,2135) (4171,2135) (4171,2134) (4171,2133) (4173,2132) (4174,2130) (4178,2129) (4181,2127) (4182,2127) (4185,2127) (4187,2126) (4189,2123) (4189,2118) (4187,2117) (4184,2117) (4183,2117) (4182,2117) (4180,2118) (4178,2118) (4178,2119) (4175,2120) (4173,2119)
add_area 25057409 '-'  (4254,2125) (4246,2121) (4233,2123) (4225,2118) (4212,2123) (4198,2129) (4194,2136) (4177,2147) (4178,2149) (4184,2144) (4189,2144) (4192,2151) (4199,2152) (4210,2147) (4210,2140) (4214,2135) (4226,2141) (4235,2142) (4242,2140) (4249,2139) (4252,2137) (4257,2127) (4254,2125)
add_area 30958925 '-'  (4128,2222) (4128,2223) (4125,2225) (4122,2227) (4119,2229) (4116,2233) (4115,2237) (4116,2239) (4118,2241) (4116,2243) (4116,2245) (4117,2245) (4119,2244) (4120,2243) (4122,2241) (4124,2239) (4126,2237) (4128,2232) (4131,2226) (4129,2223) (4130,2221) (4128,2222)
add_area 588864191 'pannukari'  (4256,2231) (4258,2232) (4260,2231) (4260,2229) (4258,2230) (4256,2230) (4256,2231)
add_area 30958491 '-'  (4401,2231) (4398,2233) (4397,2236) (4399,2237) (4398,2238) (4395,2238) (4391,2245) (4391,2246) (4398,2245) (4401,2242) (4403,2237) (4403,2235) (4404,2232) (4403,2231) (4403,2230) (4402,2230) (4401,2231)
add_area 588864216 '-'  (4406,2238) (4408,2238) (4411,2237) (4413,2234) (4412,2232) (4410,2232) (4406,2237) (4406,2238)
add_area 30958924 '-'  (4049,2342) (4048,2340) (4046,2340) (4040,2345) (4036,2347) (4034,2350) (4033,2353) (4032,2358) (4035,2358) (4040,2357) (4050,2348) (4053,2343) (4052,2341) (4049,2342)
add_area 825195734 '-'  (4019,2367) (4020,2366) (4021,2364) (4020,2364) (4017,2365) (4016,2368) (4017,2369) (4019,2367)
add_area 825195735 '-'  (3975,2358) (3975,2357) (3973,2358) (3971,2359) (3971,2360) (3972,2361) (3975,2358)
add_area 825195736 '-'  (4143,2249) (4143,2248) (4142,2248) (4140,2251) (4143,2249)
add_area 588864214 'kuorekari'  (4515,2270) (4517,2269) (4519,2264) (4518,2262) (4515,2263) (4513,2265) (4515,2270)
add_area 588864213 'mustalainen'  (4504,2281) (4506,2283) (4507,2282) (4507,2280) (4505,2280) (4504,2281)
add_area 588864212 'tervakari'  (4492,2349) (4493,2350) (4494,2350) (4496,2349) (4495,2346) (4494,2345) (4492,2349)
add_area 588885316 '-'  (4591,2136) (4591,2138) (4594,2142) (4595,2140) (4596,2137) (4593,2135) (4591,2136)
add_area 30958159 '-'  (4517,2139) (4513,2141) (4513,2143) (4511,2146) (4511,2148) (4516,2146) (4517,2144) (4516,2142) (4517,2140) (4517,2139)
add_area 30958160 '-'  (4521,2151) (4517,2154) (4517,2159) (4520,2159) (4523,2156) (4525,2153) (4523,2151) (4521,2151)
add_area 588864217 'ahvenkari'  (4442,2196) (4443,2195) (4447,2193) (4448,2191) (4448,2189) (4445,2190) (4443,2194) (4442,2195) (4442,2196)
add_area 30957149 '-'  (4668,2302) (4667,2304) (4666,2310) (4668,2310) (4671,2307) (4676,2302) (4672,2300) (4668,2302)
add_area 588864209 '-'  (4607,2495) (4611,2494) (4614,2489) (4611,2488) (4607,2493) (4607,2495)
add_area 588864207 '-'  (4603,2504) (4604,2505) (4607,2505) (4608,2503) (4604,2502) (4603,2504)
add_area 588864208 '-'  (4602,2500) (4604,2497) (4603,2497) (4601,2500) (4602,2500)
add_area 588864201 '-'  (4650,2573) (4652,2569) (4653,2569) (4655,2568) (4654,2567) (4654,2565) (4653,2565) (4651,2567) (4649,2572) (4650,2573)
add_area 588885320 'lokkikari'  (4631,1899) (4632,1899) (4632,1903) (4634,1903) (4635,1905) (4637,1898) (4639,1897) (4637,1894) (4638,1893) (4637,1890) (4634,1894) (4631,1895) (4631,1899)
add_area 588885319 '-'  (4627,1895) (4630,1895) (4631,1893) (4631,1890) (4632,1887) (4630,1888) (4626,1894) (4627,1895)
add_area 588885318 '-'  (4616,1911) (4619,1910) (4620,1909) (4619,1908) (4617,1909) (4616,1911)
add_area 588885317 '-'  (4625,1911) (4626,1909) (4624,1908) (4623,1911) (4625,1911)
add_area 588885314 '-'  (4574,1843) (4577,1840) (4581,1835) (4580,1835) (4579,1837) (4573,1841) (4574,1843)
add_area 588897402 'markunsaari'  (4823,1733) (4827,1730) (4828,1726) (4826,1726) (4825,1728) (4821,1732) (4823,1733)
add_area 588885325 '-'  (4383,2090) (4387,2088) (4388,2087) (4387,2087) (4383,2089) (4383,2090)
add_area 588885322 'rajakari'  (4423,1954) (4424,1955) (4426,1954) (4427,1952) (4426,1951) (4428,1949) (4428,1949) (4424,1951) (4423,1954)
add_area 588885312 'pannukari'  (4489,1797) (4491,1796) (4494,1791) (4494,1790) (4496,1788) (4496,1788) (4491,1791) (4488,1797) (4489,1797)
add_area 11274418 'palojarvi'  (4740,2004) (4821,1946) (4699,1881) (4880,1650) (4655,1755) (4685,1620) (4606,1572) (4631,1503) (4523,1568) (4472,1523) (4480,1624) (4311,1704) (4489,1650) (4478,1888) (4382,2014) (4299,1992) (4276,2103) (4143,2083) (4161,1971) (4065,2295) (3930,2324) (3947,2385) (4040,2370) (4012,2433) (4062,2484) (4106,2288) (4215,2192) (4127,2402) (4215,2410) (4352,2274) (4355,2355) (4487,2236) (4371,2441) (4463,2356) (4559,2381) (4582,2259) (4671,2287) (4473,2537) (4544,2564) (4482,2666) (4584,2653) (4481,2792) (4658,2678) (4709,2704) (4575,2811) (4599,2878) (4842,2776) (4877,2846) (4972,2801) (4982,2648) (4791,2754) (4695,2645) (5087,2352) (5161,2157) (4905,2340) (4930,2197) (4817,2393) (4773,2413) (4757,2311) (4682,2420) (4704,2248) (4504,2222) (4564,2117) (4609,2185) (4625,2112) (4524,2086) (4406,2146) (4542,1950) (4651,2062) (4856,2101) (4740,2004)
add_subarea_to_area 120581587 156823
add_subarea_to_area 213207528 1670949
add_subarea_to_area 116194191 116194264
add_subarea_to_area 159627798 156823
add_subarea_to_area 135772536 156823
add_subarea_to_area 190101998 1670949
add_subarea_to_area 81109764 1670949
add_subarea_to_area 81109749 637618194
add_subarea_to_area 306675374 96015769
add_subarea_to_area 31023625 25211865
add_subarea_to_area 25601721 445107
add_subarea_to_area 133390400 133390395
add_subarea_to_area 31029200 52597509
add_subarea_to_area 135772515 156823
add_subarea_to_area 199094790 52597616
add_subarea_to_area 486416614 156823
add_subarea_to_area 136815006 156823
add_subarea_to_area 588885312 11274418
add_subarea_to_area 132734733 156823
add_subarea_to_area 484870229 1670949
add_subarea_to_area 147954682 445107
add_subarea_to_area 213207507 1670949
add_subarea_to_area 81024225 2568293
add_subarea_to_area 135505790 296980
add_subarea_to_area 211461684 96015769
add_subarea_to_area 161684523 296980
add_subarea_to_area 35743827 156823
add_subarea_to_area 147721942 156823
add_subarea_to_area 133525701 1670949
add_subarea_to_area 135723606 135723604
add_subarea_to_area 124805497 96015769
add_subarea_to_area 150845347 1670949
add_subarea_to_area 147173509 156823
add_subarea_to_area 588864201 11274418
add_subarea_to_area 133391829 1670949
add_subarea_to_area 146653588 187409207
add_subarea_to_area 133065943 156823
add_subarea_to_area 306636958 96015769
add_subarea_to_area 136012511 187409207
add_subarea_to_area 115649200 156823
add_subarea_to_area 136150049 156823
add_subarea_to_area 25300133 11274418
add_subarea_to_area 240424045 187409207
add_subarea_to_area 588864211 11274418
add_subarea_to_area 148168960 445107
add_subarea_to_area 150919042 96015769
add_subarea_to_area 132831247 156823
add_subarea_to_area 332807170 156823
add_subarea_to_area 307771079 146655582
add_subarea_to_area 161684529 296980
add_subarea_to_area 133341776 96015769
add_subarea_to_area 124801346 96015769
add_subarea_to_area 30957150 11274418
add_subarea_to_area 307672543 159353753
add_subarea_to_area 81102797 2568293
add_subarea_to_area 135790959 156823
add_subarea_to_area 30958918 156823
add_subarea_to_area 133284164 156823
add_subarea_to_area 31023610 31023606
add_subarea_to_area 136118729 187409207
add_subarea_to_area 120858622 156823
add_subarea_to_area 135956003 187409207
add_subarea_to_area 136118692 187409207
add_subarea_to_area 485051363 1670949
add_subarea_to_area 133450586 156823
add_subarea_to_area 135723582 156823
add_subarea_to_area 146978957 156823
add_subarea_to_area 163682292 187409207
add_subarea_to_area 160481215 637618191
add_subarea_to_area 793014799 31023583
add_subarea_to_area 135585301 156823
add_subarea_to_area 118640874 156823
add_subarea_to_area 588864188 11274418
add_subarea_to_area 133492382 1670949
add_subarea_to_area 588936487 1670949
add_subarea_to_area 136118701 156823
add_subarea_to_area 133525693 1670949
add_subarea_to_area 163739841 187409207
add_subarea_to_area 81109768 1670949
add_subarea_to_area 78352052 156823
add_subarea_to_area 135762658 156823
add_subarea_to_area 148168953 445107
add_subarea_to_area 115548027 156823
add_subarea_to_area 133492348 1670949
add_subarea_to_area 132960398 132960397
add_subarea_to_area 116296288 156823
add_subarea_to_area 135955965 187409207
add_subarea_to_area 124879112 96015769
add_subarea_to_area 338745694 156823
add_subarea_to_area 132831277 132831280
add_subarea_to_area 133450591 1670949
add_subarea_to_area 116194264 156823
add_subarea_to_area 792978055 1670949
add_subarea_to_area 588885321 11274418
add_subarea_to_area 161684522 296980
add_subarea_to_area 160386127 2146212
add_subarea_to_area 136197030 187409207
add_subarea_to_area 222313722 156823
add_subarea_to_area 147958794 445107
add_subarea_to_area 146397663 156823
add_subarea_to_area 116296283 156823
add_subarea_to_area 213207505 1670949
add_subarea_to_area 136150066 187409207
add_subarea_to_area 163602368 156823
add_subarea_to_area 81109763 1670949
add_subarea_to_area 132734783 156823
add_subarea_to_area 24626240 156823
add_subarea_to_area 133390404 96015769
add_subarea_to_area 116194262 116194264
add_subarea_to_area 214308777 1670949
add_subarea_to_area 135772474 187409207
add_subarea_to_area 133199274 1670949
add_subarea_to_area 23001908 156823
add_subarea_to_area 42037931 156823
add_subarea_to_area 120491917 156823
add_subarea_to_area 150374544 96015769
add_subarea_to_area 135585263 156823
add_subarea_to_area 81102802 191927701
add_subarea_to_area 307671312 156823
add_subarea_to_area 146922039 156823
add_subarea_to_area 163602341 299861
add_subarea_to_area 213207513 1670949
add_subarea_to_area 133199336 2568293
add_subarea_to_area 211461688 96015769
add_subarea_to_area 114977894 156823
add_subarea_to_area 199484808 25211865
add_subarea_to_area 115649198 156823
add_subarea_to_area 146978952 156823
add_subarea_to_area 638583986 96015769
add_subarea_to_area 322304652 156823
add_subarea_to_area 120910872 156823
add_subarea_to_area 81102812 191927701
add_subarea_to_area 120491923 156823
add_subarea_to_area 81109759 1670949
add_subarea_to_area 81103640 2568293
add_subarea_to_area 144503440 96015769
add_subarea_to_area 120910873 156823
add_subarea_to_area 175774657 187409207
add_subarea_to_area 148628046 445107
add_subarea_to_area 25211762 25211745
add_subarea_to_area 159627799 156823
add_subarea_to_area 147191981 156823
add_subarea_to_area 133065906 156823
add_subarea_to_area 136150044 156823
add_subarea_to_area 132831279 156823
add_subarea_to_area 147191984 156823
add_subarea_to_area 30957378 11274418
add_subarea_to_area 485393458 156823
add_subarea_to_area 190273504 1670949
add_subarea_to_area 124805483 96015769
add_subarea_to_area 150374539 96015769
add_subarea_to_area 307672545 156823
add_subarea_to_area 124806783 96015769
add_subarea_to_area 792784048 27374844
add_subarea_to_area 25096104 1670949
add_subarea_to_area 159627803 156823
add_subarea_to_area 485687998 135585265
add_subarea_to_area 2147208 1670949
add_subarea_to_area 133492387 1670949
add_subarea_to_area 132960345 156823
add_subarea_to_area 147721943 156823
add_subarea_to_area 114997710 156823
add_subarea_to_area 136913801 156823
add_subarea_to_area 148628040 445107
add_subarea_to_area 147314136 156823
add_subarea_to_area 135506866 135506863
add_subarea_to_area 215393745 1670949
add_subarea_to_area 146653612 187409207
add_subarea_to_area 135505793 296980
add_subarea_to_area 120858608 156823
add_subarea_to_area 124845806 96015769
add_subarea_to_area 116296292 156823
add_subarea_to_area 150919029 96015769
add_subarea_to_area 136197000 187409207
add_subarea_to_area 120491916 156823
add_subarea_to_area 159627801 156823
add_subarea_to_area 150374540 96015769
add_subarea_to_area 115548016 156823
add_subarea_to_area 150374535 96015769
add_subarea_to_area 25300755 96015769
add_subarea_to_area 121160871 156823
add_subarea_to_area 588864217 11274418
add_subarea_to_area 637618198 2568293
add_subarea_to_area 147305257 156823
add_subarea_to_area 159627784 156823
add_subarea_to_area 135505784 296980
add_subarea_to_area 116296289 156823
add_subarea_to_area 146934293 156823
add_subarea_to_area 136012497 136012494
add_subarea_to_area 124809634 96015769
add_subarea_to_area 120858602 156823
add_subarea_to_area 136150050 156823
add_subarea_to_area 150386585 96015769
add_subarea_to_area 160386133 2568293
add_subarea_to_area 588885319 11274418
add_subarea_to_area 136012495 136012489
add_subarea_to_area 120491920 156823
add_subarea_to_area 116194257 156823
add_subarea_to_area 160501855 81109753
add_subarea_to_area 792162772 286405703
add_subarea_to_area 191927701 2568293
add_subarea_to_area 160501858 81109753
add_subarea_to_area 484870228 1670949
add_subarea_to_area 588864210 11274418
add_subarea_to_area 146397664 156823
add_subarea_to_area 115646937 156823
add_subarea_to_area 144503435 96015769
add_subarea_to_area 159627776 156823
add_subarea_to_area 637618191 25059417
add_subarea_to_area 147191987 156823
add_subarea_to_area 150374536 96015769
add_subarea_to_area 133065922 156823
add_subarea_to_area 135904670 156823
add_subarea_to_area 133341511 96015769
add_subarea_to_area 163682265 187409207
add_subarea_to_area 124879117 96015769
add_subarea_to_area 25057409 11274418
add_subarea_to_area 133525690 1670949
add_subarea_to_area 159353822 156823
add_subarea_to_area 146812349 146812338
add_subarea_to_area 25059364 190273504
add_subarea_to_area 637711729 2568293
add_subarea_to_area 792420351 1670949
add_subarea_to_area 136913785 156823
add_subarea_to_area 125006703 96015769
add_subarea_to_area 81102822 191927701
add_subarea_to_area 638583990 96015769
add_subarea_to_area 81103344 1670949
add_subarea_to_area 133525704 2568293
add_subarea_to_area 136150057 187409207
add_subarea_to_area 96586236 156823
add_subarea_to_area 148168954 445107
add_subarea_to_area 292942981 156823
add_subarea_to_area 484693130 52597616
add_subarea_to_area 136016273 136016276
add_subarea_to_area 124806785 96015769
add_subarea_to_area 133065904 156823
add_subarea_to_area 30957160 1670949
add_subarea_to_area 23001884 156823
add_subarea_to_area 133492386 133492379
add_subarea_to_area 159353820 156823
add_subarea_to_area 486416619 2270669
add_subarea_to_area 146397595 156823
add_subarea_to_area 30957155 1670949
add_subarea_to_area 146934291 156823
add_subarea_to_area 133199335 1670949
add_subarea_to_area 485541085 156823
add_subarea_to_area 159627771 156823
add_subarea_to_area 150111876 445107
add_subarea_to_area 136012506 187409207
add_subarea_to_area 133065932 156823
add_subarea_to_area 160481204 25059417
add_subarea_to_area 338532141 156823
add_subarea_to_area 81109775 1670949
add_subarea_to_area 160498575 1670949
add_subarea_to_area 320048830 187409207
add_subarea_to_area 160386128 2146212
add_subarea_to_area 485201836 1670949
add_subarea_to_area 150840828 1670949
add_subarea_to_area 322304650 156823
add_subarea_to_area 120852754 156823
add_subarea_to_area 211476072 1670949
add_subarea_to_area 116296290 156823
add_subarea_to_area 136012493 136012494
add_subarea_to_area 135723584 156823
add_subarea_to_area 116194306 116194264
add_subarea_to_area 147305159 156823
add_subarea_to_area 136913795 156823
add_subarea_to_area 638583991 96015769
add_subarea_to_area 120852751 156823
add_subarea_to_area 161684513 296980
add_subarea_to_area 637069642 147173571
add_subarea_to_area 1794149 2568293
add_subarea_to_area 81109771 1670949
add_subarea_to_area 484693104 286405703
add_subarea_to_area 133492354 1670949
add_subarea_to_area 199477540 1670949
add_subarea_to_area 81103330 1670949
add_subarea_to_area 23001885 156823
add_subarea_to_area 30958495 11274418
add_subarea_to_area 159374646 159374628
add_subarea_to_area 199484826 25211865
add_subarea_to_area 133199276 1670949
add_subarea_to_area 22901399 1670949
add_subarea_to_area 163682251 187409207
add_subarea_to_area 146978951 156823
add_subarea_to_area 147305260 156823
add_subarea_to_area 147721946 156823
add_subarea_to_area 160386140 2146212
add_subarea_to_area 25057535 11274418
add_subarea_to_area 136913793 156823
add_subarea_to_area 133199326 1670949
add_subarea_to_area 146934302 25059305
add_subarea_to_area 135762659 135762644
add_subarea_to_area 160501860 1670949
add_subarea_to_area 135762646 135762644
add_subarea_to_area 159374507 156823
add_subarea_to_area 162763321 296980
add_subarea_to_area 133390378 96015769
add_subarea_to_area 30958923 1670949
add_subarea_to_area 35743861 156823
add_subarea_to_area 30958924 11274418
add_subarea_to_area 120858561 156823
add_subarea_to_area 159627786 156823
add_subarea_to_area 163602339 299861
add_subarea_to_area 136150047 187409207
add_subarea_to_area 115536830 156823
add_subarea_to_area 136118711 187409207
add_subarea_to_area 25300085 23001912
add_subarea_to_area 307672544 156823
add_subarea_to_area 81109777 1670949
add_subarea_to_area 147954722 445107
add_subarea_to_area 211476243 1670949
add_subarea_to_area 146922047 156823
add_subarea_to_area 135956000 156823
add_subarea_to_area 124805485 96015769
add_subarea_to_area 125006708 96015769
add_subarea_to_area 307527324 187409208
add_subarea_to_area 213207504 1670949
add_subarea_to_area 116296296 156823
add_subarea_to_area 96585055 156823
add_subarea_to_area 124801340 96015769
add_subarea_to_area 307705611 156823
add_subarea_to_area 160481206 81109764
add_subarea_to_area 777813718 187409207
add_subarea_to_area 146653638 156823
add_subarea_to_area 150824772 1670949
add_subarea_to_area 159699471 156823
add_subarea_to_area 147958792 445107
add_subarea_to_area 195004089 187409207
add_subarea_to_area 136815062 156823
add_subarea_to_area 124801344 96015769
add_subarea_to_area 116194295 116194264
add_subarea_to_area 27374923 11274418
add_subarea_to_area 588936489 1670949
add_subarea_to_area 199505334 27360296
add_subarea_to_area 148628050 445107
add_subarea_to_area 150840842 1670949
add_subarea_to_area 27360329 27360296
add_subarea_to_area 202811048 2270669
add_subarea_to_area 125006700 96015769
add_subarea_to_area 132734734 156823
add_subarea_to_area 135956006 156823
add_subarea_to_area 120858615 156823
add_subarea_to_area 116030187 156823
add_subarea_to_area 159627793 156823
add_subarea_to_area 135955956 187409207
add_subarea_to_area 136016270 156823
add_subarea_to_area 128126093 96015769
add_subarea_to_area 136150065 156823
add_subarea_to_area 115548022 156823
add_subarea_to_area 161684525 296980
add_subarea_to_area 588475971 11274418
add_subarea_to_area 147192023 156823
add_subarea_to_area 120910876 156823
add_subarea_to_area 124877373 96015769
add_subarea_to_area 159627791 156823
add_subarea_to_area 136815061 156823
add_subarea_to_area 135506988 156823
add_subarea_to_area 115548014 156823
add_subarea_to_area 133065933 156823
add_subarea_to_area 222313726 156823
add_subarea_to_area 220993105 156823
add_subarea_to_area 160481213 25059417
add_subarea_to_area 81109780 1670949
add_subarea_to_area 120456726 156823
add_subarea_to_area 133341513 96015769
add_subarea_to_area 136118724 187409207
add_subarea_to_area 136012466 156823
add_subarea_to_area 135506865 135506864
add_subarea_to_area 306636962 96015769
add_subarea_to_area 159535864 156823
add_subarea_to_area 39233075 2568293
add_subarea_to_area 306675369 96015769
add_subarea_to_area 146655591 146655593
add_subarea_to_area 147954717 445107
add_subarea_to_area 135585303 135585300
add_subarea_to_area 144503442 96015769
add_subarea_to_area 116030183 156823
add_subarea_to_area 588885320 11274418
add_subarea_to_area 150845346 1670949
add_subarea_to_area 116296281 156823
add_subarea_to_area 132831281 156823
add_subarea_to_area 792162793 1670949
add_subarea_to_area 146978961 156823
add_subarea_to_area 133065931 156823
add_subarea_to_area 159699476 156823
add_subarea_to_area 176994959 156823
add_subarea_to_area 148168962 445107
add_subarea_to_area 115548020 156823
add_subarea_to_area 133390401 96015769
add_subarea_to_area 136012509 187409207
add_subarea_to_area 146397667 187409207
add_subarea_to_area 159627794 156823
add_subarea_to_area 81129422 1670949
add_subarea_to_area 115536814 156823
add_subarea_to_area 307671316 156823
add_subarea_to_area 132831245 156823
add_subarea_to_area 116194314 116194264
add_subarea_to_area 147954719 156823
add_subarea_to_area 133341774 133341776
add_subarea_to_area 128137445 96015769
add_subarea_to_area 81102801 2568293
add_subarea_to_area 146653598 187409207
add_subarea_to_area 133492384 2568293
add_subarea_to_area 133525695 2568293
add_subarea_to_area 133525696 2568293
add_subarea_to_area 124805489 96015769
add_subarea_to_area 133492350 1670949
add_subarea_to_area 338652720 156823
add_subarea_to_area 150268665 96015769
add_subarea_to_area 115548035 156823
add_subarea_to_area 136012505 187409207
add_subarea_to_area 115941459 445107
add_subarea_to_area 135772507 156823
add_subarea_to_area 81109779 81109763
add_subarea_to_area 27374988 1670949
add_subarea_to_area 120910874 156823
add_subarea_to_area 136815059 156823
add_subarea_to_area 146812341 146812338
add_subarea_to_area 163602347 156823
add_subarea_to_area 116296279 156823
add_subarea_to_area 114977909 156823
add_subarea_to_area 132734782 81111241
add_subarea_to_area 588897407 11274418
add_subarea_to_area 24394124 96015769
add_subarea_to_area 159353755 156823
add_subarea_to_area 133065914 156823
add_subarea_to_area 135772538 156823
add_subarea_to_area 30957380 445107
add_subarea_to_area 146158479 156823
add_subarea_to_area 147305147 156823
add_subarea_to_area 637618190 191927701
add_subarea_to_area 27374931 11274418
add_subarea_to_area 121269878 156823
add_subarea_to_area 29350993 296980
add_subarea_to_area 146848075 187409207
add_subarea_to_area 146978967 156823
add_subarea_to_area 150845345 1670949
add_subarea_to_area 150262682 96015769
add_subarea_to_area 81109753 1670949
add_subarea_to_area 136150045 156823
add_subarea_to_area 150268676 96015769
add_subarea_to_area 135772535 156823
add_subarea_to_area 177680625 2371980
add_subarea_to_area 128137470 96015769
add_subarea_to_area 120491896 156823
add_subarea_to_area 27374896 11274418
add_subarea_to_area 135904651 156823
add_subarea_to_area 335902813 156823
add_subarea_to_area 199094787 31024877
add_subarea_to_area 115548007 156823
add_subarea_to_area 124801337 96015769
add_subarea_to_area 159627795 156823
add_subarea_to_area 132734730 132734783
add_subarea_to_area 124967364 1670949
add_subarea_to_area 199707291 25211813
add_subarea_to_area 133065925 156823
add_subarea_to_area 150840853 1670949
add_subarea_to_area 133082424 1670949
add_subarea_to_area 25300571 296980
add_subarea_to_area 120491918 156823
add_subarea_to_area 199484835 25211865
add_subarea_to_area 133373990 96015769
add_subarea_to_area 148628044 445107
add_subarea_to_area 308917294 156823
add_subarea_to_area 150262694 96015769
add_subarea_to_area 27374914 11274418
add_subarea_to_area 199505343 27360296
add_subarea_to_area 146934305 25059305
add_subarea_to_area 211476069 1670949
add_subarea_to_area 150919034 96015769
add_subarea_to_area 136197011 187409207
add_subarea_to_area 25566728 1670949
add_subarea_to_area 147954678 445107
add_subarea_to_area 136913784 156823
add_subarea_to_area 336895562 116194264
add_subarea_to_area 133199328 1670949
add_subarea_to_area 133284169 2568293
add_subarea_to_area 163602342 156823
add_subarea_to_area 792162770 286405703
add_subarea_to_area 81109776 1670949
add_subarea_to_area 120858618 156823
add_subarea_to_area 136016271 156823
add_subarea_to_area 136016269 156823
add_subarea_to_area 150374543 96015769
add_subarea_to_area 136913797 136913794
add_subarea_to_area 150840881 1670949
add_subarea_to_area 484677988 31024899
add_subarea_to_area 638583979 96015769
add_subarea_to_area 163602370 156823
add_subarea_to_area 135790987 135790979
add_subarea_to_area 307671314 156823
add_subarea_to_area 338848687 156823
add_subarea_to_area 27374907 11274418
add_subarea_to_area 25059305 156823
add_subarea_to_area 81109746 1670949
add_subarea_to_area 116194300 116194264
add_subarea_to_area 116030179 445107
add_subarea_to_area 25601686 156823
add_subarea_to_area 115941444 156823
add_subarea_to_area 490159792 136012489
add_subarea_to_area 135956005 187409207
add_subarea_to_area 796240750 445107
add_subarea_to_area 133492389 133492384
add_subarea_to_area 240424047 2270669
add_subarea_to_area 150268669 96015769
add_subarea_to_area 135772543 156823
add_subarea_to_area 159353753 156823
add_subarea_to_area 159627787 156823
add_subarea_to_area 81109748 1670949
add_subarea_to_area 96586238 156823
add_subarea_to_area 115884132 156823
add_subarea_to_area 210579648 156823
add_subarea_to_area 81102808 191927701
add_subarea_to_area 135955951 187409207
add_subarea_to_area 485687997 135585265
add_subarea_to_area 163602367 156823
add_subarea_to_area 132734729 156823
add_subarea_to_area 160386136 81103340
add_subarea_to_area 148628051 445107
add_subarea_to_area 24681881 299861
add_subarea_to_area 27374857 27374844
add_subarea_to_area 124801347 96015769
add_subarea_to_area 133525716 1670949
add_subarea_to_area 588936526 11274418
add_subarea_to_area 147192017 156823
add_subarea_to_area 163682260 2270669
add_subarea_to_area 484545134 25211865
add_subarea_to_area 150920681 96015769
add_subarea_to_area 136197127 187409207
add_subarea_to_area 588864198 11274418
add_subarea_to_area 160398082 156823
add_subarea_to_area 39230600 1670949
add_subarea_to_area 135790985 135790971
add_subarea_to_area 135790992 156823
add_subarea_to_area 115548017 156823
add_subarea_to_area 81102819 2568293
add_subarea_to_area 484678016 484678018
add_subarea_to_area 159627768 156823
add_subarea_to_area 81111230 1670949
add_subarea_to_area 213207523 213207514
add_subarea_to_area 147305153 156823
add_subarea_to_area 115548004 156823
add_subarea_to_area 146655588 187409207
add_subarea_to_area 114977896 156823
add_subarea_to_area 135790973 156823
add_subarea_to_area 30957149 11274418
add_subarea_to_area 198613858 52597616
add_subarea_to_area 30958497 1670949
add_subarea_to_area 135506864 156823
add_subarea_to_area 150374537 96015769
add_subarea_to_area 199505337 27360296
add_subarea_to_area 133199278 1670949
add_subarea_to_area 338165246 156823
add_subarea_to_area 120456721 156823
add_subarea_to_area 120491922 156823
add_subarea_to_area 24327723 1670949
add_subarea_to_area 146978947 156823
add_subarea_to_area 159353816 156823
add_subarea_to_area 147954675 445107
add_subarea_to_area 136012524 187409207
add_subarea_to_area 124801335 96015769
add_subarea_to_area 42067143 156823
add_subarea_to_area 30958925 11274418
add_subarea_to_area 81102803 2568293
add_subarea_to_area 135790989 156823
add_subarea_to_area 212226357 96015769
add_subarea_to_area 147731656 156823
add_subarea_to_area 211476097 1670949
add_subarea_to_area 638583988 96015769
add_subarea_to_area 637618194 2568293
add_subarea_to_area 30958155 11274418
add_subarea_to_area 147314174 156823
add_subarea_to_area 133492388 2568293
add_subarea_to_area 128137444 96015769
add_subarea_to_area 81103329 1670949
add_subarea_to_area 132751799 156823
add_subarea_to_area 116030169 156823
add_subarea_to_area 150840885 1670949
add_subarea_to_area 146653620 187409207
add_subarea_to_area 135790991 135790973
add_subarea_to_area 81109757 1670949
add_subarea_to_area 136197040 187409207
add_subarea_to_area 159627766 156823
add_subarea_to_area 96585066 156823
add_subarea_to_area 133525691 2568293
add_subarea_to_area 135762644 156823
add_subarea_to_area 124809631 96015769
add_subarea_to_area 132960399 132960397
add_subarea_to_area 147173530 156823
add_subarea_to_area 116030180 156823
add_subarea_to_area 133082428 1670949
add_subarea_to_area 135904652 156823
add_subarea_to_area 81102804 2568293
add_subarea_to_area 588897402 11274418
add_subarea_to_area 133284206 2568293
add_subarea_to_area 146245273 156823
add_subarea_to_area 136118727 156823
add_subarea_to_area 163682268 187409207
add_subarea_to_area 588885318 11274418
add_subarea_to_area 133492353 1670949
add_subarea_to_area 116194230 116194264
add_subarea_to_area 792784050 27374844
add_subarea_to_area 210968286 96015769
add_subarea_to_area 135772481 156823
add_subarea_to_area 159353759 156823
add_subarea_to_area 163682290 163682292
add_subarea_to_area 146397650 187409207
add_subarea_to_area 25057371 11274418
add_subarea_to_area 25057542 1670949
add_subarea_to_area 133373980 96015769
add_subarea_to_area 120910865 156823
add_subarea_to_area 135772482 156823
add_subarea_to_area 136150053 187409207
add_subarea_to_area 124845808 96015769
add_subarea_to_area 199505336 27360048
add_subarea_to_area 163682262 187409207
add_subarea_to_area 148168964 445107
add_subarea_to_area 146812345 146812338
add_subarea_to_area 161684511 296980
add_subarea_to_area 146653601 156823
add_subarea_to_area 146655596 187409207
add_subarea_to_area 307672546 159353753
add_subarea_to_area 30958154 11274418
add_subarea_to_area 135772540 156823
add_subarea_to_area 146653633 187409207
add_subarea_to_area 199484817 25211865
add_subarea_to_area 160386139 2146212
add_subarea_to_area 116030184 156823
add_subarea_to_area 120491901 156823
add_subarea_to_area 220993097 156823
add_subarea_to_area 128137446 96015769
add_subarea_to_area 211476256 1670949
add_subarea_to_area 146245256 156823
add_subarea_to_area 124805494 96015769
add_subarea_to_area 638583992 96015769
add_subarea_to_area 588864187 11274418
add_subarea_to_area 147961806 445107
add_subarea_to_area 147721953 156823
add_subarea_to_area 114977914 156823
add_subarea_to_area 485051364 1670949
add_subarea_to_area 132734731 156823
add_subarea_to_area 136150048 156823
add_subarea_to_area 135772541 135772535
add_subarea_to_area 588864206 11274418
add_subarea_to_area 159627761 156823
add_subarea_to_area 120581586 156823
add_subarea_to_area 637618193 81024225
add_subarea_to_area 215576303 11274418
add_subarea_to_area 306675371 1670949
add_subarea_to_area 199484809 25211874
add_subarea_to_area 2146212 2568293
add_subarea_to_area 637618192 25059417
add_subarea_to_area 199477541 31023571
add_subarea_to_area 81103340 1670949
add_subarea_to_area 338165073 156823
add_subarea_to_area 337525725 156823
add_subarea_to_area 116030170 156823
add_subarea_to_area 30957376 1670949
add_subarea_to_area 794253963 445107
add_subarea_to_area 133525715 133525713
add_subarea_to_area 588885313 11274418
add_subarea_to_area 160406460 81102801
add_subarea_to_area 115548018 156823
add_subarea_to_area 159535893 156823
add_subarea_to_area 124877374 96015769
add_subarea_to_area 792637792 1670949
add_subarea_to_area 148168959 445107
add_subarea_to_area 146397662 156823
add_subarea_to_area 150376117 96015769
add_subarea_to_area 35743859 2270669
add_subarea_to_area 150098219 31029196
add_subarea_to_area 135790979 156823
add_subarea_to_area 52597509 1670949
add_subarea_to_area 81102821 2568293
add_subarea_to_area 27374883 11274418
add_subarea_to_area 159627800 156823
add_subarea_to_area 120910875 156823
add_subarea_to_area 135723588 156823
add_subarea_to_area 146245268 156823
add_subarea_to_area 150386586 96015769
add_subarea_to_area 133284163 156823
add_subarea_to_area 146245271 156823
add_subarea_to_area 120491899 156823
add_subarea_to_area 159374526 156823
add_subarea_to_area 133390395 96015769
add_subarea_to_area 146653594 187409207
add_subarea_to_area 213207531 1670949
add_subarea_to_area 25300569 296980
add_subarea_to_area 124806782 96015769
add_subarea_to_area 121269875 114997724
add_subarea_to_area 132960346 1670949
add_subarea_to_area 121269876 156823
add_subarea_to_area 163602351 299861
add_subarea_to_area 120852753 156823
add_subarea_to_area 212448518 96015769
add_subarea_to_area 132831278 156823
add_subarea_to_area 121269874 114997724
add_subarea_to_area 120456717 156823
add_subarea_to_area 135762650 156823
add_subarea_to_area 211476201 1670949
add_subarea_to_area 136150064 156823
add_subarea_to_area 121160866 187409207
add_subarea_to_area 638583982 96015769
add_subarea_to_area 124805496 96015769
add_subarea_to_area 132831280 156823
add_subarea_to_area 160406458 2568293
add_subarea_to_area 161465082 296980
add_subarea_to_area 796240752 445107
add_subarea_to_area 150111882 1670949
add_subarea_to_area 307672549 156823
add_subarea_to_area 132960396 156823
add_subarea_to_area 146934292 156823
add_subarea_to_area 306675368 1670949
add_subarea_to_area 114997698 156823
add_subarea_to_area 199484810 25211865
add_subarea_to_area 150111885 445107
add_subarea_to_area 211476189 96015769
add_subarea_to_area 159697644 156823
add_subarea_to_area 31023568 1670949
add_subarea_to_area 637113131 156823
add_subarea_to_area 159374499 6440634
add_subarea_to_area 115649197 156823
add_subarea_to_area 135904653 156823
add_subarea_to_area 115941451 156823
add_subarea_to_area 136118749 187409207
add_subarea_to_area 133390402 96015769
add_subarea_to_area 81111613 156823
add_subarea_to_area 29350406 29350377
add_subarea_to_area 81102810 191927701
add_subarea_to_area 136913800 156823
add_subarea_to_area 796240751 445107
add_subarea_to_area 136016276 156823
add_subarea_to_area 121160876 187409207
add_subarea_to_area 588864196 11274418
add_subarea_to_area 147173499 156823
add_subarea_to_area 136012494 187409207
add_subarea_to_area 120581557 156823
add_subarea_to_area 146653623 156823
add_subarea_to_area 25331891 1670949
add_subarea_to_area 116030176 156823
add_subarea_to_area 25057530 1670949
add_subarea_to_area 124805486 96015769
add_subarea_to_area 160406455 39230982
add_subarea_to_area 120858613 156823
add_subarea_to_area 778019539 156823
add_subarea_to_area 27374908 11274418
add_subarea_to_area 133065930 156823
add_subarea_to_area 211476100 1670949
add_subarea_to_area 147721929 445107
add_subarea_to_area 159627796 156823
add_subarea_to_area 199475550 1670949
add_subarea_to_area 25385054 96015769
add_subarea_to_area 120581589 156823
add_subarea_to_area 27374830 1670949
add_subarea_to_area 136913802 156823
add_subarea_to_area 30958917 156823
add_subarea_to_area 124842993 96015769
add_subarea_to_area 114997724 156823
add_subarea_to_area 199094791 31024877
add_subarea_to_area 484702982 1670949
add_subarea_to_area 135506991 156823
add_subarea_to_area 159374518 156823
add_subarea_to_area 135585265 156823
add_subarea_to_area 135772539 156823
add_subarea_to_area 132751801 156823
add_subarea_to_area 31023576 1670949
add_subarea_to_area 116030181 156823
add_subarea_to_area 163682249 187409207
add_subarea_to_area 30957153 1670949
add_subarea_to_area 81109752 1670949
add_subarea_to_area 136913796 156823
add_subarea_to_area 136913792 156823
add_subarea_to_area 132751850 132751849
add_subarea_to_area 150374542 96015769
add_subarea_to_area 136012515 136012489
add_subarea_to_area 132960400 132734734
add_subarea_to_area 81102809 2568293
add_subarea_to_area 146397657 25212483
add_subarea_to_area 81103319 2568293
add_subarea_to_area 159627804 156823
add_subarea_to_area 213207529 1670949
add_subarea_to_area 116296291 156823
add_subarea_to_area 160376053 29350377
add_subarea_to_area 336895560 156823
add_subarea_to_area 147961810 445107
add_subarea_to_area 135790947 156823
add_subarea_to_area 150376116 96015769
add_subarea_to_area 210968330 96015769
add_subarea_to_area 124805493 96015769
add_subarea_to_area 147721934 156823
add_subarea_to_area 338357084 156823
add_subarea_to_area 793536764 52597509
add_subarea_to_area 124805490 96015769
add_subarea_to_area 136815041 156823
add_subarea_to_area 31029201 52597509
add_subarea_to_area 161684521 296980
add_subarea_to_area 133492356 1670949
add_subarea_to_area 133525698 2568293
add_subarea_to_area 25057403 11274418
add_subarea_to_area 484693132 52597616
add_subarea_to_area 484723515 1670949
add_subarea_to_area 30958491 11274418
add_subarea_to_area 132831237 156823
add_subarea_to_area 148628049 445107
add_subarea_to_area 81109758 1670949
add_subarea_to_area 133525692 1670949
add_subarea_to_area 146397654 146397650
add_subarea_to_area 124801352 96015769
add_subarea_to_area 484677987 31024899
add_subarea_to_area 133341512 96015769
add_subarea_to_area 81102800 2568293
add_subarea_to_area 81103315 133492384
add_subarea_to_area 133492381 1670949
add_subarea_to_area 150374538 96015769
add_subarea_to_area 146812340 187409207
add_subarea_to_area 187409208 6440634
add_subarea_to_area 120491921 156823
add_subarea_to_area 136150055 136150063
add_subarea_to_area 588885326 1670949
add_subarea_to_area 484693105 286405703
add_subarea_to_area 135585304 156823
add_subarea_to_area 161684518 296980
add_subarea_to_area 588936506 11274418
add_subarea_to_area 146655581 187409207
add_subarea_to_area 114997716 114997689
add_subarea_to_area 146922037 187409207
add_subarea_to_area 132751791 156823
add_subarea_to_area 793264425 1670949
add_subarea_to_area 136012496 187409207
add_subarea_to_area 147191977 156823
add_subarea_to_area 144503431 96015769
add_subarea_to_area 147191982 156823
add_subarea_to_area 135585300 156823
add_subarea_to_area 638583985 96015769
add_subarea_to_area 147721935 156823
add_subarea_to_area 147308959 156823
add_subarea_to_area 163602349 156823
add_subarea_to_area 160481217 2147208
add_subarea_to_area 25059417 2568293
add_subarea_to_area 135790951 156823
add_subarea_to_area 159374516 156823
add_subarea_to_area 31023594 52597616
add_subarea_to_area 135723604 156823
add_subarea_to_area 27374844 1670949
add_subarea_to_area 146934307 25059305
add_subarea_to_area 124806784 96015769
add_subarea_to_area 792420353 1670949
add_subarea_to_area 25331993 1670949
add_subarea_to_area 133525699 1670949
add_subarea_to_area 484702981 1670949
add_subarea_to_area 778019537 156823
add_subarea_to_area 161684527 296980
add_subarea_to_area 81109784 1670949
add_subarea_to_area 135772492 156823
add_subarea_to_area 146934284 25059305
add_subarea_to_area 124805491 96015769
add_subarea_to_area 116030182 156823
add_subarea_to_area 108933843 156823
add_subarea_to_area 160386134 2146212
add_subarea_to_area 133082403 1670949
add_subarea_to_area 199094785 31024869
add_subarea_to_area 136815046 156823
add_subarea_to_area 30957152 1670949
add_subarea_to_area 159627763 156823
add_subarea_to_area 308917287 156823
add_subarea_to_area 150111868 445107
add_subarea_to_area 135772542 156823
add_subarea_to_area 190101997 1670949
add_subarea_to_area 146934324 25059305
add_subarea_to_area 133065940 156823
add_subarea_to_area 30957379 1670949
add_subarea_to_area 124877363 96015769
add_subarea_to_area 146397666 25212483
add_subarea_to_area 148628052 445107
add_subarea_to_area 30958492 11274418
add_subarea_to_area 146812350 146812338
add_subarea_to_area 159627782 156823
add_subarea_to_area 24394183 96015769
add_subarea_to_area 146934300 25059305
add_subarea_to_area 161684530 296980
add_subarea_to_area 150262683 96015769
add_subarea_to_area 159374621 156823
add_subarea_to_area 136118693 187409207
add_subarea_to_area 135585262 156823
add_subarea_to_area 120910860 156823
add_subarea_to_area 148168955 445107
add_subarea_to_area 30958914 445107
add_subarea_to_area 25212521 187409207
add_subarea_to_area 96585107 156823
add_subarea_to_area 115548031 156823
add_subarea_to_area 136118751 136118753
add_subarea_to_area 588885314 11274418
add_subarea_to_area 25300563 296980
add_subarea_to_area 125006694 96015769
add_subarea_to_area 150262695 96015769
add_subarea_to_area 133199334 1670949
add_subarea_to_area 150386580 96015769
add_subarea_to_area 81111625 156823
add_subarea_to_area 115941475 156823
add_subarea_to_area 150836979 1670949
add_subarea_to_area 25566760 1670949
add_subarea_to_area 199094786 31024877
add_subarea_to_area 35743858 2270669
add_subarea_to_area 146653593 187409207
add_subarea_to_area 160501863 1670949
add_subarea_to_area 135772477 187409207
add_subarea_to_area 588864185 11274418
add_subarea_to_area 81103633 2146212
add_subarea_to_area 133525717 1670949
add_subarea_to_area 588885325 11274418
add_subarea_to_area 306675370 1670949
add_subarea_to_area 133199332 1670949
add_subarea_to_area 159627785 156823
add_subarea_to_area 199505335 27360296
add_subarea_to_area 24681888 156823
add_subarea_to_area 588885323 11274418
add_subarea_to_area 146245255 156823
add_subarea_to_area 133321647 156823
add_subarea_to_area 146922044 156823
add_subarea_to_area 144503427 96015769
add_subarea_to_area 116296287 156823
add_subarea_to_area 133525702 2568293
add_subarea_to_area 637069650 156823
add_subarea_to_area 146245270 156823
add_subarea_to_area 81103622 2146212
add_subarea_to_area 794253961 445107
add_subarea_to_area 96585098 156823
add_subarea_to_area 133373988 96015769
add_subarea_to_area 30958916 156823
add_subarea_to_area 332632671 156823
add_subarea_to_area 146934233 156823
add_subarea_to_area 146812344 146812338
add_subarea_to_area 124805482 96015769
add_subarea_to_area 146653626 187409207
add_subarea_to_area 115941456 156823
add_subarea_to_area 81102806 2568293
add_subarea_to_area 160481225 637618194
add_subarea_to_area 135790971 156823
add_subarea_to_area 133390403 133390395
add_subarea_to_area 792162795 1670949
add_subarea_to_area 132734740 156823
add_subarea_to_area 215394598 1670949
add_subarea_to_area 135772479 156823
add_subarea_to_area 135790956 156823
add_subarea_to_area 160386130 81103340
add_subarea_to_area 146653635 146653623
add_subarea_to_area 147669339 156823
add_subarea_to_area 132960395 132960397
add_subarea_to_area 124801342 96015769
add_subarea_to_area 146812347 146812338
add_subarea_to_area 115548012 156823
add_subarea_to_area 825195736 11274418
add_subarea_to_area 81102798 2568293
add_subarea_to_area 115941460 156823
add_subarea_to_area 159627783 156823
add_subarea_to_area 136150042 156823
add_subarea_to_area 25300139 11274418
add_subarea_to_area 133065927 156823
add_subarea_to_area 30958930 52597509
add_subarea_to_area 124879110 96015769
add_subarea_to_area 147305302 156823
add_subarea_to_area 135790958 156823
add_subarea_to_area 121160875 187409207
add_subarea_to_area 132751798 156823
add_subarea_to_area 133284168 1670949
add_subarea_to_area 161684502 296980
add_subarea_to_area 30958915 156823
add_subarea_to_area 161684524 296980
add_subarea_to_area 27374929 11274418
add_subarea_to_area 161684531 296980
add_subarea_to_area 133525714 156823
add_subarea_to_area 135790957 156823
add_subarea_to_area 121160874 156823
add_subarea_to_area 136012498 136012494
add_subarea_to_area 114997713 114997689
add_subarea_to_area 133199280 1670949
add_subarea_to_area 306636959 96015769
add_subarea_to_area 81102805 2568293
add_subarea_to_area 136913799 156823
add_subarea_to_area 81111615 156823
add_subarea_to_area 210980295 96015769
add_subarea_to_area 23001912 156823
add_subarea_to_area 485393447 27374937
add_subarea_to_area 30958926 1670949
add_subarea_to_area 24626241 156823
add_subarea_to_area 199250477 31024868
add_subarea_to_area 133450594 1670949
add_subarea_to_area 135723605 156823
add_subarea_to_area 778050342 156823
add_subarea_to_area 133492390 133492384
add_subarea_to_area 146812343 187409207
add_subarea_to_area 588885316 11274418
add_subarea_to_area 794253962 445107
add_subarea_to_area 27374892 11274418
add_subarea_to_area 163602338 156823
add_subarea_to_area 120456720 120456719
add_subarea_to_area 484870215 1670949
add_subarea_to_area 147173506 156823
add_subarea_to_area 146934243 156823
add_subarea_to_area 120858577 156823
add_subarea_to_area 159353760 156823
add_subarea_to_area 338745689 156823
add_subarea_to_area 81109781 156823
add_subarea_to_area 30958912 156823
add_subarea_to_area 35743824 187409205
add_subarea_to_area 136150043 156823
add_subarea_to_area 337741622 156823
add_subarea_to_area 115548005 156823
add_subarea_to_area 114997651 114997689
add_subarea_to_area 146934282 156823
add_subarea_to_area 133390398 133390395
add_subarea_to_area 146653589 187409207
add_subarea_to_area 135956002 187409207
add_subarea_to_area 150840847 1670949
add_subarea_to_area 135762647 135762644
add_subarea_to_area 116296285 156823
add_subarea_to_area 199390701 31023606
add_subarea_to_area 222313723 156823
add_subarea_to_area 27374754 11274418
add_subarea_to_area 133390394 96015769
add_subarea_to_area 160386135 2146212
add_subarea_to_area 136118689 156823
add_subarea_to_area 121160865 156823
add_subarea_to_area 638583983 96015769
add_subarea_to_area 25550024 1670949
add_subarea_to_area 133525689 1670949
add_subarea_to_area 637130215 187409208
add_subarea_to_area 146848061 187409207
add_subarea_to_area 133065921 156823
add_subarea_to_area 135904650 156823
add_subarea_to_area 135790988 135790981
add_subarea_to_area 146978948 156823
add_subarea_to_area 146934298 25059305
add_subarea_to_area 136012519 187409207
add_subarea_to_area 792162771 286405703
add_subarea_to_area 163682250 187409207
add_subarea_to_area 81109782 1670949
add_subarea_to_area 81109772 1670949
add_subarea_to_area 133492358 1670949
add_subarea_to_area 310268281 187409207
add_subarea_to_area 136150052 187409207
add_subarea_to_area 150114469 11274418
add_subarea_to_area 121160867 121160868
add_subarea_to_area 203793332 156823
add_subarea_to_area 588864205 25057542
add_subarea_to_area 120491902 156823
add_subarea_to_area 132734780 81111241
add_subarea_to_area 588864213 11274418
add_subarea_to_area 81109783 1670949
add_subarea_to_area 135723581 156823
add_subarea_to_area 338258673 156823
add_subarea_to_area 136913803 156823
add_subarea_to_area 150845354 1670949
add_subarea_to_area 135790946 156823
add_subarea_to_area 588885324 11274418
add_subarea_to_area 35743857 2270669
add_subarea_to_area 136197008 187409207
add_subarea_to_area 215397736 1670949
add_subarea_to_area 133390399 133390395
add_subarea_to_area 159374639 156823
add_subarea_to_area 25550007 1670949
add_subarea_to_area 132751793 156823
add_subarea_to_area 150111874 445107
add_subarea_to_area 147173573 156823
add_subarea_to_area 146245231 156823
add_subarea_to_area 147731559 156823
add_subarea_to_area 2371980 6440634
add_subarea_to_area 159353726 156823
add_subarea_to_area 199520144 27360218
add_subarea_to_area 163682263 2270669
add_subarea_to_area 25058044 1670949
add_subarea_to_area 116296298 156823
add_subarea_to_area 211581453 1670949
add_subarea_to_area 31023564 1670949
add_subarea_to_area 485201842 1670949
add_subarea_to_area 136197033 187409207
add_subarea_to_area 199484846 25211865
add_subarea_to_area 147305263 156823
add_subarea_to_area 148169134 445107
add_subarea_to_area 211476075 1670949
add_subarea_to_area 147305178 156823
add_subarea_to_area 135772501 156823
add_subarea_to_area 136012487 136012494
add_subarea_to_area 588864181 11274418
add_subarea_to_area 30958919 156823
add_subarea_to_area 136118746 187409207
add_subarea_to_area 135370281 135370280
add_subarea_to_area 147721930 156823
add_subarea_to_area 115941472 156823
add_subarea_to_area 135723579 156823
add_subarea_to_area 25566738 11274418
add_subarea_to_area 116529160 156823
add_subarea_to_area 150098215 31029191
add_subarea_to_area 199484821 25211865
add_subarea_to_area 147721945 156823
add_subarea_to_area 133450576 1670949
add_subarea_to_area 120858598 156823
add_subarea_to_area 161684515 296980
add_subarea_to_area 792420333 1670949
add_subarea_to_area 132960347 156823
add_subarea_to_area 490159794 136012489
add_subarea_to_area 135790986 135790973
add_subarea_to_area 213207512 213207514
add_subarea_to_area 115536832 156823
add_subarea_to_area 163602350 299861
add_subarea_to_area 159627792 159627790
add_subarea_to_area 79529183 191071075
add_subarea_to_area 135762649 135762644
add_subarea_to_area 159627769 156823
add_subarea_to_area 133082423 133082429
add_subarea_to_area 148168963 445107
add_subarea_to_area 215394597 1670949
add_subarea_to_area 133525700 1670949
add_subarea_to_area 116218959 156823
add_subarea_to_area 115086985 1670949
add_subarea_to_area 135370282 135370280
add_subarea_to_area 115649199 156823
add_subarea_to_area 161684512 296980
add_subarea_to_area 135762656 135762644
add_subarea_to_area 161465079 296980
add_subarea_to_area 199484814 25211865
add_subarea_to_area 338165438 156823
add_subarea_to_area 161465078 296980
add_subarea_to_area 116296293 156823
add_subarea_to_area 150386587 96015769
add_subarea_to_area 310268277 187409207
add_subarea_to_area 136150051 156823
add_subarea_to_area 150920683 96015769
add_subarea_to_area 146653595 187409207
add_subarea_to_area 30958493 11274418
add_subarea_to_area 588936527 11274418
add_subarea_to_area 160481201 2147208
add_subarea_to_area 146397645 156823
add_subarea_to_area 160481223 25059417
add_subarea_to_area 161684503 296980
add_subarea_to_area 159699468 156823
add_subarea_to_area 132734743 156823
add_subarea_to_area 146397660 156823
add_subarea_to_area 133199323 1670949
add_subarea_to_area 146812351 187409207
add_subarea_to_area 120858609 120858565
add_subarea_to_area 135955957 156823
add_subarea_to_area 136150046 156823
add_subarea_to_area 136016267 156823
add_subarea_to_area 484545136 25211865
add_subarea_to_area 115941458 156823
add_subarea_to_area 30958913 156823
add_subarea_to_area 199477542 1670949
add_subarea_to_area 484693106 286405703
add_subarea_to_area 135762654 135762644
add_subarea_to_area 150374531 96015769
add_subarea_to_area 147192025 147192017
add_subarea_to_area 159556590 187409208
add_subarea_to_area 136815044 156823
add_subarea_to_area 213207506 1670949
add_subarea_to_area 124801350 96015769
add_subarea_to_area 25385107 96015769
add_subarea_to_area 150386582 96015769
add_subarea_to_area 29350989 296980
add_subarea_to_area 199390704 31023606
add_subarea_to_area 136118691 156823
add_subarea_to_area 81109774 81109753
add_subarea_to_area 133199333 133199321
add_subarea_to_area 635885486 156823
add_subarea_to_area 161465092 296980
add_subarea_to_area 133199271 1670949
add_subarea_to_area 120858565 156823
add_subarea_to_area 27374957 11274418
add_subarea_to_area 637618195 1670949
add_subarea_to_area 31024882 31024877
add_subarea_to_area 159627770 156823
add_subarea_to_area 212762577 156823
add_subarea_to_area 160398086 2568293
add_subarea_to_area 159353739 156823
add_subarea_to_area 146655582 187409207
add_subarea_to_area 148168957 445107
add_subarea_to_area 150840851 1670949
add_subarea_to_area 25601653 445107
add_subarea_to_area 163602348 299861
add_subarea_to_area 39233073 2568293
add_subarea_to_area 371547855 2146212
add_subarea_to_area 211581388 1670949
add_subarea_to_area 161465090 296980
add_subarea_to_area 25212491 187409207
add_subarea_to_area 135904671 156823
add_subarea_to_area 31029190 31029189
add_subarea_to_area 159535892 156823
add_subarea_to_area 133373994 96015769
add_subarea_to_area 30957158 1670949
add_subarea_to_area 150374532 96015769
add_subarea_to_area 146934320 156823
add_subarea_to_area 150374545 96015769
add_subarea_to_area 132960394 156823
add_subarea_to_area 588885317 11274418
add_subarea_to_area 135790945 156823
add_subarea_to_area 147305173 156823
add_subarea_to_area 135904645 156823
add_subarea_to_area 30957381 11274418
add_subarea_to_area 135904669 156823
add_subarea_to_area 136012488 136012494
add_subarea_to_area 146653616 156823
add_subarea_to_area 124806786 96015769
add_subarea_to_area 222312685 156823
add_subarea_to_area 81109778 1670949
add_subarea_to_area 132751795 156823
add_subarea_to_area 135723580 156823
add_subarea_to_area 30957157 1670949
add_subarea_to_area 637069648 156823
add_subarea_to_area 485393448 27374937
add_subarea_to_area 135904649 156823
add_subarea_to_area 132734738 156823
add_subarea_to_area 163682291 187409207
add_subarea_to_area 124805488 96015769
add_subarea_to_area 133199325 2568293
add_subarea_to_area 115646942 156823
add_subarea_to_area 163602344 299861
add_subarea_to_area 135762645 135762644
add_subarea_to_area 159697544 156823
add_subarea_to_area 133199337 1670949
add_subarea_to_area 30958494 11274418
add_subarea_to_area 213207502 1670949
add_subarea_to_area 147173537 156823
add_subarea_to_area 133199329 1670949
add_subarea_to_area 336264622 23001885
add_subarea_to_area 588864207 11274418
add_subarea_to_area 135429523 1670949
add_subarea_to_area 160406452 191927701
add_subarea_to_area 211461683 1670949
add_subarea_to_area 338165439 156823
add_subarea_to_area 115548008 156823
add_subarea_to_area 159374524 156823
add_subarea_to_area 136197012 187409207
add_subarea_to_area 135790984 156823
add_subarea_to_area 191071075 1670949
add_subarea_to_area 161684516 296980
add_subarea_to_area 213207511 1670949
add_subarea_to_area 160406454 81102801
add_subarea_to_area 160398085 2568293
add_subarea_to_area 199477539 1670949
add_subarea_to_area 135429510 135429512
add_subarea_to_area 133450580 1670949
add_subarea_to_area 163602364 299861
add_subarea_to_area 81103336 2568293
add_subarea_to_area 160481209 2147208
add_subarea_to_area 81102813 2568293
add_subarea_to_area 135772473 156823
add_subarea_to_area 160398087 2568293
add_subarea_to_area 147314172 156823
add_subarea_to_area 150840883 1670949
add_subarea_to_area 160406457 2568293
add_subarea_to_area 146934311 146934293
add_subarea_to_area 215393437 1670949
add_subarea_to_area 120910861 156823
add_subarea_to_area 146653607 187409207
add_subarea_to_area 159627805 159627789
add_subarea_to_area 81109762 96015769
add_subarea_to_area 588864215 11274418
add_subarea_to_area 792420350 1670949
add_subarea_to_area 133450588 1670949
add_subarea_to_area 135955974 187409207
add_subarea_to_area 120852718 156823
add_subarea_to_area 133199324 1670949
add_subarea_to_area 136012500 187409207
add_subarea_to_area 485201848 1670949
add_subarea_to_area 146653614 187409207
add_subarea_to_area 81111225 81111241
add_subarea_to_area 88323033 156823
add_subarea_to_area 25058077 96015769
add_subarea_to_area 150098204 22901399
add_subarea_to_area 135955953 187409207
add_subarea_to_area 135772516 156823
add_subarea_to_area 135505808 296980
add_subarea_to_area 23001881 156823
add_subarea_to_area 160386125 81103340
add_subarea_to_area 133082429 1670949
add_subarea_to_area 161684520 296980
add_subarea_to_area 146653619 187409207
add_subarea_to_area 29350878 296980
add_subarea_to_area 147173583 156823
add_subarea_to_area 159699475 156823
add_subarea_to_area 215579091 215578349
add_subarea_to_area 128133096 96015769
add_subarea_to_area 162763330 296980
add_subarea_to_area 793536763 52597509
add_subarea_to_area 147173581 147173573
add_subarea_to_area 146397665 156823
add_subarea_to_area 588864208 11274418
add_subarea_to_area 135585260 156823
add_subarea_to_area 637618196 1670949
add_subarea_to_area 96586239 156823
add_subarea_to_area 146397635 187409207
add_subarea_to_area 337415067 156823
add_subarea_to_area 120858621 156823
add_subarea_to_area 136012499 136012494
add_subarea_to_area 588864209 11274418
add_subarea_to_area 120858599 156823
add_subarea_to_area 135772505 156823
add_subarea_to_area 30958151 11274418
add_subarea_to_area 133065928 156823
add_subarea_to_area 146848077 187409207
add_subarea_to_area 146653615 146653607
add_subarea_to_area 136150063 156823
add_subarea_to_area 338848686 156823
add_subarea_to_area 146934318 156823
add_subarea_to_area 175774659 175774657
add_subarea_to_area 136913798 156823
add_subarea_to_area 484545132 25211865
add_subarea_to_area 135904646 156823
add_subarea_to_area 135585302 156823
add_subarea_to_area 135956004 187409207
add_subarea_to_area 159374508 156823
add_subarea_to_area 161465076 296980
add_subarea_to_area 588864183 11274418
add_subarea_to_area 211476103 1670949
add_subarea_to_area 133199279 2568293
add_subarea_to_area 147721927 156823
add_subarea_to_area 147954720 445107
add_subarea_to_area 132960397 1670949
add_subarea_to_area 159699461 156823
add_subarea_to_area 150374534 96015769
add_subarea_to_area 136012490 136012489
add_subarea_to_area 29350809 296980
add_subarea_to_area 135505795 296980
add_subarea_to_area 146653625 187409207
add_subarea_to_area 588864216 11274418
add_subarea_to_area 31023573 31023571
add_subarea_to_area 135790993 156823
add_subarea_to_area 159353722 156823
add_subarea_to_area 792420348 1670949
add_subarea_to_area 118640877 156823
add_subarea_to_area 133284204 2568293
add_subarea_to_area 133341498 96015769
add_subarea_to_area 135790981 156823
add_subarea_to_area 199707289 25211745
add_subarea_to_area 307672547 156823
add_subarea_to_area 159353740 156823
add_subarea_to_area 121160864 156823
add_subarea_to_area 133525694 1670949
add_subarea_to_area 147721937 156823
add_subarea_to_area 29350814 296980
add_subarea_to_area 136118708 187409207
add_subarea_to_area 161465089 296980
add_subarea_to_area 159353732 156823
add_subarea_to_area 148168956 445107
add_subarea_to_area 27374937 1670949
add_subarea_to_area 23001862 156823
add_subarea_to_area 135505806 296980
add_subarea_to_area 150374541 96015769
add_subarea_to_area 637383416 156823
add_subarea_to_area 146653600 187409207
add_subarea_to_area 199484837 25211865
add_subarea_to_area 115548021 156823
add_subarea_to_area 160386126 81103340
add_subarea_to_area 81111237 1670949
add_subarea_to_area 417913885 1670949
add_subarea_to_area 337741644 156823
add_subarea_to_area 133450575 1670949
add_subarea_to_area 223375173 156823
add_subarea_to_area 132751796 156823
add_subarea_to_area 588897405 11274418
add_subarea_to_area 133199272 2568293
add_subarea_to_area 215472458 1670949
add_subarea_to_area 25059352 1670949
add_subarea_to_area 146812338 187409207
add_subarea_to_area 124879111 96015769
add_subarea_to_area 160398084 2568293
add_subarea_to_area 150374533 96015769
add_subarea_to_area 133284166 2568293
add_subarea_to_area 136197128 156823
add_subarea_to_area 144503438 96015769
add_subarea_to_area 160386142 81103329
add_subarea_to_area 24327715 96015769
add_subarea_to_area 124877369 96015769
add_subarea_to_area 146848065 187409207
add_subarea_to_area 132751800 156823
add_subarea_to_area 146812301 187409207
add_subarea_to_area 132751849 156823
add_subarea_to_area 120581588 156823
add_subarea_to_area 484545135 25211865
add_subarea_to_area 136150060 156823
add_subarea_to_area 159374620 156823
add_subarea_to_area 136012489 187409207
add_subarea_to_area 120852752 156823
add_subarea_to_area 146397656 146397635
add_subarea_to_area 148168958 445107
add_subarea_to_area 160386138 81103340
add_subarea_to_area 825195735 11274418
add_subarea_to_area 825195734 11274418
add_subarea_to_area 116296295 156823
add_subarea_to_area 31023561 1670949
add_subarea_to_area 588864184 11274418
add_subarea_to_area 81112138 1670949
add_subarea_to_area 120852748 156823
add_subarea_to_area 25300127 11274418
add_subarea_to_area 147305170 156823
add_subarea_to_area 27096797 1670949
add_subarea_to_area 211439452 1670949
add_subarea_to_area 30958921 156823
add_subarea_to_area 148169133 445107
add_subarea_to_area 115548006 156823
add_subarea_to_area 146397661 25212483
add_subarea_to_area 116529166 156823
add_subarea_to_area 30958153 11274418
add_subarea_to_area 136913794 156823
add_subarea_to_area 211476271 1670949
add_subarea_to_area 144503426 96015769
add_subarea_to_area 124879116 96015769
add_subarea_to_area 147173512 156823
add_subarea_to_area 146934238 156823
add_subarea_to_area 124879118 96015769
add_subarea_to_area 124809638 96015769
add_subarea_to_area 135956001 156823
add_subarea_to_area 135762651 135762644
add_subarea_to_area 146655597 146655593
add_subarea_to_area 124805498 96015769
add_subarea_to_area 81103639 2568293
add_subarea_to_area 124879113 96015769
add_subarea_to_area 588897404 11274418
add_subarea_to_area 490159780 146655593
add_subarea_to_area 215576304 1670949
add_subarea_to_area 146245266 156823
add_subarea_to_area 133373991 96015769
add_subarea_to_area 120858612 156823
add_subarea_to_area 120491915 156823
add_subarea_to_area 588864191 11274418
add_subarea_to_area 11274418 1670949
add_subarea_to_area 120581563 156823
add_subarea_to_area 135505787 296980
add_subarea_to_area 337415070 156823
add_subarea_to_area 133373992 96015769
add_subarea_to_area 135904668 156823
add_subarea_to_area 160481221 25059417
add_subarea_to_area 78352452 156823
add_subarea_to_area 337442904 156823
add_subarea_to_area 199484827 25211865
add_subarea_to_area 81103629 2568293
add_subarea_to_area 116296286 156823
add_subarea_to_area 638583987 96015769
add_subarea_to_area 146655593 187409207
add_subarea_to_area 116194310 116194264
add_subarea_to_area 146655577 187409207
add_subarea_to_area 136012491 136012489
add_subarea_to_area 132831276 156823
add_subarea_to_area 135505789 296980
add_subarea_to_area 793364450 1670949
add_subarea_to_area 136118747 136118753
add_subarea_to_area 215394382 1670949
add_subarea_to_area 162763339 296980
add_subarea_to_area 588864214 11274418
add_subarea_to_area 133390397 133390395
add_subarea_to_area 147954715 156823
add_subarea_to_area 159374645 6440634
add_subarea_to_area 135585264 156823
add_subarea_to_area 31023574 31023571
add_subarea_to_area 371547856 2146212
add_subarea_to_area 638583978 96015769
add_subarea_to_area 484723523 1670949
add_subarea_to_area 160386137 1670949
add_subarea_to_area 135723611 156823
add_subarea_to_area 124795354 96015769
add_subarea_to_area 175774653 187409207
add_subarea_to_area 146934313 25059305
add_subarea_to_area 588897406 11274418
add_subarea_to_area 336703374 156823
add_subarea_to_area 161684514 296980
add_subarea_to_area 160376049 29350377
add_subarea_to_area 136012513 136012500
add_subarea_to_area 132734742 156823
add_subarea_to_area 133284203 156823
add_subarea_to_area 159627762 159627786
add_subarea_to_area 588936525 11274418
add_subarea_to_area 484693131 52597616
add_subarea_to_area 115646920 156823
add_subarea_to_area 121287481 187409205
add_subarea_to_area 132831227 156823
add_subarea_to_area 159627789 156823
add_subarea_to_area 81109761 1670949
add_subarea_to_area 81111223 81111241
add_subarea_to_area 135762648 135762644
add_subarea_to_area 159374643 156823
add_subarea_to_area 588885322 11274418
add_subarea_to_area 135790950 156823
add_subarea_to_area 199707290 25211813
add_subarea_to_area 146655589 146655593
add_subarea_to_area 215578349 11274418
add_subarea_to_area 792784047 52597509
add_subarea_to_area 27374880 11274418
add_subarea_to_area 146653639 156823
add_subarea_to_area 121269877 121269878
add_subarea_to_area 128133094 96015769
add_subarea_to_area 24394089 96015769
add_subarea_to_area 30958158 11274418
add_subarea_to_area 160481218 25059417
add_subarea_to_area 42121147 187409207
add_subarea_to_area 133525703 2568293
add_subarea_to_area 81103625 2146212
add_subarea_to_area 135772537 156823
add_subarea_to_area 81109754 25058299
add_subarea_to_area 135772485 156823
add_subarea_to_area 213207514 1670949
add_subarea_to_area 306675373 1670949
add_subarea_to_area 147314133 156823
add_subarea_to_area 792784049 27374844
add_subarea_to_area 120858582 156823
add_subarea_to_area 215582530 1670949
add_subarea_to_area 160386143 81103327
add_subarea_to_area 29350875 296980
add_subarea_to_area 161684501 296980
add_subarea_to_area 132734735 156823
add_subarea_to_area 150824773 1670949
add_subarea_to_area 203866312 156823
add_subarea_to_area 135790948 156823
add_subarea_to_area 135585299 156823
add_subarea_to_area 133390377 96015769
add_subarea_to_area 96585075 156823
add_subarea_to_area 2568293 190273504
add_subarea_to_area 39230982 2568293
add_subarea_to_area 116030186 156823
add_subarea_to_area 135506863 156823
add_subarea_to_area 212448520 96015769
add_subarea_to_area 133199330 1670949
add_subarea_to_area 132734726 156823
add_subarea_to_area 236091172 156823
add_subarea_to_area 136197041 156823
add_subarea_to_area 124809636 96015769
add_subarea_to_area 161684526 296980
add_subarea_to_area 133450585 1670949
add_subarea_to_area 30958160 11274418
add_subarea_to_area 337851596 156823
add_subarea_to_area 637113141 156823
add_subarea_to_area 27096790 11274418
add_subarea_to_area 161684517 296980
add_subarea_to_area 160398083 1670949
add_subarea_to_area 159627797 156823
add_subarea_to_area 146158474 156823
add_subarea_to_area 163602365 299861
add_subarea_to_area 588864193 11274418
add_subarea_to_area 160481202 2568293
add_subarea_to_area 30958159 11274418
add_subarea_to_area 150268667 96015769
add_subarea_to_area 121160873 156823
add_subarea_to_area 338165245 156823
add_subarea_to_area 160501859 1670949
add_subarea_to_area 124805484 96015769
add_subarea_to_area 161684519 296980
add_subarea_to_area 147305304 156823
add_subarea_to_area 30958496 1670949
add_subarea_to_area 213207520 213207514
add_subarea_to_area 199392655 31024877
add_subarea_to_area 199505333 27360296
add_subarea_to_area 146934310 25059305
add_subarea_to_area 307705612 159374508
add_subarea_to_area 159374634 156823
add_subarea_to_area 161465080 296980
add_subarea_to_area 133284207 2568293
add_subarea_to_area 116529159 156823
add_subarea_to_area 135585305 156823
add_subarea_to_area 306675372 1670949
add_subarea_to_area 147192021 147192017
add_subarea_to_area 307671310 156823
add_subarea_to_area 147958793 445107
add_subarea_to_area 132751797 156823
add_subarea_to_area 485051365 1670949
add_subarea_to_area 147192022 147192017
add_subarea_to_area 144503430 96015769
add_subarea_to_area 132736032 156823
add_subarea_to_area 490159793 136012489
add_subarea_to_area 150268673 96015769
add_subarea_to_area 147191979 156823
add_subarea_to_area 148168952 445107
add_subarea_to_area 150098193 52597509
add_subarea_to_area 124801334 96015769
add_subarea_to_area 135762653 135762644
add_subarea_to_area 159374484 156823
add_subarea_to_area 135790949 156823
add_subarea_to_area 96585132 156823
add_subarea_to_area 124805492 96015769
add_subarea_to_area 146653631 187409207
add_subarea_to_area 81102817 191927701
add_subarea_to_area 120852747 156823
add_subarea_to_area 338813386 156823
add_subarea_to_area 338434647 156823
add_subarea_to_area 120858597 156823
add_subarea_to_area 30958149 11274418
add_subarea_to_area 147173570 147173571
add_subarea_to_area 136012522 187409207
add_subarea_to_area 148168965 445107
add_subarea_to_area 147954716 445107
add_subarea_to_area 199094788 31024869
add_subarea_to_area 146934315 156823
add_subarea_to_area 136118753 187409207
add_subarea_to_area 114997689 156823
add_subarea_to_area 133065920 156823
add_subarea_to_area 146397668 187409207
add_subarea_to_area 116296280 156823
add_subarea_to_area 638583981 96015769
add_subarea_to_area 490159779 146655593
add_subarea_to_area 115548010 156823
add_subarea_to_area 29350886 296980
add_subarea_to_area 163602366 156823
add_subarea_to_area 116030174 156823
add_subarea_to_area 121160868 187409207
add_subarea_to_area 792420352 1670949
add_subarea_to_area 132734737 156823
add_subarea_to_area 81103327 1670949
add_subarea_to_area 133450589 1670949
add_subarea_to_area 114997658 156823
add_subarea_to_area 124879114 96015769
add_subarea_to_area 30958920 156823
add_subarea_to_area 25058299 96015769
add_subarea_to_area 124842988 96015769
add_subarea_to_area 120491900 156823
add_subarea_to_area 3080900 156823
add_subarea_to_area 147314145 156823
add_subarea_to_area 133451141 1670949
add_subarea_to_area 35743860 2270669
add_subarea_to_area 307671307 156823
add_subarea_to_area 485557851 156823
add_subarea_to_area 150845363 1670949
add_subarea_to_area 638583993 96015769
add_subarea_to_area 635774085 156823
add_subarea_to_area 30958157 11274418
add_subarea_to_area 96586240 156823
add_subarea_to_area 163602346 156823
add_subarea_to_area 310249531 187409207
add_subarea_to_area 306675375 1670949
add_subarea_to_area 120491919 156823
add_subarea_to_area 116296284 156823
add_subarea_to_area 136118731 156823
add_subarea_to_area 135762640 156823
add_subarea_to_area 115649196 156823
add_subarea_to_area 135762657 156823
add_subarea_to_area 338848685 156823
add_subarea_to_area 124805487 96015769
add_subarea_to_area 115548023 156823
add_subarea_to_area 199484807 25211865
add_subarea_to_area 484545133 25211865
add_subarea_to_area 792420349 1670949
add_subarea_to_area 160386131 81103340
add_subarea_to_area 120456719 156823
add_subarea_to_area 638583989 96015769
add_subarea_to_area 484693133 52597616
add_subarea_to_area 27374874 11274418
add_subarea_to_area 135772470 156823
add_subarea_to_area 135429520 29350593
add_subarea_to_area 120858605 156823
add_subarea_to_area 484545125 484545126
add_subarea_to_area 30957377 445107
add_subarea_to_area 160406453 2568293
add_subarea_to_area 147173571 156823
add_subarea_to_area 159699462 156823
add_subarea_to_area 147721949 156823
add_subarea_to_area 163602343 299861
add_subarea_to_area 136012521 187409207
add_subarea_to_area 187409205 156823
add_subarea_to_area 159697577 156823
add_subarea_to_area 132734741 156823
add_subarea_to_area 211476064 1670949
add_subarea_to_area 146397659 146397667
add_subarea_to_area 146245269 156823
add_subarea_to_area 484545131 25211865
add_subarea_to_area 124805495 96015769
add_subarea_to_area 136197067 156823
add_subarea_to_area 133065905 156823
add_subarea_to_area 30957156 1670949
add_subarea_to_area 147954680 445107
add_subarea_to_area 30957382 11274418
add_subarea_to_area 163602352 299861
add_subarea_to_area 120491898 156823
add_subarea_to_area 135762652 135762644
add_subarea_to_area 240424046 187409207
add_subarea_to_area 222622897 133082403
add_subarea_to_area 307527320 187409208
add_subarea_to_area 135585259 156823
add_subarea_to_area 135762655 135762644
add_subarea_to_area 148168961 445107
add_subarea_to_area 120910862 156823
add_subarea_to_area 133450579 1670949
add_subarea_to_area 81024230 2568293
add_subarea_to_area 135762638 135762644
add_subarea_to_area 160386132 2146212
add_subarea_to_area 160386141 81103340
add_subarea_to_area 132751794 156823
add_subarea_to_area 135723607 156823
add_subarea_to_area 150111865 445107
add_subarea_to_area 133525713 1670949
add_subarea_to_area 136118723 156823
add_subarea_to_area 199390702 31023603
add_subarea_to_area 338434640 120581557
add_subarea_to_area 136118704 156823
add_subarea_to_area 27374869 11274418
add_subarea_to_area 132960401 1670949
add_subarea_to_area 147192019 156823
add_subarea_to_area 484677986 31024877
add_subarea_to_area 160386129 2146212
add_subarea_to_area 211476242 1670949
add_subarea_to_area 81109769 1670949
add_subarea_to_area 27374917 11274418
add_subarea_to_area 150262693 96015769
add_subarea_to_area 136197064 156823
add_subarea_to_area 81111241 156823
add_subarea_to_area 135723586 156823
add_subarea_to_area 135955999 156823
add_subarea_to_area 135762639 156823
add_subarea_to_area 132831238 156823
add_subarea_to_area 160386111 2146212
add_subarea_to_area 124877362 96015769
add_subarea_to_area 133341500 96015769
add_subarea_to_area 124801339 96015769
add_subarea_to_area 31023626 25211874
add_subarea_to_area 120910857 156823
add_subarea_to_area 588864186 11274418
add_subarea_to_area 588897403 11274418
add_subarea_to_area 136150056 156823
add_subarea_to_area 135955997 187409207
add_subarea_to_area 147173503 156823
add_subarea_to_area 135439765 1670949
add_subarea_to_area 135955958 187409207
add_subarea_to_area 159374636 156823
add_subarea_to_area 135429517 29350593
add_subarea_to_area 133082426 133082429
add_subarea_to_area 160501852 1670949
add_subarea_to_area 146922029 187409207
add_subarea_to_area 146655585 187409207
add_subarea_to_area 306636963 96015769
add_subarea_to_area 147961804 445107
add_subarea_to_area 160498601 1670949
add_subarea_to_area 135955998 187409207
add_subarea_to_area 338532146 187409207
add_subarea_to_area 338165440 156823
add_subarea_to_area 490159787 187409207
add_subarea_to_area 133284205 156823
add_subarea_to_area 116296282 156823
add_subarea_to_area 160481210 25059364
add_subarea_to_area 159374496 156823
add_subarea_to_area 147731655 156823
add_subarea_to_area 147191976 156823
add_subarea_to_area 115548026 156823
add_subarea_to_area 288591050 156823
add_subarea_to_area 31023571 1670949
add_subarea_to_area 159627806 156823
add_subarea_to_area 120858607 120858565
add_subarea_to_area 484702983 1670949
add_subarea_to_area 25212483 187409207
add_subarea_to_area 136815060 156823
add_subarea_to_area 115941469 156823
add_subarea_to_area 637618197 1670949
add_subarea_to_area 485393467 156823
add_subarea_to_area 132751792 156823
add_subarea_to_area 638583984 96015769
add_subarea_to_area 160481224 81109764
add_subarea_to_area 25211867 25211865
add_subarea_to_area 160406456 81102801
add_subarea_to_area 135506846 156823
add_subarea_to_area 135429511 1670949
add_subarea_to_area 135955973 187409207
add_subarea_to_area 120852750 156823
add_subarea_to_area 116030175 156823
add_subarea_to_area 147173528 156823
add_subarea_to_area 307771080 187409207
add_subarea_to_area 81102816 2568293
add_subarea_to_area 135723587 156823
add_subarea_to_area 163602371 299861
add_subarea_to_area 35743820 2270668
add_subarea_to_area 116529165 156823
add_subarea_to_area 160481208 81109764
add_subarea_to_area 136815045 156823
add_subarea_to_area 25550002 1670949
add_subarea_to_area 147721951 156823
add_subarea_to_area 116296294 156823
add_subarea_to_area 133199327 1670949
add_subarea_to_area 116030173 156823
add_subarea_to_area 306636960 96015769
add_subarea_to_area 124842992 96015769
add_subarea_to_area 133391830 2568293
add_subarea_to_area 170718861 2270668
add_subarea_to_area 115548015 156823
add_subarea_to_area 133450593 1670949
add_subarea_to_area 115096192 96015769
add_subarea_to_area 135723608 156823
add_subarea_to_area 96585127 156823
add_subarea_to_area 81102799 2568293
add_subarea_to_area 588864212 11274418
add_subarea_to_area 136016268 156823
add_subarea_to_area 81102811 81102805
add_subarea_to_area 150403349 156823
add_subarea_to_area 147192024 156823
add_subarea_to_area 29350353 1670949
add_subarea_to_area 136012456 187409207
add_subarea_to_area 638583980 96015769
add_subarea_to_area 159627807 159627791
add_subarea_to_area 159627790 156823
